W0813 06:23:31.454000 30619 site-packages/torch/distributed/run.py:874] 
W0813 06:23:31.454000 30619 site-packages/torch/distributed/run.py:874] *****************************************
W0813 06:23:31.454000 30619 site-packages/torch/distributed/run.py:874] Setting OMP_NUM_THREADS environment variable for each process to be 1 in default, to avoid your system being overloaded, please further tune the variable for optimal performance in your application as needed. 
W0813 06:23:31.454000 30619 site-packages/torch/distributed/run.py:874] *****************************************
KNOBS {'mma_tiler_mnk': (256, 64, 256), 'cluster_shape_mnk': (2, 1, 1), 'group_hint': 512, 'flag_batch': 4, 'epi_flag_batch': (1, 2), 'token_back_mode': 'epi_warps', 'load_balance_mode': 'static'}
BITEXACT rank=1 exact=True max|d|=0
BITEXACT rank=3 exact=True max|d|=0
BITEXACT rank=4 exact=True max|d|=0
BITEXACT rank=7 exact=True max|d|=0
BITEXACT rank=5 exact=True max|d|=0
BITEXACT rank=6 exact=True max|d|=0
BITEXACT rank=0 exact=True max|d|=0
MANIFEST warmup mode=bench tokens=128 combine=bf16 ikr=False experts=384 topk=6 h=7168 i=3072
BITEXACT rank=2 exact=True max|d|=0
BITEXACT-VIEW rank=2 exact=True max|d|=0BITEXACT-VIEW rank=1 exact=True max|d|=0

BITEXACT-VIEW rank=6 exact=True max|d|=0
BITEXACT-VIEW rank=7 exact=True max|d|=0
BITEXACT-VIEW rank=0 exact=True max|d|=0
BITEXACT-VIEW rank=5 exact=True max|d|=0
BITEXACT-VIEW rank=4 exact=True max|d|=0
BITEXACT-VIEW rank=3 exact=True max|d|=0
/home/brayden/iket-lab/flashinfer/flashinfer/testing/utils.py:1660: UserWarning: CUPTI is not installed. Try 'pip install -U cupti-python'. Falling back to CUDA events for benchmarking.
  return bench_gpu_time_with_cupti(
/home/brayden/iket-lab/flashinfer/flashinfer/testing/utils.py:1660: UserWarning: CUPTI is not installed. Try 'pip install -U cupti-python'. Falling back to CUDA events for benchmarking.
  return bench_gpu_time_with_cupti(
/home/brayden/iket-lab/flashinfer/flashinfer/testing/utils.py:1660: UserWarning: CUPTI is not installed. Try 'pip install -U cupti-python'. Falling back to CUDA events for benchmarking.
  return bench_gpu_time_with_cupti(
/home/brayden/iket-lab/flashinfer/flashinfer/testing/utils.py:1660: UserWarning: CUPTI is not installed. Try 'pip install -U cupti-python'. Falling back to CUDA events for benchmarking.
  return bench_gpu_time_with_cupti(
/home/brayden/iket-lab/flashinfer/flashinfer/testing/utils.py:1660: UserWarning: CUPTI is not installed. Try 'pip install -U cupti-python'. Falling back to CUDA events for benchmarking.
  return bench_gpu_time_with_cupti(
/home/brayden/iket-lab/flashinfer/flashinfer/testing/utils.py:1660: UserWarning: CUPTI is not installed. Try 'pip install -U cupti-python'. Falling back to CUDA events for benchmarking.
  return bench_gpu_time_with_cupti(
/home/brayden/iket-lab/flashinfer/flashinfer/testing/utils.py:1660: UserWarning: CUPTI is not installed. Try 'pip install -U cupti-python'. Falling back to CUDA events for benchmarking.
  return bench_gpu_time_with_cupti(
/home/brayden/iket-lab/flashinfer/flashinfer/testing/utils.py:1660: UserWarning: CUPTI is not installed. Try 'pip install -U cupti-python'. Falling back to CUDA events for benchmarking.
  return bench_gpu_time_with_cupti(
BENCH rank=6 tokens=128 combine=bf16 ikr=False knobs=none closure=view median_ms=0.3430 n=30
BENCH rank=5 tokens=128 combine=bf16 ikr=False knobs=none closure=view median_ms=0.3430 n=30BENCH rank=4 tokens=128 combine=bf16 ikr=False knobs=none closure=view median_ms=0.3430 n=30BENCH rank=2 tokens=128 combine=bf16 ikr=False knobs=none closure=view median_ms=0.3430 n=30BENCH rank=0 tokens=128 combine=bf16 ikr=False knobs=none closure=view median_ms=0.3430 n=30

BENCH rank=1 tokens=128 combine=bf16 ikr=False knobs=none closure=view median_ms=0.3430 n=30BENCH rank=3 tokens=128 combine=bf16 ikr=False knobs=none closure=view median_ms=0.3430 n=30



BENCH rank=7 tokens=128 combine=bf16 ikr=False knobs=none closure=view median_ms=0.3430 n=30
[rank0]:[W813 06:23:57.974010723 ProcessGroupNCCL.cpp:1648] Warning: WARNING: destroy_process_group() was not called before program exit, which can leak resources. For more info, please see https://pytorch.org/docs/stable/distributed.html#shutdown (function operator())
d128 [--knob load_balance_mode=static]: 0
W0813 06:24:01.090000 30957 site-packages/torch/distributed/run.py:874] 
W0813 06:24:01.090000 30957 site-packages/torch/distributed/run.py:874] *****************************************
W0813 06:24:01.090000 30957 site-packages/torch/distributed/run.py:874] Setting OMP_NUM_THREADS environment variable for each process to be 1 in default, to avoid your system being overloaded, please further tune the variable for optimal performance in your application as needed. 
W0813 06:24:01.090000 30957 site-packages/torch/distributed/run.py:874] *****************************************
KNOBS {'mma_tiler_mnk': (256, 64, 256), 'cluster_shape_mnk': (2, 1, 1), 'group_hint': 512, 'flag_batch': 8, 'epi_flag_batch': (1, 2), 'token_back_mode': 'epi_warps', 'load_balance_mode': 'atomic_counter'}
BITEXACT rank=6 exact=True max|d|=0
BITEXACT rank=5 exact=True max|d|=0
BITEXACT rank=7 exact=True max|d|=0
BITEXACT rank=0 exact=True max|d|=0
MANIFEST warmup mode=bench tokens=128 combine=bf16 ikr=False experts=384 topk=6 h=7168 i=3072
BITEXACT rank=2 exact=True max|d|=0
BITEXACT rank=3 exact=True max|d|=0BITEXACT rank=1 exact=True max|d|=0

BITEXACT rank=4 exact=True max|d|=0
BITEXACT-VIEW rank=2 exact=True max|d|=0
BITEXACT-VIEW rank=3 exact=True max|d|=0BITEXACT-VIEW rank=1 exact=True max|d|=0

BITEXACT-VIEW rank=4 exact=True max|d|=0
BITEXACT-VIEW rank=0 exact=True max|d|=0
BITEXACT-VIEW rank=6 exact=True max|d|=0BITEXACT-VIEW rank=5 exact=True max|d|=0

BITEXACT-VIEW rank=7 exact=True max|d|=0
/home/brayden/iket-lab/flashinfer/flashinfer/testing/utils.py:1660: UserWarning: CUPTI is not installed. Try 'pip install -U cupti-python'. Falling back to CUDA events for benchmarking.
  return bench_gpu_time_with_cupti(
/home/brayden/iket-lab/flashinfer/flashinfer/testing/utils.py:1660: UserWarning: CUPTI is not installed. Try 'pip install -U cupti-python'. Falling back to CUDA events for benchmarking.
  return bench_gpu_time_with_cupti(
/home/brayden/iket-lab/flashinfer/flashinfer/testing/utils.py:1660: UserWarning: CUPTI is not installed. Try 'pip install -U cupti-python'. Falling back to CUDA events for benchmarking.
  return bench_gpu_time_with_cupti(
/home/brayden/iket-lab/flashinfer/flashinfer/testing/utils.py:1660: UserWarning: CUPTI is not installed. Try 'pip install -U cupti-python'. Falling back to CUDA events for benchmarking.
  return bench_gpu_time_with_cupti(
/home/brayden/iket-lab/flashinfer/flashinfer/testing/utils.py:1660: UserWarning: CUPTI is not installed. Try 'pip install -U cupti-python'. Falling back to CUDA events for benchmarking.
  return bench_gpu_time_with_cupti(
/home/brayden/iket-lab/flashinfer/flashinfer/testing/utils.py:1660: UserWarning: CUPTI is not installed. Try 'pip install -U cupti-python'. Falling back to CUDA events for benchmarking.
  return bench_gpu_time_with_cupti(
/home/brayden/iket-lab/flashinfer/flashinfer/testing/utils.py:1660: UserWarning: CUPTI is not installed. Try 'pip install -U cupti-python'. Falling back to CUDA events for benchmarking.
  return bench_gpu_time_with_cupti(
/home/brayden/iket-lab/flashinfer/flashinfer/testing/utils.py:1660: UserWarning: CUPTI is not installed. Try 'pip install -U cupti-python'. Falling back to CUDA events for benchmarking.
  return bench_gpu_time_with_cupti(
BENCH rank=4 tokens=128 combine=bf16 ikr=False knobs=none closure=view median_ms=0.3339 n=30BENCH rank=5 tokens=128 combine=bf16 ikr=False knobs=none closure=view median_ms=0.3339 n=30BENCH rank=6 tokens=128 combine=bf16 ikr=False knobs=none closure=view median_ms=0.3339 n=30
BENCH rank=2 tokens=128 combine=bf16 ikr=False knobs=none closure=view median_ms=0.3339 n=30BENCH rank=7 tokens=128 combine=bf16 ikr=False knobs=none closure=view median_ms=0.3339 n=30BENCH rank=0 tokens=128 combine=bf16 ikr=False knobs=none closure=view median_ms=0.3339 n=30BENCH rank=3 tokens=128 combine=bf16 ikr=False knobs=none closure=view median_ms=0.3339 n=30
BENCH rank=1 tokens=128 combine=bf16 ikr=False knobs=none closure=view median_ms=0.3339 n=30





[rank0]:[W813 06:24:26.177111265 ProcessGroupNCCL.cpp:1648] Warning: WARNING: destroy_process_group() was not called before program exit, which can leak resources. For more info, please see https://pytorch.org/docs/stable/distributed.html#shutdown (function operator())
d128 [--knob flag_batch=8]: 0
W0813 06:24:30.269000 31302 site-packages/torch/distributed/run.py:874] 
W0813 06:24:30.269000 31302 site-packages/torch/distributed/run.py:874] *****************************************
W0813 06:24:30.269000 31302 site-packages/torch/distributed/run.py:874] Setting OMP_NUM_THREADS environment variable for each process to be 1 in default, to avoid your system being overloaded, please further tune the variable for optimal performance in your application as needed. 
W0813 06:24:30.269000 31302 site-packages/torch/distributed/run.py:874] *****************************************
KNOBS {'mma_tiler_mnk': (256, 64, 256), 'cluster_shape_mnk': (2, 1, 1), 'group_hint': 512, 'flag_batch': 16, 'epi_flag_batch': (1, 2), 'token_back_mode': 'epi_warps', 'load_balance_mode': 'atomic_counter'}
BITEXACT rank=7 exact=True max|d|=0
BITEXACT rank=0 exact=True max|d|=0BITEXACT rank=3 exact=True max|d|=0

MANIFEST warmup mode=bench tokens=128 combine=bf16 ikr=False experts=384 topk=6 h=7168 i=3072
BITEXACT rank=1 exact=True max|d|=0
BITEXACT rank=2 exact=True max|d|=0
BITEXACT rank=4 exact=True max|d|=0BITEXACT rank=6 exact=True max|d|=0

BITEXACT rank=5 exact=True max|d|=0
BITEXACT-VIEW rank=4 exact=True max|d|=0
BITEXACT-VIEW rank=5 exact=True max|d|=0BITEXACT-VIEW rank=6 exact=True max|d|=0BITEXACT-VIEW rank=3 exact=True max|d|=0


BITEXACT-VIEW rank=2 exact=True max|d|=0
BITEXACT-VIEW rank=1 exact=True max|d|=0
BITEXACT-VIEW rank=0 exact=True max|d|=0
BITEXACT-VIEW rank=7 exact=True max|d|=0
/home/brayden/iket-lab/flashinfer/flashinfer/testing/utils.py:1660: UserWarning: CUPTI is not installed. Try 'pip install -U cupti-python'. Falling back to CUDA events for benchmarking.
  return bench_gpu_time_with_cupti(
/home/brayden/iket-lab/flashinfer/flashinfer/testing/utils.py:1660: UserWarning: CUPTI is not installed. Try 'pip install -U cupti-python'. Falling back to CUDA events for benchmarking.
  return bench_gpu_time_with_cupti(
/home/brayden/iket-lab/flashinfer/flashinfer/testing/utils.py:1660: UserWarning: CUPTI is not installed. Try 'pip install -U cupti-python'. Falling back to CUDA events for benchmarking.
  return bench_gpu_time_with_cupti(
/home/brayden/iket-lab/flashinfer/flashinfer/testing/utils.py:1660: UserWarning: CUPTI is not installed. Try 'pip install -U cupti-python'. Falling back to CUDA events for benchmarking.
  return bench_gpu_time_with_cupti(
/home/brayden/iket-lab/flashinfer/flashinfer/testing/utils.py:1660: UserWarning: CUPTI is not installed. Try 'pip install -U cupti-python'. Falling back to CUDA events for benchmarking.
  return bench_gpu_time_with_cupti(
/home/brayden/iket-lab/flashinfer/flashinfer/testing/utils.py:1660: UserWarning: CUPTI is not installed. Try 'pip install -U cupti-python'. Falling back to CUDA events for benchmarking.
  return bench_gpu_time_with_cupti(
/home/brayden/iket-lab/flashinfer/flashinfer/testing/utils.py:1660: UserWarning: CUPTI is not installed. Try 'pip install -U cupti-python'. Falling back to CUDA events for benchmarking.
  return bench_gpu_time_with_cupti(
/home/brayden/iket-lab/flashinfer/flashinfer/testing/utils.py:1660: UserWarning: CUPTI is not installed. Try 'pip install -U cupti-python'. Falling back to CUDA events for benchmarking.
  return bench_gpu_time_with_cupti(
BENCH rank=4 tokens=128 combine=bf16 ikr=False knobs=none closure=view median_ms=0.3340 n=30
BENCH rank=7 tokens=128 combine=bf16 ikr=False knobs=none closure=view median_ms=0.3340 n=30
BENCH rank=3 tokens=128 combine=bf16 ikr=False knobs=none closure=view median_ms=0.3340 n=30
BENCH rank=6 tokens=128 combine=bf16 ikr=False knobs=none closure=view median_ms=0.3340 n=30BENCH rank=0 tokens=128 combine=bf16 ikr=False knobs=none closure=view median_ms=0.3340 n=30
BENCH rank=5 tokens=128 combine=bf16 ikr=False knobs=none closure=view median_ms=0.3340 n=30BENCH rank=1 tokens=128 combine=bf16 ikr=False knobs=none closure=view median_ms=0.3340 n=30BENCH rank=2 tokens=128 combine=bf16 ikr=False knobs=none closure=view median_ms=0.3340 n=30



[rank0]:[W813 06:24:56.873399179 ProcessGroupNCCL.cpp:1648] Warning: WARNING: destroy_process_group() was not called before program exit, which can leak resources. For more info, please see https://pytorch.org/docs/stable/distributed.html#shutdown (function operator())
d128 [--knob flag_batch=16]: 0
W0813 06:25:00.115000 31652 site-packages/torch/distributed/run.py:874] 
W0813 06:25:00.115000 31652 site-packages/torch/distributed/run.py:874] *****************************************
W0813 06:25:00.115000 31652 site-packages/torch/distributed/run.py:874] Setting OMP_NUM_THREADS environment variable for each process to be 1 in default, to avoid your system being overloaded, please further tune the variable for optimal performance in your application as needed. 
W0813 06:25:00.115000 31652 site-packages/torch/distributed/run.py:874] *****************************************
KNOBS {'mma_tiler_mnk': (256, 64, 256), 'cluster_shape_mnk': (2, 1, 1), 'group_hint': 512, 'flag_batch': 4, 'epi_flag_batch': (1, 2), 'token_back_mode': 'epi_warps', 'load_balance_mode': 'atomic_counter', 'non_ubulk_fc2_store': False}
BITEXACT rank=7 exact=True max|d|=0
BITEXACT rank=3 exact=True max|d|=0
BITEXACT rank=0 exact=True max|d|=0
MANIFEST warmup mode=bench tokens=128 combine=bf16 ikr=False experts=384 topk=6 h=7168 i=3072
BITEXACT rank=4 exact=True max|d|=0
BITEXACT rank=1 exact=True max|d|=0
BITEXACT rank=6 exact=True max|d|=0
BITEXACT rank=5 exact=True max|d|=0
BITEXACT rank=2 exact=True max|d|=0
BITEXACT-VIEW rank=2 exact=True max|d|=0
BITEXACT-VIEW rank=3 exact=True max|d|=0BITEXACT-VIEW rank=0 exact=True max|d|=0
BITEXACT-VIEW rank=5 exact=True max|d|=0BITEXACT-VIEW rank=6 exact=True max|d|=0
BITEXACT-VIEW rank=7 exact=True max|d|=0

BITEXACT-VIEW rank=4 exact=True max|d|=0

BITEXACT-VIEW rank=1 exact=True max|d|=0
/home/brayden/iket-lab/flashinfer/flashinfer/testing/utils.py:1660: UserWarning: CUPTI is not installed. Try 'pip install -U cupti-python'. Falling back to CUDA events for benchmarking.
  return bench_gpu_time_with_cupti(
/home/brayden/iket-lab/flashinfer/flashinfer/testing/utils.py:1660: UserWarning: CUPTI is not installed. Try 'pip install -U cupti-python'. Falling back to CUDA events for benchmarking.
  return bench_gpu_time_with_cupti(
/home/brayden/iket-lab/flashinfer/flashinfer/testing/utils.py:1660: UserWarning: CUPTI is not installed. Try 'pip install -U cupti-python'. Falling back to CUDA events for benchmarking.
  return bench_gpu_time_with_cupti(
/home/brayden/iket-lab/flashinfer/flashinfer/testing/utils.py:1660: UserWarning: CUPTI is not installed. Try 'pip install -U cupti-python'. Falling back to CUDA events for benchmarking.
  return bench_gpu_time_with_cupti(
/home/brayden/iket-lab/flashinfer/flashinfer/testing/utils.py:1660: UserWarning: CUPTI is not installed. Try 'pip install -U cupti-python'. Falling back to CUDA events for benchmarking.
  return bench_gpu_time_with_cupti(
/home/brayden/iket-lab/flashinfer/flashinfer/testing/utils.py:1660: UserWarning: CUPTI is not installed. Try 'pip install -U cupti-python'. Falling back to CUDA events for benchmarking.
  return bench_gpu_time_with_cupti(
/home/brayden/iket-lab/flashinfer/flashinfer/testing/utils.py:1660: UserWarning: CUPTI is not installed. Try 'pip install -U cupti-python'. Falling back to CUDA events for benchmarking.
  return bench_gpu_time_with_cupti(
/home/brayden/iket-lab/flashinfer/flashinfer/testing/utils.py:1660: UserWarning: CUPTI is not installed. Try 'pip install -U cupti-python'. Falling back to CUDA events for benchmarking.
  return bench_gpu_time_with_cupti(
BENCH rank=6 tokens=128 combine=bf16 ikr=False knobs=none closure=view median_ms=0.3339 n=30BENCH rank=5 tokens=128 combine=bf16 ikr=False knobs=none closure=view median_ms=0.3339 n=30BENCH rank=3 tokens=128 combine=bf16 ikr=False knobs=none closure=view median_ms=0.3339 n=30
BENCH rank=2 tokens=128 combine=bf16 ikr=False knobs=none closure=view median_ms=0.3339 n=30BENCH rank=0 tokens=128 combine=bf16 ikr=False knobs=none closure=view median_ms=0.3339 n=30
BENCH rank=7 tokens=128 combine=bf16 ikr=False knobs=none closure=view median_ms=0.3339 n=30BENCH rank=1 tokens=128 combine=bf16 ikr=False knobs=none closure=view median_ms=0.3339 n=30




BENCH rank=4 tokens=128 combine=bf16 ikr=False knobs=none closure=view median_ms=0.3339 n=30
[rank0]:[W813 06:25:25.322284420 ProcessGroupNCCL.cpp:1648] Warning: WARNING: destroy_process_group() was not called before program exit, which can leak resources. For more info, please see https://pytorch.org/docs/stable/distributed.html#shutdown (function operator())
d128 [--knob non_ubulk_fc2_store=False]: 0
W0813 06:25:29.334000 31998 site-packages/torch/distributed/run.py:874] 
W0813 06:25:29.334000 31998 site-packages/torch/distributed/run.py:874] *****************************************
W0813 06:25:29.334000 31998 site-packages/torch/distributed/run.py:874] Setting OMP_NUM_THREADS environment variable for each process to be 1 in default, to avoid your system being overloaded, please further tune the variable for optimal performance in your application as needed. 
W0813 06:25:29.334000 31998 site-packages/torch/distributed/run.py:874] *****************************************
KNOBS {'mma_tiler_mnk': (256, 64, 256), 'cluster_shape_mnk': (4, 1, 1), 'group_hint': 512, 'flag_batch': 4, 'epi_flag_batch': (1, 2), 'token_back_mode': 'epi_warps', 'load_balance_mode': 'atomic_counter'}
[rank1]:[W813 07:24:30.612591344 TCPStore.cpp:125] [c10d] recvValue failed on SocketImpl(fd=100, addr=[localhost]:49304, remote=[sgl-b300-inference.datacrunch.io]:33691): Failed to recv, got 0 bytes. Connection was likely closed. Did the remote server shutdown or crash?
Exception raised from recvBytes at /__w/pytorch/pytorch/torch/csrc/distributed/c10d/Utils.hpp:787 (most recent call first):
frame #0: c10::Error::Error(c10::SourceLocation, std::__cxx11::basic_string<char, std::char_traits<char>, std::allocator<char> >) + 0x9d (0x7d8dac76933d in /home/devuser/conda/envs/py312/lib/python3.12/site-packages/torch/lib/libc10.so)
frame #1: <unknown function> + 0x6811ebd (0x7d8d0ad5bebd in /home/devuser/conda/envs/py312/lib/python3.12/site-packages/torch/lib/libtorch_cpu.so)
frame #2: c10d::TCPStore::check(std::vector<std::__cxx11::basic_string<char, std::char_traits<char>, std::allocator<char> >, std::allocator<std::__cxx11::basic_string<char, std::char_traits<char>, std::allocator<char> > > > const&) + 0x383 (0x7d8d0ad55203 in /home/devuser/conda/envs/py312/lib/python3.12/site-packages/torch/lib/libtorch_cpu.so)
frame #3: c10d::ProcessGroupNCCL::HeartbeatMonitor::runLoop() + 0x436 (0x7d8ce698d0e6 in /home/devuser/conda/envs/py312/lib/python3.12/site-packages/torch/lib/libtorch_cuda.so)
frame #4: <unknown function> + 0xef5e4 (0x7d8dac2705e4 in /home/devuser/conda/envs/py312/bin/../lib/libstdc++.so.6)
frame #5: <unknown function> + 0x9caa4 (0x7d8dad6c7aa4 in /lib/x86_64-linux-gnu/libc.so.6)
frame #6: __clone + 0x44 (0x7d8dad754a64 in /lib/x86_64-linux-gnu/libc.so.6)

[rank1]:[W813 07:24:30.614051758 ProcessGroupNCCL.cpp:1900] [PG ID 0 PG GUID 0(default_pg) Rank 1] Failed to check the "should dump" flag on TCPStore, (maybe TCPStore server has shut down too early), with error: Failed to recv, got 0 bytes. Connection was likely closed. Did the remote server shutdown or crash?
[rank4]:[W813 07:24:30.614241833 TCPStore.cpp:125] [c10d] recvValue failed on SocketImpl(fd=100, addr=[localhost]:49282, remote=[sgl-b300-inference.datacrunch.io]:33691): Failed to recv, got 0 bytes. Connection was likely closed. Did the remote server shutdown or crash?
Exception raised from recvBytes at /__w/pytorch/pytorch/torch/csrc/distributed/c10d/Utils.hpp:787 (most recent call first):
frame #0: c10::Error::Error(c10::SourceLocation, std::__cxx11::basic_string<char, std::char_traits<char>, std::allocator<char> >) + 0x9d (0x75c75ab6933d in /home/devuser/conda/envs/py312/lib/python3.12/site-packages/torch/lib/libc10.so)
frame #1: <unknown function> + 0x6811ebd (0x75c6b915bebd in /home/devuser/conda/envs/py312/lib/python3.12/site-packages/torch/lib/libtorch_cpu.so)
frame #2: c10d::TCPStore::check(std::vector<std::__cxx11::basic_string<char, std::char_traits<char>, std::allocator<char> >, std::allocator<std::__cxx11::basic_string<char, std::char_traits<char>, std::allocator<char> > > > const&) + 0x383 (0x75c6b9155203 in /home/devuser/conda/envs/py312/lib/python3.12/site-packages/torch/lib/libtorch_cpu.so)
frame #3: c10d::ProcessGroupNCCL::HeartbeatMonitor::runLoop() + 0x436 (0x75c694d8d0e6 in /home/devuser/conda/envs/py312/lib/python3.12/site-packages/torch/lib/libtorch_cuda.so)
frame #4: <unknown function> + 0xef5e4 (0x75c75a6705e4 in /home/devuser/conda/envs/py312/bin/../lib/libstdc++.so.6)
frame #5: <unknown function> + 0x9caa4 (0x75c75ba7caa4 in /lib/x86_64-linux-gnu/libc.so.6)
frame #6: __clone + 0x44 (0x75c75bb09a64 in /lib/x86_64-linux-gnu/libc.so.6)

[rank4]:[W813 07:24:30.615418314 ProcessGroupNCCL.cpp:1900] [PG ID 0 PG GUID 0(default_pg) Rank 4] Failed to check the "should dump" flag on TCPStore, (maybe TCPStore server has shut down too early), with error: Failed to recv, got 0 bytes. Connection was likely closed. Did the remote server shutdown or crash?
[rank2]:[W813 07:24:30.615567020 TCPStore.cpp:125] [c10d] recvValue failed on SocketImpl(fd=100, addr=[localhost]:49326, remote=[sgl-b300-inference.datacrunch.io]:33691): Failed to recv, got 0 bytes. Connection was likely closed. Did the remote server shutdown or crash?
Exception raised from recvBytes at /__w/pytorch/pytorch/torch/csrc/distributed/c10d/Utils.hpp:787 (most recent call first):
frame #0: c10::Error::Error(c10::SourceLocation, std::__cxx11::basic_string<char, std::char_traits<char>, std::allocator<char> >) + 0x9d (0x7dc559d6933d in /home/devuser/conda/envs/py312/lib/python3.12/site-packages/torch/lib/libc10.so)
frame #1: <unknown function> + 0x6811ebd (0x7dc4b835bebd in /home/devuser/conda/envs/py312/lib/python3.12/site-packages/torch/lib/libtorch_cpu.so)
frame #2: c10d::TCPStore::check(std::vector<std::__cxx11::basic_string<char, std::char_traits<char>, std::allocator<char> >, std::allocator<std::__cxx11::basic_string<char, std::char_traits<char>, std::allocator<char> > > > const&) + 0x383 (0x7dc4b8355203 in /home/devuser/conda/envs/py312/lib/python3.12/site-packages/torch/lib/libtorch_cpu.so)
frame #3: c10d::ProcessGroupNCCL::HeartbeatMonitor::runLoop() + 0x436 (0x7dc493f8d0e6 in /home/devuser/conda/envs/py312/lib/python3.12/site-packages/torch/lib/libtorch_cuda.so)
frame #4: <unknown function> + 0xef5e4 (0x7dc5598705e4 in /home/devuser/conda/envs/py312/bin/../lib/libstdc++.so.6)
frame #5: <unknown function> + 0x9caa4 (0x7dc55ac7aaa4 in /lib/x86_64-linux-gnu/libc.so.6)
frame #6: __clone + 0x44 (0x7dc55ad07a64 in /lib/x86_64-linux-gnu/libc.so.6)

[rank2]:[W813 07:24:30.616679552 ProcessGroupNCCL.cpp:1900] [PG ID 0 PG GUID 0(default_pg) Rank 2] Failed to check the "should dump" flag on TCPStore, (maybe TCPStore server has shut down too early), with error: Failed to recv, got 0 bytes. Connection was likely closed. Did the remote server shutdown or crash?
[rank3]:[W813 07:24:30.616819329 TCPStore.cpp:125] [c10d] recvValue failed on SocketImpl(fd=100, addr=[localhost]:49296, remote=[sgl-b300-inference.datacrunch.io]:33691): Failed to recv, got 0 bytes. Connection was likely closed. Did the remote server shutdown or crash?
Exception raised from recvBytes at /__w/pytorch/pytorch/torch/csrc/distributed/c10d/Utils.hpp:787 (most recent call first):
frame #0: c10::Error::Error(c10::SourceLocation, std::__cxx11::basic_string<char, std::char_traits<char>, std::allocator<char> >) + 0x9d (0x75604f96933d in /home/devuser/conda/envs/py312/lib/python3.12/site-packages/torch/lib/libc10.so)
frame #1: <unknown function> + 0x6811ebd (0x755fadf5bebd in /home/devuser/conda/envs/py312/lib/python3.12/site-packages/torch/lib/libtorch_cpu.so)
frame #2: c10d::TCPStore::check(std::vector<std::__cxx11::basic_string<char, std::char_traits<char>, std::allocator<char> >, std::allocator<std::__cxx11::basic_string<char, std::char_traits<char>, std::allocator<char> > > > const&) + 0x383 (0x755fadf55203 in /home/devuser/conda/envs/py312/lib/python3.12/site-packages/torch/lib/libtorch_cpu.so)
frame #3: c10d::ProcessGroupNCCL::HeartbeatMonitor::runLoop() + 0x436 (0x755f89b8d0e6 in /home/devuser/conda/envs/py312/lib/python3.12/site-packages/torch/lib/libtorch_cuda.so)
frame #4: <unknown function> + 0xef5e4 (0x75604f4705e4 in /home/devuser/conda/envs/py312/bin/../lib/libstdc++.so.6)
frame #5: <unknown function> + 0x9caa4 (0x7560508c5aa4 in /lib/x86_64-linux-gnu/libc.so.6)
frame #6: __clone + 0x44 (0x756050952a64 in /lib/x86_64-linux-gnu/libc.so.6)

[rank3]:[W813 07:24:30.617939551 ProcessGroupNCCL.cpp:1900] [PG ID 0 PG GUID 0(default_pg) Rank 3] Failed to check the "should dump" flag on TCPStore, (maybe TCPStore server has shut down too early), with error: Failed to recv, got 0 bytes. Connection was likely closed. Did the remote server shutdown or crash?
[rank6]:[W813 07:24:30.618095697 TCPStore.cpp:125] [c10d] recvValue failed on SocketImpl(fd=100, addr=[localhost]:49280, remote=[sgl-b300-inference.datacrunch.io]:33691): Failed to recv, got 0 bytes. Connection was likely closed. Did the remote server shutdown or crash?
Exception raised from recvBytes at /__w/pytorch/pytorch/torch/csrc/distributed/c10d/Utils.hpp:787 (most recent call first):
frame #0: c10::Error::Error(c10::SourceLocation, std::__cxx11::basic_string<char, std::char_traits<char>, std::allocator<char> >) + 0x9d (0x79e54e76933d in /home/devuser/conda/envs/py312/lib/python3.12/site-packages/torch/lib/libc10.so)
frame #1: <unknown function> + 0x6811ebd (0x79e4dbb5bebd in /home/devuser/conda/envs/py312/lib/python3.12/site-packages/torch/lib/libtorch_cpu.so)
frame #2: c10d::TCPStore::check(std::vector<std::__cxx11::basic_string<char, std::char_traits<char>, std::allocator<char> >, std::allocator<std::__cxx11::basic_string<char, std::char_traits<char>, std::allocator<char> > > > const&) + 0x383 (0x79e4dbb55203 in /home/devuser/conda/envs/py312/lib/python3.12/site-packages/torch/lib/libtorch_cpu.so)
frame #3: c10d::ProcessGroupNCCL::HeartbeatMonitor::runLoop() + 0x436 (0x79e4b778d0e6 in /home/devuser/conda/envs/py312/lib/python3.12/site-packages/torch/lib/libtorch_cuda.so)
frame #4: <unknown function> + 0xef5e4 (0x79e57d0705e4 in /home/devuser/conda/envs/py312/bin/../lib/libstdc++.so.6)
frame #5: <unknown function> + 0x9caa4 (0x79e57e3cdaa4 in /lib/x86_64-linux-gnu/libc.so.6)
frame #6: __clone + 0x44 (0x79e57e45aa64 in /lib/x86_64-linux-gnu/libc.so.6)

[rank6]:[W813 07:24:30.619207130 ProcessGroupNCCL.cpp:1900] [PG ID 0 PG GUID 0(default_pg) Rank 6] Failed to check the "should dump" flag on TCPStore, (maybe TCPStore server has shut down too early), with error: Failed to recv, got 0 bytes. Connection was likely closed. Did the remote server shutdown or crash?
[rank0]:[W813 07:24:30.619348326 TCPStore.cpp:125] [c10d] recvValue failed on SocketImpl(fd=100, addr=[localhost]:49270, remote=[sgl-b300-inference.datacrunch.io]:33691): Failed to recv, got 0 bytes. Connection was likely closed. Did the remote server shutdown or crash?
Exception raised from recvBytes at /__w/pytorch/pytorch/torch/csrc/distributed/c10d/Utils.hpp:787 (most recent call first):
frame #0: c10::Error::Error(c10::SourceLocation, std::__cxx11::basic_string<char, std::char_traits<char>, std::allocator<char> >) + 0x9d (0x76c6d456933d in /home/devuser/conda/envs/py312/lib/python3.12/site-packages/torch/lib/libc10.so)
frame #1: <unknown function> + 0x6811ebd (0x76c66195bebd in /home/devuser/conda/envs/py312/lib/python3.12/site-packages/torch/lib/libtorch_cpu.so)
frame #2: c10d::TCPStore::check(std::vector<std::__cxx11::basic_string<char, std::char_traits<char>, std::allocator<char> >, std::allocator<std::__cxx11::basic_string<char, std::char_traits<char>, std::allocator<char> > > > const&) + 0x383 (0x76c661955203 in /home/devuser/conda/envs/py312/lib/python3.12/site-packages/torch/lib/libtorch_cpu.so)
frame #3: c10d::ProcessGroupNCCL::HeartbeatMonitor::runLoop() + 0x436 (0x76c63d58d0e6 in /home/devuser/conda/envs/py312/lib/python3.12/site-packages/torch/lib/libtorch_cuda.so)
frame #4: <unknown function> + 0xef5e4 (0x76c702e705e4 in /home/devuser/conda/envs/py312/bin/../lib/libstdc++.so.6)
frame #5: <unknown function> + 0x9caa4 (0x76c70414faa4 in /lib/x86_64-linux-gnu/libc.so.6)
frame #6: __clone + 0x44 (0x76c7041dca64 in /lib/x86_64-linux-gnu/libc.so.6)

[rank0]:[W813 07:24:30.620473778 ProcessGroupNCCL.cpp:1900] [PG ID 0 PG GUID 0(default_pg) Rank 0] Failed to check the "should dump" flag on TCPStore, (maybe TCPStore server has shut down too early), with error: Failed to recv, got 0 bytes. Connection was likely closed. Did the remote server shutdown or crash?
[rank7]:[W813 07:24:30.620611075 TCPStore.cpp:125] [c10d] recvValue failed on SocketImpl(fd=100, addr=[localhost]:49310, remote=[sgl-b300-inference.datacrunch.io]:33691): Failed to recv, got 0 bytes. Connection was likely closed. Did the remote server shutdown or crash?
Exception raised from recvBytes at /__w/pytorch/pytorch/torch/csrc/distributed/c10d/Utils.hpp:787 (most recent call first):
frame #0: c10::Error::Error(c10::SourceLocation, std::__cxx11::basic_string<char, std::char_traits<char>, std::allocator<char> >) + 0x9d (0x78f0b036933d in /home/devuser/conda/envs/py312/lib/python3.12/site-packages/torch/lib/libc10.so)
frame #1: <unknown function> + 0x6811ebd (0x78f00e95bebd in /home/devuser/conda/envs/py312/lib/python3.12/site-packages/torch/lib/libtorch_cpu.so)
frame #2: c10d::TCPStore::check(std::vector<std::__cxx11::basic_string<char, std::char_traits<char>, std::allocator<char> >, std::allocator<std::__cxx11::basic_string<char, std::char_traits<char>, std::allocator<char> > > > const&) + 0x383 (0x78f00e955203 in /home/devuser/conda/envs/py312/lib/python3.12/site-packages/torch/lib/libtorch_cpu.so)
frame #3: c10d::ProcessGroupNCCL::HeartbeatMonitor::runLoop() + 0x436 (0x78efea58d0e6 in /home/devuser/conda/envs/py312/lib/python3.12/site-packages/torch/lib/libtorch_cuda.so)
frame #4: <unknown function> + 0xef5e4 (0x78f0afe705e4 in /home/devuser/conda/envs/py312/bin/../lib/libstdc++.so.6)
frame #5: <unknown function> + 0x9caa4 (0x78f0b12b7aa4 in /lib/x86_64-linux-gnu/libc.so.6)
frame #6: __clone + 0x44 (0x78f0b1344a64 in /lib/x86_64-linux-gnu/libc.so.6)

[rank7]:[W813 07:24:30.621719088 ProcessGroupNCCL.cpp:1900] [PG ID 0 PG GUID 0(default_pg) Rank 7] Failed to check the "should dump" flag on TCPStore, (maybe TCPStore server has shut down too early), with error: Failed to recv, got 0 bytes. Connection was likely closed. Did the remote server shutdown or crash?
[rank5]:[W813 07:24:30.621879784 TCPStore.cpp:125] [c10d] recvValue failed on SocketImpl(fd=100, addr=[localhost]:49286, remote=[sgl-b300-inference.datacrunch.io]:33691): Failed to recv, got 0 bytes. Connection was likely closed. Did the remote server shutdown or crash?
Exception raised from recvBytes at /__w/pytorch/pytorch/torch/csrc/distributed/c10d/Utils.hpp:787 (most recent call first):
frame #0: c10::Error::Error(c10::SourceLocation, std::__cxx11::basic_string<char, std::char_traits<char>, std::allocator<char> >) + 0x9d (0x7dcf2856933d in /home/devuser/conda/envs/py312/lib/python3.12/site-packages/torch/lib/libc10.so)
frame #1: <unknown function> + 0x6811ebd (0x7dce86b5bebd in /home/devuser/conda/envs/py312/lib/python3.12/site-packages/torch/lib/libtorch_cpu.so)
frame #2: c10d::TCPStore::check(std::vector<std::__cxx11::basic_string<char, std::char_traits<char>, std::allocator<char> >, std::allocator<std::__cxx11::basic_string<char, std::char_traits<char>, std::allocator<char> > > > const&) + 0x383 (0x7dce86b55203 in /home/devuser/conda/envs/py312/lib/python3.12/site-packages/torch/lib/libtorch_cpu.so)
frame #3: c10d::ProcessGroupNCCL::HeartbeatMonitor::runLoop() + 0x436 (0x7dce6278d0e6 in /home/devuser/conda/envs/py312/lib/python3.12/site-packages/torch/lib/libtorch_cuda.so)
frame #4: <unknown function> + 0xef5e4 (0x7dcf280705e4 in /home/devuser/conda/envs/py312/bin/../lib/libstdc++.so.6)
frame #5: <unknown function> + 0x9caa4 (0x7dcf29462aa4 in /lib/x86_64-linux-gnu/libc.so.6)
frame #6: __clone + 0x44 (0x7dcf294efa64 in /lib/x86_64-linux-gnu/libc.so.6)

[rank5]:[W813 07:24:30.623023525 ProcessGroupNCCL.cpp:1900] [PG ID 0 PG GUID 0(default_pg) Rank 5] Failed to check the "should dump" flag on TCPStore, (maybe TCPStore server has shut down too early), with error: Failed to recv, got 0 bytes. Connection was likely closed. Did the remote server shutdown or crash?
[rank1]:[W813 07:24:31.614173450 TCPStore.cpp:106] [c10d] sendBytes failed on SocketImpl(fd=100, addr=[localhost]:49304, remote=[sgl-b300-inference.datacrunch.io]:33691): Broken pipe
Exception raised from sendBytes at /__w/pytorch/pytorch/torch/csrc/distributed/c10d/Utils.hpp:758 (most recent call first):
frame #0: c10::Error::Error(c10::SourceLocation, std::__cxx11::basic_string<char, std::char_traits<char>, std::allocator<char> >) + 0x9d (0x7d8dac76933d in /home/devuser/conda/envs/py312/lib/python3.12/site-packages/torch/lib/libc10.so)
frame #1: <unknown function> + 0x6811231 (0x7d8d0ad5b231 in /home/devuser/conda/envs/py312/lib/python3.12/site-packages/torch/lib/libtorch_cpu.so)
frame #2: <unknown function> + 0x68123e1 (0x7d8d0ad5c3e1 in /home/devuser/conda/envs/py312/lib/python3.12/site-packages/torch/lib/libtorch_cpu.so)
frame #3: <unknown function> + 0x681258d (0x7d8d0ad5c58d in /home/devuser/conda/envs/py312/lib/python3.12/site-packages/torch/lib/libtorch_cpu.so)
frame #4: c10d::TCPStore::check(std::vector<std::__cxx11::basic_string<char, std::char_traits<char>, std::allocator<char> >, std::allocator<std::__cxx11::basic_string<char, std::char_traits<char>, std::allocator<char> > > > const&) + 0x35d (0x7d8d0ad551dd in /home/devuser/conda/envs/py312/lib/python3.12/site-packages/torch/lib/libtorch_cpu.so)
frame #5: c10d::ProcessGroupNCCL::HeartbeatMonitor::runLoop() + 0x436 (0x7d8ce698d0e6 in /home/devuser/conda/envs/py312/lib/python3.12/site-packages/torch/lib/libtorch_cuda.so)
frame #6: <unknown function> + 0xef5e4 (0x7d8dac2705e4 in /home/devuser/conda/envs/py312/bin/../lib/libstdc++.so.6)
frame #7: <unknown function> + 0x9caa4 (0x7d8dad6c7aa4 in /lib/x86_64-linux-gnu/libc.so.6)
frame #8: __clone + 0x44 (0x7d8dad754a64 in /lib/x86_64-linux-gnu/libc.so.6)

[rank1]:[W813 07:24:31.616552661 ProcessGroupNCCL.cpp:1900] [PG ID 0 PG GUID 0(default_pg) Rank 1] Failed to check the "should dump" flag on TCPStore, (maybe TCPStore server has shut down too early), with error: Broken pipe
[rank4]:[W813 07:24:31.616589230 TCPStore.cpp:106] [c10d] sendBytes failed on SocketImpl(fd=100, addr=[localhost]:49282, remote=[sgl-b300-inference.datacrunch.io]:33691): Broken pipe
Exception raised from sendBytes at /__w/pytorch/pytorch/torch/csrc/distributed/c10d/Utils.hpp:758 (most recent call first):
frame #0: c10::Error::Error(c10::SourceLocation, std::__cxx11::basic_string<char, std::char_traits<char>, std::allocator<char> >) + 0x9d (0x75c75ab6933d in /home/devuser/conda/envs/py312/lib/python3.12/site-packages/torch/lib/libc10.so)
frame #1: <unknown function> + 0x6811231 (0x75c6b915b231 in /home/devuser/conda/envs/py312/lib/python3.12/site-packages/torch/lib/libtorch_cpu.so)
frame #2: <unknown function> + 0x68123e1 (0x75c6b915c3e1 in /home/devuser/conda/envs/py312/lib/python3.12/site-packages/torch/lib/libtorch_cpu.so)
frame #3: <unknown function> + 0x681258d (0x75c6b915c58d in /home/devuser/conda/envs/py312/lib/python3.12/site-packages/torch/lib/libtorch_cpu.so)
frame #4: c10d::TCPStore::check(std::vector<std::__cxx11::basic_string<char, std::char_traits<char>, std::allocator<char> >, std::allocator<std::__cxx11::basic_string<char, std::char_traits<char>, std::allocator<char> > > > const&) + 0x35d (0x75c6b91551dd in /home/devuser/conda/envs/py312/lib/python3.12/site-packages/torch/lib/libtorch_cpu.so)
frame #5: c10d::ProcessGroupNCCL::HeartbeatMonitor::runLoop() + 0x436 (0x75c694d8d0e6 in /home/devuser/conda/envs/py312/lib/python3.12/site-packages/torch/lib/libtorch_cuda.so)
frame #6: <unknown function> + 0xef5e4 (0x75c75a6705e4 in /home/devuser/conda/envs/py312/bin/../lib/libstdc++.so.6)
frame #7: <unknown function> + 0x9caa4 (0x75c75ba7caa4 in /lib/x86_64-linux-gnu/libc.so.6)
frame #8: __clone + 0x44 (0x75c75bb09a64 in /lib/x86_64-linux-gnu/libc.so.6)

[rank4]:[W813 07:24:31.618531642 ProcessGroupNCCL.cpp:1900] [PG ID 0 PG GUID 0(default_pg) Rank 4] Failed to check the "should dump" flag on TCPStore, (maybe TCPStore server has shut down too early), with error: Broken pipe
[rank2]:[W813 07:24:31.618567601 TCPStore.cpp:106] [c10d] sendBytes failed on SocketImpl(fd=100, addr=[localhost]:49326, remote=[sgl-b300-inference.datacrunch.io]:33691): Broken pipe
Exception raised from sendBytes at /__w/pytorch/pytorch/torch/csrc/distributed/c10d/Utils.hpp:758 (most recent call first):
frame #0: c10::Error::Error(c10::SourceLocation, std::__cxx11::basic_string<char, std::char_traits<char>, std::allocator<char> >) + 0x9d (0x7dc559d6933d in /home/devuser/conda/envs/py312/lib/python3.12/site-packages/torch/lib/libc10.so)
frame #1: <unknown function> + 0x6811231 (0x7dc4b835b231 in /home/devuser/conda/envs/py312/lib/python3.12/site-packages/torch/lib/libtorch_cpu.so)
frame #2: <unknown function> + 0x68123e1 (0x7dc4b835c3e1 in /home/devuser/conda/envs/py312/lib/python3.12/site-packages/torch/lib/libtorch_cpu.so)
frame #3: <unknown function> + 0x681258d (0x7dc4b835c58d in /home/devuser/conda/envs/py312/lib/python3.12/site-packages/torch/lib/libtorch_cpu.so)
frame #4: c10d::TCPStore::check(std::vector<std::__cxx11::basic_string<char, std::char_traits<char>, std::allocator<char> >, std::allocator<std::__cxx11::basic_string<char, std::char_traits<char>, std::allocator<char> > > > const&) + 0x35d (0x7dc4b83551dd in /home/devuser/conda/envs/py312/lib/python3.12/site-packages/torch/lib/libtorch_cpu.so)
frame #5: c10d::ProcessGroupNCCL::HeartbeatMonitor::runLoop() + 0x436 (0x7dc493f8d0e6 in /home/devuser/conda/envs/py312/lib/python3.12/site-packages/torch/lib/libtorch_cuda.so)
frame #6: <unknown function> + 0xef5e4 (0x7dc5598705e4 in /home/devuser/conda/envs/py312/bin/../lib/libstdc++.so.6)
frame #7: <unknown function> + 0x9caa4 (0x7dc55ac7aaa4 in /lib/x86_64-linux-gnu/libc.so.6)
frame #8: __clone + 0x44 (0x7dc55ad07a64 in /lib/x86_64-linux-gnu/libc.so.6)

[rank2]:[W813 07:24:31.620505953 ProcessGroupNCCL.cpp:1900] [PG ID 0 PG GUID 0(default_pg) Rank 2] Failed to check the "should dump" flag on TCPStore, (maybe TCPStore server has shut down too early), with error: Broken pipe
[rank3]:[W813 07:24:31.620547092 TCPStore.cpp:106] [c10d] sendBytes failed on SocketImpl(fd=100, addr=[localhost]:49296, remote=[sgl-b300-inference.datacrunch.io]:33691): Broken pipe
Exception raised from sendBytes at /__w/pytorch/pytorch/torch/csrc/distributed/c10d/Utils.hpp:758 (most recent call first):
frame #0: c10::Error::Error(c10::SourceLocation, std::__cxx11::basic_string<char, std::char_traits<char>, std::allocator<char> >) + 0x9d (0x75604f96933d in /home/devuser/conda/envs/py312/lib/python3.12/site-packages/torch/lib/libc10.so)
frame #1: <unknown function> + 0x6811231 (0x755fadf5b231 in /home/devuser/conda/envs/py312/lib/python3.12/site-packages/torch/lib/libtorch_cpu.so)
frame #2: <unknown function> + 0x68123e1 (0x755fadf5c3e1 in /home/devuser/conda/envs/py312/lib/python3.12/site-packages/torch/lib/libtorch_cpu.so)
frame #3: <unknown function> + 0x681258d (0x755fadf5c58d in /home/devuser/conda/envs/py312/lib/python3.12/site-packages/torch/lib/libtorch_cpu.so)
frame #4: c10d::TCPStore::check(std::vector<std::__cxx11::basic_string<char, std::char_traits<char>, std::allocator<char> >, std::allocator<std::__cxx11::basic_string<char, std::char_traits<char>, std::allocator<char> > > > const&) + 0x35d (0x755fadf551dd in /home/devuser/conda/envs/py312/lib/python3.12/site-packages/torch/lib/libtorch_cpu.so)
frame #5: c10d::ProcessGroupNCCL::HeartbeatMonitor::runLoop() + 0x436 (0x755f89b8d0e6 in /home/devuser/conda/envs/py312/lib/python3.12/site-packages/torch/lib/libtorch_cuda.so)
frame #6: <unknown function> + 0xef5e4 (0x75604f4705e4 in /home/devuser/conda/envs/py312/bin/../lib/libstdc++.so.6)
frame #7: <unknown function> + 0x9caa4 (0x7560508c5aa4 in /lib/x86_64-linux-gnu/libc.so.6)
frame #8: __clone + 0x44 (0x756050952a64 in /lib/x86_64-linux-gnu/libc.so.6)

[rank3]:[W813 07:24:31.622525793 ProcessGroupNCCL.cpp:1900] [PG ID 0 PG GUID 0(default_pg) Rank 3] Failed to check the "should dump" flag on TCPStore, (maybe TCPStore server has shut down too early), with error: Broken pipe
[rank6]:[W813 07:24:31.622564802 TCPStore.cpp:106] [c10d] sendBytes failed on SocketImpl(fd=100, addr=[localhost]:49280, remote=[sgl-b300-inference.datacrunch.io]:33691): Broken pipe
Exception raised from sendBytes at /__w/pytorch/pytorch/torch/csrc/distributed/c10d/Utils.hpp:758 (most recent call first):
frame #0: c10::Error::Error(c10::SourceLocation, std::__cxx11::basic_string<char, std::char_traits<char>, std::allocator<char> >) + 0x9d (0x79e54e76933d in /home/devuser/conda/envs/py312/lib/python3.12/site-packages/torch/lib/libc10.so)
frame #1: <unknown function> + 0x6811231 (0x79e4dbb5b231 in /home/devuser/conda/envs/py312/lib/python3.12/site-packages/torch/lib/libtorch_cpu.so)
frame #2: <unknown function> + 0x68123e1 (0x79e4dbb5c3e1 in /home/devuser/conda/envs/py312/lib/python3.12/site-packages/torch/lib/libtorch_cpu.so)
frame #3: <unknown function> + 0x681258d (0x79e4dbb5c58d in /home/devuser/conda/envs/py312/lib/python3.12/site-packages/torch/lib/libtorch_cpu.so)
frame #4: c10d::TCPStore::check(std::vector<std::__cxx11::basic_string<char, std::char_traits<char>, std::allocator<char> >, std::allocator<std::__cxx11::basic_string<char, std::char_traits<char>, std::allocator<char> > > > const&) + 0x35d (0x79e4dbb551dd in /home/devuser/conda/envs/py312/lib/python3.12/site-packages/torch/lib/libtorch_cpu.so)
frame #5: c10d::ProcessGroupNCCL::HeartbeatMonitor::runLoop() + 0x436 (0x79e4b778d0e6 in /home/devuser/conda/envs/py312/lib/python3.12/site-packages/torch/lib/libtorch_cuda.so)
frame #6: <unknown function> + 0xef5e4 (0x79e57d0705e4 in /home/devuser/conda/envs/py312/bin/../lib/libstdc++.so.6)
frame #7: <unknown function> + 0x9caa4 (0x79e57e3cdaa4 in /lib/x86_64-linux-gnu/libc.so.6)
frame #8: __clone + 0x44 (0x79e57e45aa64 in /lib/x86_64-linux-gnu/libc.so.6)

[rank6]:[W813 07:24:31.624533813 ProcessGroupNCCL.cpp:1900] [PG ID 0 PG GUID 0(default_pg) Rank 6] Failed to check the "should dump" flag on TCPStore, (maybe TCPStore server has shut down too early), with error: Broken pipe
[rank0]:[W813 07:24:31.624569122 TCPStore.cpp:106] [c10d] sendBytes failed on SocketImpl(fd=100, addr=[localhost]:49270, remote=[sgl-b300-inference.datacrunch.io]:33691): Broken pipe
Exception raised from sendBytes at /__w/pytorch/pytorch/torch/csrc/distributed/c10d/Utils.hpp:758 (most recent call first):
frame #0: c10::Error::Error(c10::SourceLocation, std::__cxx11::basic_string<char, std::char_traits<char>, std::allocator<char> >) + 0x9d (0x76c6d456933d in /home/devuser/conda/envs/py312/lib/python3.12/site-packages/torch/lib/libc10.so)
frame #1: <unknown function> + 0x6811231 (0x76c66195b231 in /home/devuser/conda/envs/py312/lib/python3.12/site-packages/torch/lib/libtorch_cpu.so)
frame #2: <unknown function> + 0x68123e1 (0x76c66195c3e1 in /home/devuser/conda/envs/py312/lib/python3.12/site-packages/torch/lib/libtorch_cpu.so)
frame #3: <unknown function> + 0x681258d (0x76c66195c58d in /home/devuser/conda/envs/py312/lib/python3.12/site-packages/torch/lib/libtorch_cpu.so)
frame #4: c10d::TCPStore::check(std::vector<std::__cxx11::basic_string<char, std::char_traits<char>, std::allocator<char> >, std::allocator<std::__cxx11::basic_string<char, std::char_traits<char>, std::allocator<char> > > > const&) + 0x35d (0x76c6619551dd in /home/devuser/conda/envs/py312/lib/python3.12/site-packages/torch/lib/libtorch_cpu.so)
frame #5: c10d::ProcessGroupNCCL::HeartbeatMonitor::runLoop() + 0x436 (0x76c63d58d0e6 in /home/devuser/conda/envs/py312/lib/python3.12/site-packages/torch/lib/libtorch_cuda.so)
frame #6: <unknown function> + 0xef5e4 (0x76c702e705e4 in /home/devuser/conda/envs/py312/bin/../lib/libstdc++.so.6)
frame #7: <unknown function> + 0x9caa4 (0x76c70414faa4 in /lib/x86_64-linux-gnu/libc.so.6)
frame #8: __clone + 0x44 (0x76c7041dca64 in /lib/x86_64-linux-gnu/libc.so.6)

[rank0]:[W813 07:24:31.626541133 ProcessGroupNCCL.cpp:1900] [PG ID 0 PG GUID 0(default_pg) Rank 0] Failed to check the "should dump" flag on TCPStore, (maybe TCPStore server has shut down too early), with error: Broken pipe
[rank5]:[W813 07:24:31.626582432 TCPStore.cpp:106] [c10d] sendBytes failed on SocketImpl(fd=100, addr=[localhost]:49286, remote=[sgl-b300-inference.datacrunch.io]:33691): Broken pipe
Exception raised from sendBytes at /__w/pytorch/pytorch/torch/csrc/distributed/c10d/Utils.hpp:758 (most recent call first):
frame #0: c10::Error::Error(c10::SourceLocation, std::__cxx11::basic_string<char, std::char_traits<char>, std::allocator<char> >) + 0x9d (0x7dcf2856933d in /home/devuser/conda/envs/py312/lib/python3.12/site-packages/torch/lib/libc10.so)
frame #1: <unknown function> + 0x6811231 (0x7dce86b5b231 in /home/devuser/conda/envs/py312/lib/python3.12/site-packages/torch/lib/libtorch_cpu.so)
frame #2: <unknown function> + 0x68123e1 (0x7dce86b5c3e1 in /home/devuser/conda/envs/py312/lib/python3.12/site-packages/torch/lib/libtorch_cpu.so)
frame #3: <unknown function> + 0x681258d (0x7dce86b5c58d in /home/devuser/conda/envs/py312/lib/python3.12/site-packages/torch/lib/libtorch_cpu.so)
frame #4: c10d::TCPStore::check(std::vector<std::__cxx11::basic_string<char, std::char_traits<char>, std::allocator<char> >, std::allocator<std::__cxx11::basic_string<char, std::char_traits<char>, std::allocator<char> > > > const&) + 0x35d (0x7dce86b551dd in /home/devuser/conda/envs/py312/lib/python3.12/site-packages/torch/lib/libtorch_cpu.so)
frame #5: c10d::ProcessGroupNCCL::HeartbeatMonitor::runLoop() + 0x436 (0x7dce6278d0e6 in /home/devuser/conda/envs/py312/lib/python3.12/site-packages/torch/lib/libtorch_cuda.so)
frame #6: <unknown function> + 0xef5e4 (0x7dcf280705e4 in /home/devuser/conda/envs/py312/bin/../lib/libstdc++.so.6)
frame #7: <unknown function> + 0x9caa4 (0x7dcf29462aa4 in /lib/x86_64-linux-gnu/libc.so.6)
frame #8: __clone + 0x44 (0x7dcf294efa64 in /lib/x86_64-linux-gnu/libc.so.6)

[rank5]:[W813 07:24:31.628507315 ProcessGroupNCCL.cpp:1900] [PG ID 0 PG GUID 0(default_pg) Rank 5] Failed to check the "should dump" flag on TCPStore, (maybe TCPStore server has shut down too early), with error: Broken pipe
[rank7]:[W813 07:24:31.628542284 TCPStore.cpp:106] [c10d] sendBytes failed on SocketImpl(fd=100, addr=[localhost]:49310, remote=[sgl-b300-inference.datacrunch.io]:33691): Broken pipe
Exception raised from sendBytes at /__w/pytorch/pytorch/torch/csrc/distributed/c10d/Utils.hpp:758 (most recent call first):
frame #0: c10::Error::Error(c10::SourceLocation, std::__cxx11::basic_string<char, std::char_traits<char>, std::allocator<char> >) + 0x9d (0x78f0b036933d in /home/devuser/conda/envs/py312/lib/python3.12/site-packages/torch/lib/libc10.so)
frame #1: <unknown function> + 0x6811231 (0x78f00e95b231 in /home/devuser/conda/envs/py312/lib/python3.12/site-packages/torch/lib/libtorch_cpu.so)
frame #2: <unknown function> + 0x68123e1 (0x78f00e95c3e1 in /home/devuser/conda/envs/py312/lib/python3.12/site-packages/torch/lib/libtorch_cpu.so)
frame #3: <unknown function> + 0x681258d (0x78f00e95c58d in /home/devuser/conda/envs/py312/lib/python3.12/site-packages/torch/lib/libtorch_cpu.so)
frame #4: c10d::TCPStore::check(std::vector<std::__cxx11::basic_string<char, std::char_traits<char>, std::allocator<char> >, std::allocator<std::__cxx11::basic_string<char, std::char_traits<char>, std::allocator<char> > > > const&) + 0x35d (0x78f00e9551dd in /home/devuser/conda/envs/py312/lib/python3.12/site-packages/torch/lib/libtorch_cpu.so)
frame #5: c10d::ProcessGroupNCCL::HeartbeatMonitor::runLoop() + 0x436 (0x78efea58d0e6 in /home/devuser/conda/envs/py312/lib/python3.12/site-packages/torch/lib/libtorch_cuda.so)
frame #6: <unknown function> + 0xef5e4 (0x78f0afe705e4 in /home/devuser/conda/envs/py312/bin/../lib/libstdc++.so.6)
frame #7: <unknown function> + 0x9caa4 (0x78f0b12b7aa4 in /lib/x86_64-linux-gnu/libc.so.6)
frame #8: __clone + 0x44 (0x78f0b1344a64 in /lib/x86_64-linux-gnu/libc.so.6)

[rank7]:[W813 07:24:31.630494715 ProcessGroupNCCL.cpp:1900] [PG ID 0 PG GUID 0(default_pg) Rank 7] Failed to check the "should dump" flag on TCPStore, (maybe TCPStore server has shut down too early), with error: Broken pipe
[rank4]:[W813 07:24:32.618619562 TCPStore.cpp:106] [c10d] sendBytes failed on SocketImpl(fd=100, addr=[localhost]:49282, remote=[sgl-b300-inference.datacrunch.io]:33691): Broken pipe
Exception raised from sendBytes at /__w/pytorch/pytorch/torch/csrc/distributed/c10d/Utils.hpp:758 (most recent call first):
frame #0: c10::Error::Error(c10::SourceLocation, std::__cxx11::basic_string<char, std::char_traits<char>, std::allocator<char> >) + 0x9d (0x75c75ab6933d in /home/devuser/conda/envs/py312/lib/python3.12/site-packages/torch/lib/libc10.so)
frame #1: <unknown function> + 0x6811231 (0x75c6b915b231 in /home/devuser/conda/envs/py312/lib/python3.12/site-packages/torch/lib/libtorch_cpu.so)
frame #2: <unknown function> + 0x68123e1 (0x75c6b915c3e1 in /home/devuser/conda/envs/py312/lib/python3.12/site-packages/torch/lib/libtorch_cpu.so)
frame #3: <unknown function> + 0x681258d (0x75c6b915c58d in /home/devuser/conda/envs/py312/lib/python3.12/site-packages/torch/lib/libtorch_cpu.so)
frame #4: c10d::TCPStore::check(std::vector<std::__cxx11::basic_string<char, std::char_traits<char>, std::allocator<char> >, std::allocator<std::__cxx11::basic_string<char, std::char_traits<char>, std::allocator<char> > > > const&) + 0x35d (0x75c6b91551dd in /home/devuser/conda/envs/py312/lib/python3.12/site-packages/torch/lib/libtorch_cpu.so)
frame #5: c10d::ProcessGroupNCCL::HeartbeatMonitor::runLoop() + 0x436 (0x75c694d8d0e6 in /home/devuser/conda/envs/py312/lib/python3.12/site-packages/torch/lib/libtorch_cuda.so)
frame #6: <unknown function> + 0xef5e4 (0x75c75a6705e4 in /home/devuser/conda/envs/py312/bin/../lib/libstdc++.so.6)
frame #7: <unknown function> + 0x9caa4 (0x75c75ba7caa4 in /lib/x86_64-linux-gnu/libc.so.6)
frame #8: __clone + 0x44 (0x75c75bb09a64 in /lib/x86_64-linux-gnu/libc.so.6)

[rank4]:[W813 07:24:32.620598143 ProcessGroupNCCL.cpp:1900] [PG ID 0 PG GUID 0(default_pg) Rank 4] Failed to check the "should dump" flag on TCPStore, (maybe TCPStore server has shut down too early), with error: Broken pipe
[rank1]:[W813 07:24:32.616657950 TCPStore.cpp:106] [c10d] sendBytes failed on SocketImpl(fd=100, addr=[localhost]:49304, remote=[sgl-b300-inference.datacrunch.io]:33691): Broken pipe
Exception raised from sendBytes at /__w/pytorch/pytorch/torch/csrc/distributed/c10d/Utils.hpp:758 (most recent call first):
frame #0: c10::Error::Error(c10::SourceLocation, std::__cxx11::basic_string<char, std::char_traits<char>, std::allocator<char> >) + 0x9d (0x7d8dac76933d in /home/devuser/conda/envs/py312/lib/python3.12/site-packages/torch/lib/libc10.so)
frame #1: <unknown function> + 0x6811231 (0x7d8d0ad5b231 in /home/devuser/conda/envs/py312/lib/python3.12/site-packages/torch/lib/libtorch_cpu.so)
frame #2: <unknown function> + 0x68123e1 (0x7d8d0ad5c3e1 in /home/devuser/conda/envs/py312/lib/python3.12/site-packages/torch/lib/libtorch_cpu.so)
frame #3: <unknown function> + 0x681258d (0x7d8d0ad5c58d in /home/devuser/conda/envs/py312/lib/python3.12/site-packages/torch/lib/libtorch_cpu.so)
frame #4: c10d::TCPStore::check(std::vector<std::__cxx11::basic_string<char, std::char_traits<char>, std::allocator<char> >, std::allocator<std::__cxx11::basic_string<char, std::char_traits<char>, std::allocator<char> > > > const&) + 0x35d (0x7d8d0ad551dd in /home/devuser/conda/envs/py312/lib/python3.12/site-packages/torch/lib/libtorch_cpu.so)
frame #5: c10d::ProcessGroupNCCL::HeartbeatMonitor::runLoop() + 0x436 (0x7d8ce698d0e6 in /home/devuser/conda/envs/py312/lib/python3.12/site-packages/torch/lib/libtorch_cuda.so)
frame #6: <unknown function> + 0xef5e4 (0x7d8dac2705e4 in /home/devuser/conda/envs/py312/bin/../lib/libstdc++.so.6)
frame #7: <unknown function> + 0x9caa4 (0x7d8dad6c7aa4 in /lib/x86_64-linux-gnu/libc.so.6)
frame #8: __clone + 0x44 (0x7d8dad754a64 in /lib/x86_64-linux-gnu/libc.so.6)

[rank1]:[W813 07:24:32.620756619 ProcessGroupNCCL.cpp:1900] [PG ID 0 PG GUID 0(default_pg) Rank 1] Failed to check the "should dump" flag on TCPStore, (maybe TCPStore server has shut down too early), with error: Broken pipe
[rank2]:[W813 07:24:32.620794278 TCPStore.cpp:106] [c10d] sendBytes failed on SocketImpl(fd=100, addr=[localhost]:49326, remote=[sgl-b300-inference.datacrunch.io]:33691): Broken pipe
Exception raised from sendBytes at /__w/pytorch/pytorch/torch/csrc/distributed/c10d/Utils.hpp:758 (most recent call first):
frame #0: c10::Error::Error(c10::SourceLocation, std::__cxx11::basic_string<char, std::char_traits<char>, std::allocator<char> >) + 0x9d (0x7dc559d6933d in /home/devuser/conda/envs/py312/lib/python3.12/site-packages/torch/lib/libc10.so)
frame #1: <unknown function> + 0x6811231 (0x7dc4b835b231 in /home/devuser/conda/envs/py312/lib/python3.12/site-packages/torch/lib/libtorch_cpu.so)
frame #2: <unknown function> + 0x68123e1 (0x7dc4b835c3e1 in /home/devuser/conda/envs/py312/lib/python3.12/site-packages/torch/lib/libtorch_cpu.so)
frame #3: <unknown function> + 0x681258d (0x7dc4b835c58d in /home/devuser/conda/envs/py312/lib/python3.12/site-packages/torch/lib/libtorch_cpu.so)
frame #4: c10d::TCPStore::check(std::vector<std::__cxx11::basic_string<char, std::char_traits<char>, std::allocator<char> >, std::allocator<std::__cxx11::basic_string<char, std::char_traits<char>, std::allocator<char> > > > const&) + 0x35d (0x7dc4b83551dd in /home/devuser/conda/envs/py312/lib/python3.12/site-packages/torch/lib/libtorch_cpu.so)
frame #5: c10d::ProcessGroupNCCL::HeartbeatMonitor::runLoop() + 0x436 (0x7dc493f8d0e6 in /home/devuser/conda/envs/py312/lib/python3.12/site-packages/torch/lib/libtorch_cuda.so)
frame #6: <unknown function> + 0xef5e4 (0x7dc5598705e4 in /home/devuser/conda/envs/py312/bin/../lib/libstdc++.so.6)
frame #7: <unknown function> + 0x9caa4 (0x7dc55ac7aaa4 in /lib/x86_64-linux-gnu/libc.so.6)
frame #8: __clone + 0x44 (0x7dc55ad07a64 in /lib/x86_64-linux-gnu/libc.so.6)

[rank2]:[W813 07:24:32.622736200 ProcessGroupNCCL.cpp:1900] [PG ID 0 PG GUID 0(default_pg) Rank 2] Failed to check the "should dump" flag on TCPStore, (maybe TCPStore server has shut down too early), with error: Broken pipe
[rank3]:[W813 07:24:32.622768459 TCPStore.cpp:106] [c10d] sendBytes failed on SocketImpl(fd=100, addr=[localhost]:49296, remote=[sgl-b300-inference.datacrunch.io]:33691): Broken pipe
Exception raised from sendBytes at /__w/pytorch/pytorch/torch/csrc/distributed/c10d/Utils.hpp:758 (most recent call first):
frame #0: c10::Error::Error(c10::SourceLocation, std::__cxx11::basic_string<char, std::char_traits<char>, std::allocator<char> >) + 0x9d (0x75604f96933d in /home/devuser/conda/envs/py312/lib/python3.12/site-packages/torch/lib/libc10.so)
frame #1: <unknown function> + 0x6811231 (0x755fadf5b231 in /home/devuser/conda/envs/py312/lib/python3.12/site-packages/torch/lib/libtorch_cpu.so)
frame #2: <unknown function> + 0x68123e1 (0x755fadf5c3e1 in /home/devuser/conda/envs/py312/lib/python3.12/site-packages/torch/lib/libtorch_cpu.so)
frame #3: <unknown function> + 0x681258d (0x755fadf5c58d in /home/devuser/conda/envs/py312/lib/python3.12/site-packages/torch/lib/libtorch_cpu.so)
frame #4: c10d::TCPStore::check(std::vector<std::__cxx11::basic_string<char, std::char_traits<char>, std::allocator<char> >, std::allocator<std::__cxx11::basic_string<char, std::char_traits<char>, std::allocator<char> > > > const&) + 0x35d (0x755fadf551dd in /home/devuser/conda/envs/py312/lib/python3.12/site-packages/torch/lib/libtorch_cpu.so)
frame #5: c10d::ProcessGroupNCCL::HeartbeatMonitor::runLoop() + 0x436 (0x755f89b8d0e6 in /home/devuser/conda/envs/py312/lib/python3.12/site-packages/torch/lib/libtorch_cuda.so)
frame #6: <unknown function> + 0xef5e4 (0x75604f4705e4 in /home/devuser/conda/envs/py312/bin/../lib/libstdc++.so.6)
frame #7: <unknown function> + 0x9caa4 (0x7560508c5aa4 in /lib/x86_64-linux-gnu/libc.so.6)
frame #8: __clone + 0x44 (0x756050952a64 in /lib/x86_64-linux-gnu/libc.so.6)

[rank3]:[W813 07:24:32.624736470 ProcessGroupNCCL.cpp:1900] [PG ID 0 PG GUID 0(default_pg) Rank 3] Failed to check the "should dump" flag on TCPStore, (maybe TCPStore server has shut down too early), with error: Broken pipe
[rank6]:[W813 07:24:32.624773819 TCPStore.cpp:106] [c10d] sendBytes failed on SocketImpl(fd=100, addr=[localhost]:49280, remote=[sgl-b300-inference.datacrunch.io]:33691): Broken pipe
Exception raised from sendBytes at /__w/pytorch/pytorch/torch/csrc/distributed/c10d/Utils.hpp:758 (most recent call first):
frame #0: c10::Error::Error(c10::SourceLocation, std::__cxx11::basic_string<char, std::char_traits<char>, std::allocator<char> >) + 0x9d (0x79e54e76933d in /home/devuser/conda/envs/py312/lib/python3.12/site-packages/torch/lib/libc10.so)
frame #1: <unknown function> + 0x6811231 (0x79e4dbb5b231 in /home/devuser/conda/envs/py312/lib/python3.12/site-packages/torch/lib/libtorch_cpu.so)
frame #2: <unknown function> + 0x68123e1 (0x79e4dbb5c3e1 in /home/devuser/conda/envs/py312/lib/python3.12/site-packages/torch/lib/libtorch_cpu.so)
frame #3: <unknown function> + 0x681258d (0x79e4dbb5c58d in /home/devuser/conda/envs/py312/lib/python3.12/site-packages/torch/lib/libtorch_cpu.so)
frame #4: c10d::TCPStore::check(std::vector<std::__cxx11::basic_string<char, std::char_traits<char>, std::allocator<char> >, std::allocator<std::__cxx11::basic_string<char, std::char_traits<char>, std::allocator<char> > > > const&) + 0x35d (0x79e4dbb551dd in /home/devuser/conda/envs/py312/lib/python3.12/site-packages/torch/lib/libtorch_cpu.so)
frame #5: c10d::ProcessGroupNCCL::HeartbeatMonitor::runLoop() + 0x436 (0x79e4b778d0e6 in /home/devuser/conda/envs/py312/lib/python3.12/site-packages/torch/lib/libtorch_cuda.so)
frame #6: <unknown function> + 0xef5e4 (0x79e57d0705e4 in /home/devuser/conda/envs/py312/bin/../lib/libstdc++.so.6)
frame #7: <unknown function> + 0x9caa4 (0x79e57e3cdaa4 in /lib/x86_64-linux-gnu/libc.so.6)
frame #8: __clone + 0x44 (0x79e57e45aa64 in /lib/x86_64-linux-gnu/libc.so.6)

[rank6]:[W813 07:24:32.626723451 ProcessGroupNCCL.cpp:1900] [PG ID 0 PG GUID 0(default_pg) Rank 6] Failed to check the "should dump" flag on TCPStore, (maybe TCPStore server has shut down too early), with error: Broken pipe
[rank0]:[W813 07:24:32.626756930 TCPStore.cpp:106] [c10d] sendBytes failed on SocketImpl(fd=100, addr=[localhost]:49270, remote=[sgl-b300-inference.datacrunch.io]:33691): Broken pipe
Exception raised from sendBytes at /__w/pytorch/pytorch/torch/csrc/distributed/c10d/Utils.hpp:758 (most recent call first):
frame #0: c10::Error::Error(c10::SourceLocation, std::__cxx11::basic_string<char, std::char_traits<char>, std::allocator<char> >) + 0x9d (0x76c6d456933d in /home/devuser/conda/envs/py312/lib/python3.12/site-packages/torch/lib/libc10.so)
frame #1: <unknown function> + 0x6811231 (0x76c66195b231 in /home/devuser/conda/envs/py312/lib/python3.12/site-packages/torch/lib/libtorch_cpu.so)
frame #2: <unknown function> + 0x68123e1 (0x76c66195c3e1 in /home/devuser/conda/envs/py312/lib/python3.12/site-packages/torch/lib/libtorch_cpu.so)
frame #3: <unknown function> + 0x681258d (0x76c66195c58d in /home/devuser/conda/envs/py312/lib/python3.12/site-packages/torch/lib/libtorch_cpu.so)
frame #4: c10d::TCPStore::check(std::vector<std::__cxx11::basic_string<char, std::char_traits<char>, std::allocator<char> >, std::allocator<std::__cxx11::basic_string<char, std::char_traits<char>, std::allocator<char> > > > const&) + 0x35d (0x76c6619551dd in /home/devuser/conda/envs/py312/lib/python3.12/site-packages/torch/lib/libtorch_cpu.so)
frame #5: c10d::ProcessGroupNCCL::HeartbeatMonitor::runLoop() + 0x436 (0x76c63d58d0e6 in /home/devuser/conda/envs/py312/lib/python3.12/site-packages/torch/lib/libtorch_cuda.so)
frame #6: <unknown function> + 0xef5e4 (0x76c702e705e4 in /home/devuser/conda/envs/py312/bin/../lib/libstdc++.so.6)
frame #7: <unknown function> + 0x9caa4 (0x76c70414faa4 in /lib/x86_64-linux-gnu/libc.so.6)
frame #8: __clone + 0x44 (0x76c7041dca64 in /lib/x86_64-linux-gnu/libc.so.6)

[rank0]:[W813 07:24:32.628690802 ProcessGroupNCCL.cpp:1900] [PG ID 0 PG GUID 0(default_pg) Rank 0] Failed to check the "should dump" flag on TCPStore, (maybe TCPStore server has shut down too early), with error: Broken pipe
[rank5]:[W813 07:24:32.628728751 TCPStore.cpp:106] [c10d] sendBytes failed on SocketImpl(fd=100, addr=[localhost]:49286, remote=[sgl-b300-inference.datacrunch.io]:33691): Broken pipe
Exception raised from sendBytes at /__w/pytorch/pytorch/torch/csrc/distributed/c10d/Utils.hpp:758 (most recent call first):
frame #0: c10::Error::Error(c10::SourceLocation, std::__cxx11::basic_string<char, std::char_traits<char>, std::allocator<char> >) + 0x9d (0x7dcf2856933d in /home/devuser/conda/envs/py312/lib/python3.12/site-packages/torch/lib/libc10.so)
frame #1: <unknown function> + 0x6811231 (0x7dce86b5b231 in /home/devuser/conda/envs/py312/lib/python3.12/site-packages/torch/lib/libtorch_cpu.so)
frame #2: <unknown function> + 0x68123e1 (0x7dce86b5c3e1 in /home/devuser/conda/envs/py312/lib/python3.12/site-packages/torch/lib/libtorch_cpu.so)
frame #3: <unknown function> + 0x681258d (0x7dce86b5c58d in /home/devuser/conda/envs/py312/lib/python3.12/site-packages/torch/lib/libtorch_cpu.so)
frame #4: c10d::TCPStore::check(std::vector<std::__cxx11::basic_string<char, std::char_traits<char>, std::allocator<char> >, std::allocator<std::__cxx11::basic_string<char, std::char_traits<char>, std::allocator<char> > > > const&) + 0x35d (0x7dce86b551dd in /home/devuser/conda/envs/py312/lib/python3.12/site-packages/torch/lib/libtorch_cpu.so)
frame #5: c10d::ProcessGroupNCCL::HeartbeatMonitor::runLoop() + 0x436 (0x7dce6278d0e6 in /home/devuser/conda/envs/py312/lib/python3.12/site-packages/torch/lib/libtorch_cuda.so)
frame #6: <unknown function> + 0xef5e4 (0x7dcf280705e4 in /home/devuser/conda/envs/py312/bin/../lib/libstdc++.so.6)
frame #7: <unknown function> + 0x9caa4 (0x7dcf29462aa4 in /lib/x86_64-linux-gnu/libc.so.6)
frame #8: __clone + 0x44 (0x7dcf294efa64 in /lib/x86_64-linux-gnu/libc.so.6)

[rank5]:[W813 07:24:32.630673453 ProcessGroupNCCL.cpp:1900] [PG ID 0 PG GUID 0(default_pg) Rank 5] Failed to check the "should dump" flag on TCPStore, (maybe TCPStore server has shut down too early), with error: Broken pipe
[rank7]:[W813 07:24:32.630706752 TCPStore.cpp:106] [c10d] sendBytes failed on SocketImpl(fd=100, addr=[localhost]:49310, remote=[sgl-b300-inference.datacrunch.io]:33691): Broken pipe
Exception raised from sendBytes at /__w/pytorch/pytorch/torch/csrc/distributed/c10d/Utils.hpp:758 (most recent call first):
frame #0: c10::Error::Error(c10::SourceLocation, std::__cxx11::basic_string<char, std::char_traits<char>, std::allocator<char> >) + 0x9d (0x78f0b036933d in /home/devuser/conda/envs/py312/lib/python3.12/site-packages/torch/lib/libc10.so)
frame #1: <unknown function> + 0x6811231 (0x78f00e95b231 in /home/devuser/conda/envs/py312/lib/python3.12/site-packages/torch/lib/libtorch_cpu.so)
frame #2: <unknown function> + 0x68123e1 (0x78f00e95c3e1 in /home/devuser/conda/envs/py312/lib/python3.12/site-packages/torch/lib/libtorch_cpu.so)
frame #3: <unknown function> + 0x681258d (0x78f00e95c58d in /home/devuser/conda/envs/py312/lib/python3.12/site-packages/torch/lib/libtorch_cpu.so)
frame #4: c10d::TCPStore::check(std::vector<std::__cxx11::basic_string<char, std::char_traits<char>, std::allocator<char> >, std::allocator<std::__cxx11::basic_string<char, std::char_traits<char>, std::allocator<char> > > > const&) + 0x35d (0x78f00e9551dd in /home/devuser/conda/envs/py312/lib/python3.12/site-packages/torch/lib/libtorch_cpu.so)
frame #5: c10d::ProcessGroupNCCL::HeartbeatMonitor::runLoop() + 0x436 (0x78efea58d0e6 in /home/devuser/conda/envs/py312/lib/python3.12/site-packages/torch/lib/libtorch_cuda.so)
frame #6: <unknown function> + 0xef5e4 (0x78f0afe705e4 in /home/devuser/conda/envs/py312/bin/../lib/libstdc++.so.6)
frame #7: <unknown function> + 0x9caa4 (0x78f0b12b7aa4 in /lib/x86_64-linux-gnu/libc.so.6)
frame #8: __clone + 0x44 (0x78f0b1344a64 in /lib/x86_64-linux-gnu/libc.so.6)

[rank7]:[W813 07:24:32.632636645 ProcessGroupNCCL.cpp:1900] [PG ID 0 PG GUID 0(default_pg) Rank 7] Failed to check the "should dump" flag on TCPStore, (maybe TCPStore server has shut down too early), with error: Broken pipe
[rank1]:[W813 07:24:33.620862306 TCPStore.cpp:106] [c10d] sendBytes failed on SocketImpl(fd=100, addr=[localhost]:49304, remote=[sgl-b300-inference.datacrunch.io]:33691): Broken pipe
Exception raised from sendBytes at /__w/pytorch/pytorch/torch/csrc/distributed/c10d/Utils.hpp:758 (most recent call first):
frame #0: c10::Error::Error(c10::SourceLocation, std::__cxx11::basic_string<char, std::char_traits<char>, std::allocator<char> >) + 0x9d (0x7d8dac76933d in /home/devuser/conda/envs/py312/lib/python3.12/site-packages/torch/lib/libc10.so)
frame #1: <unknown function> + 0x6811231 (0x7d8d0ad5b231 in /home/devuser/conda/envs/py312/lib/python3.12/site-packages/torch/lib/libtorch_cpu.so)
frame #2: <unknown function> + 0x68123e1 (0x7d8d0ad5c3e1 in /home/devuser/conda/envs/py312/lib/python3.12/site-packages/torch/lib/libtorch_cpu.so)
frame #3: <unknown function> + 0x681258d (0x7d8d0ad5c58d in /home/devuser/conda/envs/py312/lib/python3.12/site-packages/torch/lib/libtorch_cpu.so)
frame #4: c10d::TCPStore::check(std::vector<std::__cxx11::basic_string<char, std::char_traits<char>, std::allocator<char> >, std::allocator<std::__cxx11::basic_string<char, std::char_traits<char>, std::allocator<char> > > > const&) + 0x35d (0x7d8d0ad551dd in /home/devuser/conda/envs/py312/lib/python3.12/site-packages/torch/lib/libtorch_cpu.so)
frame #5: c10d::ProcessGroupNCCL::HeartbeatMonitor::runLoop() + 0x436 (0x7d8ce698d0e6 in /home/devuser/conda/envs/py312/lib/python3.12/site-packages/torch/lib/libtorch_cuda.so)
frame #6: <unknown function> + 0xef5e4 (0x7d8dac2705e4 in /home/devuser/conda/envs/py312/bin/../lib/libstdc++.so.6)
frame #7: <unknown function> + 0x9caa4 (0x7d8dad6c7aa4 in /lib/x86_64-linux-gnu/libc.so.6)
frame #8: __clone + 0x44 (0x7d8dad754a64 in /lib/x86_64-linux-gnu/libc.so.6)

[rank1]:[W813 07:24:33.623187728 ProcessGroupNCCL.cpp:1900] [PG ID 0 PG GUID 0(default_pg) Rank 1] Failed to check the "should dump" flag on TCPStore, (maybe TCPStore server has shut down too early), with error: Broken pipe
[rank0]:[W813 07:24:33.628782499 TCPStore.cpp:106] [c10d] sendBytes failed on SocketImpl(fd=100, addr=[localhost]:49270, remote=[sgl-b300-inference.datacrunch.io]:33691): Broken pipe
Exception raised from sendBytes at /__w/pytorch/pytorch/torch/csrc/distributed/c10d/Utils.hpp:758 (most recent call first):
frame #0: c10::Error::Error(c10::SourceLocation, std::__cxx11::basic_string<char, std::char_traits<char>, std::allocator<char> >) + 0x9d (0x76c6d456933d in /home/devuser/conda/envs/py312/lib/python3.12/site-packages/torch/lib/libc10.so)
frame #1: <unknown function> + 0x6811231 (0x76c66195b231 in /home/devuser/conda/envs/py312/lib/python3.12/site-packages/torch/lib/libtorch_cpu.so)
frame #2: <unknown function> + 0x68123e1 (0x76c66195c3e1 in /home/devuser/conda/envs/py312/lib/python3.12/site-packages/torch/lib/libtorch_cpu.so)
frame #3: <unknown function> + 0x681258d (0x76c66195c58d in /home/devuser/conda/envs/py312/lib/python3.12/site-packages/torch/lib/libtorch_cpu.so)
frame #4: c10d::TCPStore::check(std::vector<std::__cxx11::basic_string<char, std::char_traits<char>, std::allocator<char> >, std::allocator<std::__cxx11::basic_string<char, std::char_traits<char>, std::allocator<char> > > > const&) + 0x35d (0x76c6619551dd in /home/devuser/conda/envs/py312/lib/python3.12/site-packages/torch/lib/libtorch_cpu.so)
frame #5: c10d::ProcessGroupNCCL::HeartbeatMonitor::runLoop() + 0x436 (0x76c63d58d0e6 in /home/devuser/conda/envs/py312/lib/python3.12/site-packages/torch/lib/libtorch_cuda.so)
frame #6: <unknown function> + 0xef5e4 (0x76c702e705e4 in /home/devuser/conda/envs/py312/bin/../lib/libstdc++.so.6)
frame #7: <unknown function> + 0x9caa4 (0x76c70414faa4 in /lib/x86_64-linux-gnu/libc.so.6)
frame #8: __clone + 0x44 (0x76c7041dca64 in /lib/x86_64-linux-gnu/libc.so.6)

[rank0]:[W813 07:24:33.630694712 ProcessGroupNCCL.cpp:1900] [PG ID 0 PG GUID 0(default_pg) Rank 0] Failed to check the "should dump" flag on TCPStore, (maybe TCPStore server has shut down too early), with error: Broken pipe
[rank2]:[W813 07:24:33.630734191 TCPStore.cpp:106] [c10d] sendBytes failed on SocketImpl(fd=100, addr=[localhost]:49326, remote=[sgl-b300-inference.datacrunch.io]:33691): Broken pipe
Exception raised from sendBytes at /__w/pytorch/pytorch/torch/csrc/distributed/c10d/Utils.hpp:758 (most recent call first):
frame #0: c10::Error::Error(c10::SourceLocation, std::__cxx11::basic_string<char, std::char_traits<char>, std::allocator<char> >) + 0x9d (0x7dc559d6933d in /home/devuser/conda/envs/py312/lib/python3.12/site-packages/torch/lib/libc10.so)
frame #1: <unknown function> + 0x6811231 (0x7dc4b835b231 in /home/devuser/conda/envs/py312/lib/python3.12/site-packages/torch/lib/libtorch_cpu.so)
frame #2: <unknown function> + 0x68123e1 (0x7dc4b835c3e1 in /home/devuser/conda/envs/py312/lib/python3.12/site-packages/torch/lib/libtorch_cpu.so)
frame #3: <unknown function> + 0x681258d (0x7dc4b835c58d in /home/devuser/conda/envs/py312/lib/python3.12/site-packages/torch/lib/libtorch_cpu.so)
frame #4: c10d::TCPStore::check(std::vector<std::__cxx11::basic_string<char, std::char_traits<char>, std::allocator<char> >, std::allocator<std::__cxx11::basic_string<char, std::char_traits<char>, std::allocator<char> > > > const&) + 0x35d (0x7dc4b83551dd in /home/devuser/conda/envs/py312/lib/python3.12/site-packages/torch/lib/libtorch_cpu.so)
frame #5: c10d::ProcessGroupNCCL::HeartbeatMonitor::runLoop() + 0x436 (0x7dc493f8d0e6 in /home/devuser/conda/envs/py312/lib/python3.12/site-packages/torch/lib/libtorch_cuda.so)
frame #6: <unknown function> + 0xef5e4 (0x7dc5598705e4 in /home/devuser/conda/envs/py312/bin/../lib/libstdc++.so.6)
frame #7: <unknown function> + 0x9caa4 (0x7dc55ac7aaa4 in /lib/x86_64-linux-gnu/libc.so.6)
frame #8: __clone + 0x44 (0x7dc55ad07a64 in /lib/x86_64-linux-gnu/libc.so.6)

[rank2]:[W813 07:24:33.632685902 ProcessGroupNCCL.cpp:1900] [PG ID 0 PG GUID 0(default_pg) Rank 2] Failed to check the "should dump" flag on TCPStore, (maybe TCPStore server has shut down too early), with error: Broken pipe
[rank4]:[W813 07:24:33.620702830 TCPStore.cpp:106] [c10d] sendBytes failed on SocketImpl(fd=100, addr=[localhost]:49282, remote=[sgl-b300-inference.datacrunch.io]:33691): Broken pipe
Exception raised from sendBytes at /__w/pytorch/pytorch/torch/csrc/distributed/c10d/Utils.hpp:758 (most recent call first):
frame #0: c10::Error::Error(c10::SourceLocation, std::__cxx11::basic_string<char, std::char_traits<char>, std::allocator<char> >) + 0x9d (0x75c75ab6933d in /home/devuser/conda/envs/py312/lib/python3.12/site-packages/torch/lib/libc10.so)
frame #1: <unknown function> + 0x6811231 (0x75c6b915b231 in /home/devuser/conda/envs/py312/lib/python3.12/site-packages/torch/lib/libtorch_cpu.so)
frame #2: <unknown function> + 0x68123e1 (0x75c6b915c3e1 in /home/devuser/conda/envs/py312/lib/python3.12/site-packages/torch/lib/libtorch_cpu.so)
frame #3: <unknown function> + 0x681258d (0x75c6b915c58d in /home/devuser/conda/envs/py312/lib/python3.12/site-packages/torch/lib/libtorch_cpu.so)
frame #4: c10d::TCPStore::check(std::vector<std::__cxx11::basic_string<char, std::char_traits<char>, std::allocator<char> >, std::allocator<std::__cxx11::basic_string<char, std::char_traits<char>, std::allocator<char> > > > const&) + 0x35d (0x75c6b91551dd in /home/devuser/conda/envs/py312/lib/python3.12/site-packages/torch/lib/libtorch_cpu.so)
frame #5: c10d::ProcessGroupNCCL::HeartbeatMonitor::runLoop() + 0x436 (0x75c694d8d0e6 in /home/devuser/conda/envs/py312/lib/python3.12/site-packages/torch/lib/libtorch_cuda.so)
frame #6: <unknown function> + 0xef5e4 (0x75c75a6705e4 in /home/devuser/conda/envs/py312/bin/../lib/libstdc++.so.6)
frame #7: <unknown function> + 0x9caa4 (0x75c75ba7caa4 in /lib/x86_64-linux-gnu/libc.so.6)
frame #8: __clone + 0x44 (0x75c75bb09a64 in /lib/x86_64-linux-gnu/libc.so.6)

[rank4]:[W813 07:24:33.632962386 ProcessGroupNCCL.cpp:1900] [PG ID 0 PG GUID 0(default_pg) Rank 4] Failed to check the "should dump" flag on TCPStore, (maybe TCPStore server has shut down too early), with error: Broken pipe
[rank5]:[W813 07:24:33.633008065 TCPStore.cpp:106] [c10d] sendBytes failed on SocketImpl(fd=100, addr=[localhost]:49286, remote=[sgl-b300-inference.datacrunch.io]:33691): Broken pipe
Exception raised from sendBytes at /__w/pytorch/pytorch/torch/csrc/distributed/c10d/Utils.hpp:758 (most recent call first):
frame #0: c10::Error::Error(c10::SourceLocation, std::__cxx11::basic_string<char, std::char_traits<char>, std::allocator<char> >) + 0x9d (0x7dcf2856933d in /home/devuser/conda/envs/py312/lib/python3.12/site-packages/torch/lib/libc10.so)
frame #1: <unknown function> + 0x6811231 (0x7dce86b5b231 in /home/devuser/conda/envs/py312/lib/python3.12/site-packages/torch/lib/libtorch_cpu.so)
frame #2: <unknown function> + 0x68123e1 (0x7dce86b5c3e1 in /home/devuser/conda/envs/py312/lib/python3.12/site-packages/torch/lib/libtorch_cpu.so)
frame #3: <unknown function> + 0x681258d (0x7dce86b5c58d in /home/devuser/conda/envs/py312/lib/python3.12/site-packages/torch/lib/libtorch_cpu.so)
frame #4: c10d::TCPStore::check(std::vector<std::__cxx11::basic_string<char, std::char_traits<char>, std::allocator<char> >, std::allocator<std::__cxx11::basic_string<char, std::char_traits<char>, std::allocator<char> > > > const&) + 0x35d (0x7dce86b551dd in /home/devuser/conda/envs/py312/lib/python3.12/site-packages/torch/lib/libtorch_cpu.so)
frame #5: c10d::ProcessGroupNCCL::HeartbeatMonitor::runLoop() + 0x436 (0x7dce6278d0e6 in /home/devuser/conda/envs/py312/lib/python3.12/site-packages/torch/lib/libtorch_cuda.so)
frame #6: <unknown function> + 0xef5e4 (0x7dcf280705e4 in /home/devuser/conda/envs/py312/bin/../lib/libstdc++.so.6)
frame #7: <unknown function> + 0x9caa4 (0x7dcf29462aa4 in /lib/x86_64-linux-gnu/libc.so.6)
frame #8: __clone + 0x44 (0x7dcf294efa64 in /lib/x86_64-linux-gnu/libc.so.6)

[rank5]:[W813 07:24:33.634900267 ProcessGroupNCCL.cpp:1900] [PG ID 0 PG GUID 0(default_pg) Rank 5] Failed to check the "should dump" flag on TCPStore, (maybe TCPStore server has shut down too early), with error: Broken pipe
[rank7]:[W813 07:24:33.634936277 TCPStore.cpp:106] [c10d] sendBytes failed on SocketImpl(fd=100, addr=[localhost]:49310, remote=[sgl-b300-inference.datacrunch.io]:33691): Broken pipe
Exception raised from sendBytes at /__w/pytorch/pytorch/torch/csrc/distributed/c10d/Utils.hpp:758 (most recent call first):
frame #0: c10::Error::Error(c10::SourceLocation, std::__cxx11::basic_string<char, std::char_traits<char>, std::allocator<char> >) + 0x9d (0x78f0b036933d in /home/devuser/conda/envs/py312/lib/python3.12/site-packages/torch/lib/libc10.so)
frame #1: <unknown function> + 0x6811231 (0x78f00e95b231 in /home/devuser/conda/envs/py312/lib/python3.12/site-packages/torch/lib/libtorch_cpu.so)
frame #2: <unknown function> + 0x68123e1 (0x78f00e95c3e1 in /home/devuser/conda/envs/py312/lib/python3.12/site-packages/torch/lib/libtorch_cpu.so)
frame #3: <unknown function> + 0x681258d (0x78f00e95c58d in /home/devuser/conda/envs/py312/lib/python3.12/site-packages/torch/lib/libtorch_cpu.so)
frame #4: c10d::TCPStore::check(std::vector<std::__cxx11::basic_string<char, std::char_traits<char>, std::allocator<char> >, std::allocator<std::__cxx11::basic_string<char, std::char_traits<char>, std::allocator<char> > > > const&) + 0x35d (0x78f00e9551dd in /home/devuser/conda/envs/py312/lib/python3.12/site-packages/torch/lib/libtorch_cpu.so)
frame #5: c10d::ProcessGroupNCCL::HeartbeatMonitor::runLoop() + 0x436 (0x78efea58d0e6 in /home/devuser/conda/envs/py312/lib/python3.12/site-packages/torch/lib/libtorch_cuda.so)
frame #6: <unknown function> + 0xef5e4 (0x78f0afe705e4 in /home/devuser/conda/envs/py312/bin/../lib/libstdc++.so.6)
frame #7: <unknown function> + 0x9caa4 (0x78f0b12b7aa4 in /lib/x86_64-linux-gnu/libc.so.6)
frame #8: __clone + 0x44 (0x78f0b1344a64 in /lib/x86_64-linux-gnu/libc.so.6)

[rank7]:[W813 07:24:33.636856139 ProcessGroupNCCL.cpp:1900] [PG ID 0 PG GUID 0(default_pg) Rank 7] Failed to check the "should dump" flag on TCPStore, (maybe TCPStore server has shut down too early), with error: Broken pipe
[rank6]:[W813 07:24:33.626810939 TCPStore.cpp:106] [c10d] sendBytes failed on SocketImpl(fd=100, addr=[localhost]:49280, remote=[sgl-b300-inference.datacrunch.io]:33691): Broken pipe
Exception raised from sendBytes at /__w/pytorch/pytorch/torch/csrc/distributed/c10d/Utils.hpp:758 (most recent call first):
frame #0: c10::Error::Error(c10::SourceLocation, std::__cxx11::basic_string<char, std::char_traits<char>, std::allocator<char> >) + 0x9d (0x79e54e76933d in /home/devuser/conda/envs/py312/lib/python3.12/site-packages/torch/lib/libc10.so)
frame #1: <unknown function> + 0x6811231 (0x79e4dbb5b231 in /home/devuser/conda/envs/py312/lib/python3.12/site-packages/torch/lib/libtorch_cpu.so)
frame #2: <unknown function> + 0x68123e1 (0x79e4dbb5c3e1 in /home/devuser/conda/envs/py312/lib/python3.12/site-packages/torch/lib/libtorch_cpu.so)
frame #3: <unknown function> + 0x681258d (0x79e4dbb5c58d in /home/devuser/conda/envs/py312/lib/python3.12/site-packages/torch/lib/libtorch_cpu.so)
frame #4: c10d::TCPStore::check(std::vector<std::__cxx11::basic_string<char, std::char_traits<char>, std::allocator<char> >, std::allocator<std::__cxx11::basic_string<char, std::char_traits<char>, std::allocator<char> > > > const&) + 0x35d (0x79e4dbb551dd in /home/devuser/conda/envs/py312/lib/python3.12/site-packages/torch/lib/libtorch_cpu.so)
frame #5: c10d::ProcessGroupNCCL::HeartbeatMonitor::runLoop() + 0x436 (0x79e4b778d0e6 in /home/devuser/conda/envs/py312/lib/python3.12/site-packages/torch/lib/libtorch_cuda.so)
frame #6: <unknown function> + 0xef5e4 (0x79e57d0705e4 in /home/devuser/conda/envs/py312/bin/../lib/libstdc++.so.6)
frame #7: <unknown function> + 0x9caa4 (0x79e57e3cdaa4 in /lib/x86_64-linux-gnu/libc.so.6)
frame #8: __clone + 0x44 (0x79e57e45aa64 in /lib/x86_64-linux-gnu/libc.so.6)

[rank6]:[W813 07:24:33.636890089 ProcessGroupNCCL.cpp:1900] [PG ID 0 PG GUID 0(default_pg) Rank 6] Failed to check the "should dump" flag on TCPStore, (maybe TCPStore server has shut down too early), with error: Broken pipe
[rank3]:[W813 07:24:33.624827197 TCPStore.cpp:106] [c10d] sendBytes failed on SocketImpl(fd=100, addr=[localhost]:49296, remote=[sgl-b300-inference.datacrunch.io]:33691): Broken pipe
Exception raised from sendBytes at /__w/pytorch/pytorch/torch/csrc/distributed/c10d/Utils.hpp:758 (most recent call first):
frame #0: c10::Error::Error(c10::SourceLocation, std::__cxx11::basic_string<char, std::char_traits<char>, std::allocator<char> >) + 0x9d (0x75604f96933d in /home/devuser/conda/envs/py312/lib/python3.12/site-packages/torch/lib/libc10.so)
frame #1: <unknown function> + 0x6811231 (0x755fadf5b231 in /home/devuser/conda/envs/py312/lib/python3.12/site-packages/torch/lib/libtorch_cpu.so)
frame #2: <unknown function> + 0x68123e1 (0x755fadf5c3e1 in /home/devuser/conda/envs/py312/lib/python3.12/site-packages/torch/lib/libtorch_cpu.so)
frame #3: <unknown function> + 0x681258d (0x755fadf5c58d in /home/devuser/conda/envs/py312/lib/python3.12/site-packages/torch/lib/libtorch_cpu.so)
frame #4: c10d::TCPStore::check(std::vector<std::__cxx11::basic_string<char, std::char_traits<char>, std::allocator<char> >, std::allocator<std::__cxx11::basic_string<char, std::char_traits<char>, std::allocator<char> > > > const&) + 0x35d (0x755fadf551dd in /home/devuser/conda/envs/py312/lib/python3.12/site-packages/torch/lib/libtorch_cpu.so)
frame #5: c10d::ProcessGroupNCCL::HeartbeatMonitor::runLoop() + 0x436 (0x755f89b8d0e6 in /home/devuser/conda/envs/py312/lib/python3.12/site-packages/torch/lib/libtorch_cuda.so)
frame #6: <unknown function> + 0xef5e4 (0x75604f4705e4 in /home/devuser/conda/envs/py312/bin/../lib/libstdc++.so.6)
frame #7: <unknown function> + 0x9caa4 (0x7560508c5aa4 in /lib/x86_64-linux-gnu/libc.so.6)
frame #8: __clone + 0x44 (0x756050952a64 in /lib/x86_64-linux-gnu/libc.so.6)

[rank3]:[W813 07:24:33.636911617 ProcessGroupNCCL.cpp:1900] [PG ID 0 PG GUID 0(default_pg) Rank 3] Failed to check the "should dump" flag on TCPStore, (maybe TCPStore server has shut down too early), with error: Broken pipe
[rank1]:[W813 07:24:34.623293702 TCPStore.cpp:106] [c10d] sendBytes failed on SocketImpl(fd=100, addr=[localhost]:49304, remote=[sgl-b300-inference.datacrunch.io]:33691): Broken pipe
Exception raised from sendBytes at /__w/pytorch/pytorch/torch/csrc/distributed/c10d/Utils.hpp:758 (most recent call first):
frame #0: c10::Error::Error(c10::SourceLocation, std::__cxx11::basic_string<char, std::char_traits<char>, std::allocator<char> >) + 0x9d (0x7d8dac76933d in /home/devuser/conda/envs/py312/lib/python3.12/site-packages/torch/lib/libc10.so)
frame #1: <unknown function> + 0x6811231 (0x7d8d0ad5b231 in /home/devuser/conda/envs/py312/lib/python3.12/site-packages/torch/lib/libtorch_cpu.so)
frame #2: <unknown function> + 0x68123e1 (0x7d8d0ad5c3e1 in /home/devuser/conda/envs/py312/lib/python3.12/site-packages/torch/lib/libtorch_cpu.so)
frame #3: <unknown function> + 0x681258d (0x7d8d0ad5c58d in /home/devuser/conda/envs/py312/lib/python3.12/site-packages/torch/lib/libtorch_cpu.so)
frame #4: c10d::TCPStore::check(std::vector<std::__cxx11::basic_string<char, std::char_traits<char>, std::allocator<char> >, std::allocator<std::__cxx11::basic_string<char, std::char_traits<char>, std::allocator<char> > > > const&) + 0x35d (0x7d8d0ad551dd in /home/devuser/conda/envs/py312/lib/python3.12/site-packages/torch/lib/libtorch_cpu.so)
frame #5: c10d::ProcessGroupNCCL::HeartbeatMonitor::runLoop() + 0x436 (0x7d8ce698d0e6 in /home/devuser/conda/envs/py312/lib/python3.12/site-packages/torch/lib/libtorch_cuda.so)
frame #6: <unknown function> + 0xef5e4 (0x7d8dac2705e4 in /home/devuser/conda/envs/py312/bin/../lib/libstdc++.so.6)
frame #7: <unknown function> + 0x9caa4 (0x7d8dad6c7aa4 in /lib/x86_64-linux-gnu/libc.so.6)
frame #8: __clone + 0x44 (0x7d8dad754a64 in /lib/x86_64-linux-gnu/libc.so.6)

[rank1]:[W813 07:24:34.625510647 ProcessGroupNCCL.cpp:1900] [PG ID 0 PG GUID 0(default_pg) Rank 1] Failed to check the "should dump" flag on TCPStore, (maybe TCPStore server has shut down too early), with error: Broken pipe
[rank0]:[W813 07:24:34.630785587 TCPStore.cpp:106] [c10d] sendBytes failed on SocketImpl(fd=100, addr=[localhost]:49270, remote=[sgl-b300-inference.datacrunch.io]:33691): Broken pipe
Exception raised from sendBytes at /__w/pytorch/pytorch/torch/csrc/distributed/c10d/Utils.hpp:758 (most recent call first):
frame #0: c10::Error::Error(c10::SourceLocation, std::__cxx11::basic_string<char, std::char_traits<char>, std::allocator<char> >) + 0x9d (0x76c6d456933d in /home/devuser/conda/envs/py312/lib/python3.12/site-packages/torch/lib/libc10.so)
frame #1: <unknown function> + 0x6811231 (0x76c66195b231 in /home/devuser/conda/envs/py312/lib/python3.12/site-packages/torch/lib/libtorch_cpu.so)
frame #2: <unknown function> + 0x68123e1 (0x76c66195c3e1 in /home/devuser/conda/envs/py312/lib/python3.12/site-packages/torch/lib/libtorch_cpu.so)
frame #3: <unknown function> + 0x681258d (0x76c66195c58d in /home/devuser/conda/envs/py312/lib/python3.12/site-packages/torch/lib/libtorch_cpu.so)
frame #4: c10d::TCPStore::check(std::vector<std::__cxx11::basic_string<char, std::char_traits<char>, std::allocator<char> >, std::allocator<std::__cxx11::basic_string<char, std::char_traits<char>, std::allocator<char> > > > const&) + 0x35d (0x76c6619551dd in /home/devuser/conda/envs/py312/lib/python3.12/site-packages/torch/lib/libtorch_cpu.so)
frame #5: c10d::ProcessGroupNCCL::HeartbeatMonitor::runLoop() + 0x436 (0x76c63d58d0e6 in /home/devuser/conda/envs/py312/lib/python3.12/site-packages/torch/lib/libtorch_cuda.so)
frame #6: <unknown function> + 0xef5e4 (0x76c702e705e4 in /home/devuser/conda/envs/py312/bin/../lib/libstdc++.so.6)
frame #7: <unknown function> + 0x9caa4 (0x76c70414faa4 in /lib/x86_64-linux-gnu/libc.so.6)
frame #8: __clone + 0x44 (0x76c7041dca64 in /lib/x86_64-linux-gnu/libc.so.6)

[rank0]:[W813 07:24:34.632704300 ProcessGroupNCCL.cpp:1900] [PG ID 0 PG GUID 0(default_pg) Rank 0] Failed to check the "should dump" flag on TCPStore, (maybe TCPStore server has shut down too early), with error: Broken pipe
[rank2]:[W813 07:24:34.632773007 TCPStore.cpp:106] [c10d] sendBytes failed on SocketImpl(fd=100, addr=[localhost]:49326, remote=[sgl-b300-inference.datacrunch.io]:33691): Broken pipe
Exception raised from sendBytes at /__w/pytorch/pytorch/torch/csrc/distributed/c10d/Utils.hpp:758 (most recent call first):
frame #0: c10::Error::Error(c10::SourceLocation, std::__cxx11::basic_string<char, std::char_traits<char>, std::allocator<char> >) + 0x9d (0x7dc559d6933d in /home/devuser/conda/envs/py312/lib/python3.12/site-packages/torch/lib/libc10.so)
frame #1: <unknown function> + 0x6811231 (0x7dc4b835b231 in /home/devuser/conda/envs/py312/lib/python3.12/site-packages/torch/lib/libtorch_cpu.so)
frame #2: <unknown function> + 0x68123e1 (0x7dc4b835c3e1 in /home/devuser/conda/envs/py312/lib/python3.12/site-packages/torch/lib/libtorch_cpu.so)
frame #3: <unknown function> + 0x681258d (0x7dc4b835c58d in /home/devuser/conda/envs/py312/lib/python3.12/site-packages/torch/lib/libtorch_cpu.so)
frame #4: c10d::TCPStore::check(std::vector<std::__cxx11::basic_string<char, std::char_traits<char>, std::allocator<char> >, std::allocator<std::__cxx11::basic_string<char, std::char_traits<char>, std::allocator<char> > > > const&) + 0x35d (0x7dc4b83551dd in /home/devuser/conda/envs/py312/lib/python3.12/site-packages/torch/lib/libtorch_cpu.so)
frame #5: c10d::ProcessGroupNCCL::HeartbeatMonitor::runLoop() + 0x436 (0x7dc493f8d0e6 in /home/devuser/conda/envs/py312/lib/python3.12/site-packages/torch/lib/libtorch_cuda.so)
frame #6: <unknown function> + 0xef5e4 (0x7dc5598705e4 in /home/devuser/conda/envs/py312/bin/../lib/libstdc++.so.6)
frame #7: <unknown function> + 0x9caa4 (0x7dc55ac7aaa4 in /lib/x86_64-linux-gnu/libc.so.6)
frame #8: __clone + 0x44 (0x7dc55ad07a64 in /lib/x86_64-linux-gnu/libc.so.6)

[rank2]:[W813 07:24:34.634697919 ProcessGroupNCCL.cpp:1900] [PG ID 0 PG GUID 0(default_pg) Rank 2] Failed to check the "should dump" flag on TCPStore, (maybe TCPStore server has shut down too early), with error: Broken pipe
[rank4]:[W813 07:24:34.634729410 TCPStore.cpp:106] [c10d] sendBytes failed on SocketImpl(fd=100, addr=[localhost]:49282, remote=[sgl-b300-inference.datacrunch.io]:33691): Broken pipe
Exception raised from sendBytes at /__w/pytorch/pytorch/torch/csrc/distributed/c10d/Utils.hpp:758 (most recent call first):
frame #0: c10::Error::Error(c10::SourceLocation, std::__cxx11::basic_string<char, std::char_traits<char>, std::allocator<char> >) + 0x9d (0x75c75ab6933d in /home/devuser/conda/envs/py312/lib/python3.12/site-packages/torch/lib/libc10.so)
frame #1: <unknown function> + 0x6811231 (0x75c6b915b231 in /home/devuser/conda/envs/py312/lib/python3.12/site-packages/torch/lib/libtorch_cpu.so)
frame #2: <unknown function> + 0x68123e1 (0x75c6b915c3e1 in /home/devuser/conda/envs/py312/lib/python3.12/site-packages/torch/lib/libtorch_cpu.so)
frame #3: <unknown function> + 0x681258d (0x75c6b915c58d in /home/devuser/conda/envs/py312/lib/python3.12/site-packages/torch/lib/libtorch_cpu.so)
frame #4: c10d::TCPStore::check(std::vector<std::__cxx11::basic_string<char, std::char_traits<char>, std::allocator<char> >, std::allocator<std::__cxx11::basic_string<char, std::char_traits<char>, std::allocator<char> > > > const&) + 0x35d (0x75c6b91551dd in /home/devuser/conda/envs/py312/lib/python3.12/site-packages/torch/lib/libtorch_cpu.so)
frame #5: c10d::ProcessGroupNCCL::HeartbeatMonitor::runLoop() + 0x436 (0x75c694d8d0e6 in /home/devuser/conda/envs/py312/lib/python3.12/site-packages/torch/lib/libtorch_cuda.so)
frame #6: <unknown function> + 0xef5e4 (0x75c75a6705e4 in /home/devuser/conda/envs/py312/bin/../lib/libstdc++.so.6)
frame #7: <unknown function> + 0x9caa4 (0x75c75ba7caa4 in /lib/x86_64-linux-gnu/libc.so.6)
frame #8: __clone + 0x44 (0x75c75bb09a64 in /lib/x86_64-linux-gnu/libc.so.6)

[rank4]:[W813 07:24:34.636637631 ProcessGroupNCCL.cpp:1900] [PG ID 0 PG GUID 0(default_pg) Rank 4] Failed to check the "should dump" flag on TCPStore, (maybe TCPStore server has shut down too early), with error: Broken pipe
[rank5]:[W813 07:24:34.636670542 TCPStore.cpp:106] [c10d] sendBytes failed on SocketImpl(fd=100, addr=[localhost]:49286, remote=[sgl-b300-inference.datacrunch.io]:33691): Broken pipe
Exception raised from sendBytes at /__w/pytorch/pytorch/torch/csrc/distributed/c10d/Utils.hpp:758 (most recent call first):
frame #0: c10::Error::Error(c10::SourceLocation, std::__cxx11::basic_string<char, std::char_traits<char>, std::allocator<char> >) + 0x9d (0x7dcf2856933d in /home/devuser/conda/envs/py312/lib/python3.12/site-packages/torch/lib/libc10.so)
frame #1: <unknown function> + 0x6811231 (0x7dce86b5b231 in /home/devuser/conda/envs/py312/lib/python3.12/site-packages/torch/lib/libtorch_cpu.so)
frame #2: <unknown function> + 0x68123e1 (0x7dce86b5c3e1 in /home/devuser/conda/envs/py312/lib/python3.12/site-packages/torch/lib/libtorch_cpu.so)
frame #3: <unknown function> + 0x681258d (0x7dce86b5c58d in /home/devuser/conda/envs/py312/lib/python3.12/site-packages/torch/lib/libtorch_cpu.so)
frame #4: c10d::TCPStore::check(std::vector<std::__cxx11::basic_string<char, std::char_traits<char>, std::allocator<char> >, std::allocator<std::__cxx11::basic_string<char, std::char_traits<char>, std::allocator<char> > > > const&) + 0x35d (0x7dce86b551dd in /home/devuser/conda/envs/py312/lib/python3.12/site-packages/torch/lib/libtorch_cpu.so)
frame #5: c10d::ProcessGroupNCCL::HeartbeatMonitor::runLoop() + 0x436 (0x7dce6278d0e6 in /home/devuser/conda/envs/py312/lib/python3.12/site-packages/torch/lib/libtorch_cuda.so)
frame #6: <unknown function> + 0xef5e4 (0x7dcf280705e4 in /home/devuser/conda/envs/py312/bin/../lib/libstdc++.so.6)
frame #7: <unknown function> + 0x9caa4 (0x7dcf29462aa4 in /lib/x86_64-linux-gnu/libc.so.6)
frame #8: __clone + 0x44 (0x7dcf294efa64 in /lib/x86_64-linux-gnu/libc.so.6)

[rank5]:[W813 07:24:34.638610414 ProcessGroupNCCL.cpp:1900] [PG ID 0 PG GUID 0(default_pg) Rank 5] Failed to check the "should dump" flag on TCPStore, (maybe TCPStore server has shut down too early), with error: Broken pipe
[rank6]:[W813 07:24:34.638639713 TCPStore.cpp:106] [c10d] sendBytes failed on SocketImpl(fd=100, addr=[localhost]:49280, remote=[sgl-b300-inference.datacrunch.io]:33691): Broken pipe
Exception raised from sendBytes at /__w/pytorch/pytorch/torch/csrc/distributed/c10d/Utils.hpp:758 (most recent call first):
frame #0: c10::Error::Error(c10::SourceLocation, std::__cxx11::basic_string<char, std::char_traits<char>, std::allocator<char> >) + 0x9d (0x79e54e76933d in /home/devuser/conda/envs/py312/lib/python3.12/site-packages/torch/lib/libc10.so)
frame #1: <unknown function> + 0x6811231 (0x79e4dbb5b231 in /home/devuser/conda/envs/py312/lib/python3.12/site-packages/torch/lib/libtorch_cpu.so)
frame #2: <unknown function> + 0x68123e1 (0x79e4dbb5c3e1 in /home/devuser/conda/envs/py312/lib/python3.12/site-packages/torch/lib/libtorch_cpu.so)
frame #3: <unknown function> + 0x681258d (0x79e4dbb5c58d in /home/devuser/conda/envs/py312/lib/python3.12/site-packages/torch/lib/libtorch_cpu.so)
frame #4: c10d::TCPStore::check(std::vector<std::__cxx11::basic_string<char, std::char_traits<char>, std::allocator<char> >, std::allocator<std::__cxx11::basic_string<char, std::char_traits<char>, std::allocator<char> > > > const&) + 0x35d (0x79e4dbb551dd in /home/devuser/conda/envs/py312/lib/python3.12/site-packages/torch/lib/libtorch_cpu.so)
frame #5: c10d::ProcessGroupNCCL::HeartbeatMonitor::runLoop() + 0x436 (0x79e4b778d0e6 in /home/devuser/conda/envs/py312/lib/python3.12/site-packages/torch/lib/libtorch_cuda.so)
frame #6: <unknown function> + 0xef5e4 (0x79e57d0705e4 in /home/devuser/conda/envs/py312/bin/../lib/libstdc++.so.6)
frame #7: <unknown function> + 0x9caa4 (0x79e57e3cdaa4 in /lib/x86_64-linux-gnu/libc.so.6)
frame #8: __clone + 0x44 (0x79e57e45aa64 in /lib/x86_64-linux-gnu/libc.so.6)

[rank6]:[W813 07:24:34.640582085 ProcessGroupNCCL.cpp:1900] [PG ID 0 PG GUID 0(default_pg) Rank 6] Failed to check the "should dump" flag on TCPStore, (maybe TCPStore server has shut down too early), with error: Broken pipe
[rank3]:[W813 07:24:34.640612804 TCPStore.cpp:106] [c10d] sendBytes failed on SocketImpl(fd=100, addr=[localhost]:49296, remote=[sgl-b300-inference.datacrunch.io]:33691): Broken pipe
Exception raised from sendBytes at /__w/pytorch/pytorch/torch/csrc/distributed/c10d/Utils.hpp:758 (most recent call first):
frame #0: c10::Error::Error(c10::SourceLocation, std::__cxx11::basic_string<char, std::char_traits<char>, std::allocator<char> >) + 0x9d (0x75604f96933d in /home/devuser/conda/envs/py312/lib/python3.12/site-packages/torch/lib/libc10.so)
frame #1: <unknown function> + 0x6811231 (0x755fadf5b231 in /home/devuser/conda/envs/py312/lib/python3.12/site-packages/torch/lib/libtorch_cpu.so)
frame #2: <unknown function> + 0x68123e1 (0x755fadf5c3e1 in /home/devuser/conda/envs/py312/lib/python3.12/site-packages/torch/lib/libtorch_cpu.so)
frame #3: <unknown function> + 0x681258d (0x755fadf5c58d in /home/devuser/conda/envs/py312/lib/python3.12/site-packages/torch/lib/libtorch_cpu.so)
frame #4: c10d::TCPStore::check(std::vector<std::__cxx11::basic_string<char, std::char_traits<char>, std::allocator<char> >, std::allocator<std::__cxx11::basic_string<char, std::char_traits<char>, std::allocator<char> > > > const&) + 0x35d (0x755fadf551dd in /home/devuser/conda/envs/py312/lib/python3.12/site-packages/torch/lib/libtorch_cpu.so)
frame #5: c10d::ProcessGroupNCCL::HeartbeatMonitor::runLoop() + 0x436 (0x755f89b8d0e6 in /home/devuser/conda/envs/py312/lib/python3.12/site-packages/torch/lib/libtorch_cuda.so)
frame #6: <unknown function> + 0xef5e4 (0x75604f4705e4 in /home/devuser/conda/envs/py312/bin/../lib/libstdc++.so.6)
frame #7: <unknown function> + 0x9caa4 (0x7560508c5aa4 in /lib/x86_64-linux-gnu/libc.so.6)
frame #8: __clone + 0x44 (0x756050952a64 in /lib/x86_64-linux-gnu/libc.so.6)

[rank3]:[W813 07:24:34.642522426 ProcessGroupNCCL.cpp:1900] [PG ID 0 PG GUID 0(default_pg) Rank 3] Failed to check the "should dump" flag on TCPStore, (maybe TCPStore server has shut down too early), with error: Broken pipe
[rank7]:[W813 07:24:34.642553196 TCPStore.cpp:106] [c10d] sendBytes failed on SocketImpl(fd=100, addr=[localhost]:49310, remote=[sgl-b300-inference.datacrunch.io]:33691): Broken pipe
Exception raised from sendBytes at /__w/pytorch/pytorch/torch/csrc/distributed/c10d/Utils.hpp:758 (most recent call first):
frame #0: c10::Error::Error(c10::SourceLocation, std::__cxx11::basic_string<char, std::char_traits<char>, std::allocator<char> >) + 0x9d (0x78f0b036933d in /home/devuser/conda/envs/py312/lib/python3.12/site-packages/torch/lib/libc10.so)
frame #1: <unknown function> + 0x6811231 (0x78f00e95b231 in /home/devuser/conda/envs/py312/lib/python3.12/site-packages/torch/lib/libtorch_cpu.so)
frame #2: <unknown function> + 0x68123e1 (0x78f00e95c3e1 in /home/devuser/conda/envs/py312/lib/python3.12/site-packages/torch/lib/libtorch_cpu.so)
frame #3: <unknown function> + 0x681258d (0x78f00e95c58d in /home/devuser/conda/envs/py312/lib/python3.12/site-packages/torch/lib/libtorch_cpu.so)
frame #4: c10d::TCPStore::check(std::vector<std::__cxx11::basic_string<char, std::char_traits<char>, std::allocator<char> >, std::allocator<std::__cxx11::basic_string<char, std::char_traits<char>, std::allocator<char> > > > const&) + 0x35d (0x78f00e9551dd in /home/devuser/conda/envs/py312/lib/python3.12/site-packages/torch/lib/libtorch_cpu.so)
frame #5: c10d::ProcessGroupNCCL::HeartbeatMonitor::runLoop() + 0x436 (0x78efea58d0e6 in /home/devuser/conda/envs/py312/lib/python3.12/site-packages/torch/lib/libtorch_cuda.so)
frame #6: <unknown function> + 0xef5e4 (0x78f0afe705e4 in /home/devuser/conda/envs/py312/bin/../lib/libstdc++.so.6)
frame #7: <unknown function> + 0x9caa4 (0x78f0b12b7aa4 in /lib/x86_64-linux-gnu/libc.so.6)
frame #8: __clone + 0x44 (0x78f0b1344a64 in /lib/x86_64-linux-gnu/libc.so.6)

[rank7]:[W813 07:24:34.644483108 ProcessGroupNCCL.cpp:1900] [PG ID 0 PG GUID 0(default_pg) Rank 7] Failed to check the "should dump" flag on TCPStore, (maybe TCPStore server has shut down too early), with error: Broken pipe
[rank1]:[W813 07:24:35.625617349 TCPStore.cpp:106] [c10d] sendBytes failed on SocketImpl(fd=100, addr=[localhost]:49304, remote=[sgl-b300-inference.datacrunch.io]:33691): Broken pipe
Exception raised from sendBytes at /__w/pytorch/pytorch/torch/csrc/distributed/c10d/Utils.hpp:758 (most recent call first):
frame #0: c10::Error::Error(c10::SourceLocation, std::__cxx11::basic_string<char, std::char_traits<char>, std::allocator<char> >) + 0x9d (0x7d8dac76933d in /home/devuser/conda/envs/py312/lib/python3.12/site-packages/torch/lib/libc10.so)
frame #1: <unknown function> + 0x6811231 (0x7d8d0ad5b231 in /home/devuser/conda/envs/py312/lib/python3.12/site-packages/torch/lib/libtorch_cpu.so)
frame #2: <unknown function> + 0x68123e1 (0x7d8d0ad5c3e1 in /home/devuser/conda/envs/py312/lib/python3.12/site-packages/torch/lib/libtorch_cpu.so)
frame #3: <unknown function> + 0x681258d (0x7d8d0ad5c58d in /home/devuser/conda/envs/py312/lib/python3.12/site-packages/torch/lib/libtorch_cpu.so)
frame #4: c10d::TCPStore::check(std::vector<std::__cxx11::basic_string<char, std::char_traits<char>, std::allocator<char> >, std::allocator<std::__cxx11::basic_string<char, std::char_traits<char>, std::allocator<char> > > > const&) + 0x35d (0x7d8d0ad551dd in /home/devuser/conda/envs/py312/lib/python3.12/site-packages/torch/lib/libtorch_cpu.so)
frame #5: c10d::ProcessGroupNCCL::HeartbeatMonitor::runLoop() + 0x436 (0x7d8ce698d0e6 in /home/devuser/conda/envs/py312/lib/python3.12/site-packages/torch/lib/libtorch_cuda.so)
frame #6: <unknown function> + 0xef5e4 (0x7d8dac2705e4 in /home/devuser/conda/envs/py312/bin/../lib/libstdc++.so.6)
frame #7: <unknown function> + 0x9caa4 (0x7d8dad6c7aa4 in /lib/x86_64-linux-gnu/libc.so.6)
frame #8: __clone + 0x44 (0x7d8dad754a64 in /lib/x86_64-linux-gnu/libc.so.6)

[rank1]:[W813 07:24:35.627610810 ProcessGroupNCCL.cpp:1900] [PG ID 0 PG GUID 0(default_pg) Rank 1] Failed to check the "should dump" flag on TCPStore, (maybe TCPStore server has shut down too early), with error: Broken pipe
[rank0]:[W813 07:24:35.632801651 TCPStore.cpp:106] [c10d] sendBytes failed on SocketImpl(fd=100, addr=[localhost]:49270, remote=[sgl-b300-inference.datacrunch.io]:33691): Broken pipe
Exception raised from sendBytes at /__w/pytorch/pytorch/torch/csrc/distributed/c10d/Utils.hpp:758 (most recent call first):
frame #0: c10::Error::Error(c10::SourceLocation, std::__cxx11::basic_string<char, std::char_traits<char>, std::allocator<char> >) + 0x9d (0x76c6d456933d in /home/devuser/conda/envs/py312/lib/python3.12/site-packages/torch/lib/libc10.so)
frame #1: <unknown function> + 0x6811231 (0x76c66195b231 in /home/devuser/conda/envs/py312/lib/python3.12/site-packages/torch/lib/libtorch_cpu.so)
frame #2: <unknown function> + 0x68123e1 (0x76c66195c3e1 in /home/devuser/conda/envs/py312/lib/python3.12/site-packages/torch/lib/libtorch_cpu.so)
frame #3: <unknown function> + 0x681258d (0x76c66195c58d in /home/devuser/conda/envs/py312/lib/python3.12/site-packages/torch/lib/libtorch_cpu.so)
frame #4: c10d::TCPStore::check(std::vector<std::__cxx11::basic_string<char, std::char_traits<char>, std::allocator<char> >, std::allocator<std::__cxx11::basic_string<char, std::char_traits<char>, std::allocator<char> > > > const&) + 0x35d (0x76c6619551dd in /home/devuser/conda/envs/py312/lib/python3.12/site-packages/torch/lib/libtorch_cpu.so)
frame #5: c10d::ProcessGroupNCCL::HeartbeatMonitor::runLoop() + 0x436 (0x76c63d58d0e6 in /home/devuser/conda/envs/py312/lib/python3.12/site-packages/torch/lib/libtorch_cuda.so)
frame #6: <unknown function> + 0xef5e4 (0x76c702e705e4 in /home/devuser/conda/envs/py312/bin/../lib/libstdc++.so.6)
frame #7: <unknown function> + 0x9caa4 (0x76c70414faa4 in /lib/x86_64-linux-gnu/libc.so.6)
frame #8: __clone + 0x44 (0x76c7041dca64 in /lib/x86_64-linux-gnu/libc.so.6)

[rank0]:[W813 07:24:35.634749973 ProcessGroupNCCL.cpp:1900] [PG ID 0 PG GUID 0(default_pg) Rank 0] Failed to check the "should dump" flag on TCPStore, (maybe TCPStore server has shut down too early), with error: Broken pipe
[rank4]:[W813 07:24:35.636723774 TCPStore.cpp:106] [c10d] sendBytes failed on SocketImpl(fd=100, addr=[localhost]:49282, remote=[sgl-b300-inference.datacrunch.io]:33691): Broken pipe
Exception raised from sendBytes at /__w/pytorch/pytorch/torch/csrc/distributed/c10d/Utils.hpp:758 (most recent call first):
frame #0: c10::Error::Error(c10::SourceLocation, std::__cxx11::basic_string<char, std::char_traits<char>, std::allocator<char> >) + 0x9d (0x75c75ab6933d in /home/devuser/conda/envs/py312/lib/python3.12/site-packages/torch/lib/libc10.so)
frame #1: <unknown function> + 0x6811231 (0x75c6b915b231 in /home/devuser/conda/envs/py312/lib/python3.12/site-packages/torch/lib/libtorch_cpu.so)
frame #2: <unknown function> + 0x68123e1 (0x75c6b915c3e1 in /home/devuser/conda/envs/py312/lib/python3.12/site-packages/torch/lib/libtorch_cpu.so)
frame #3: <unknown function> + 0x681258d (0x75c6b915c58d in /home/devuser/conda/envs/py312/lib/python3.12/site-packages/torch/lib/libtorch_cpu.so)
frame #4: c10d::TCPStore::check(std::vector<std::__cxx11::basic_string<char, std::char_traits<char>, std::allocator<char> >, std::allocator<std::__cxx11::basic_string<char, std::char_traits<char>, std::allocator<char> > > > const&) + 0x35d (0x75c6b91551dd in /home/devuser/conda/envs/py312/lib/python3.12/site-packages/torch/lib/libtorch_cpu.so)
frame #5: c10d::ProcessGroupNCCL::HeartbeatMonitor::runLoop() + 0x436 (0x75c694d8d0e6 in /home/devuser/conda/envs/py312/lib/python3.12/site-packages/torch/lib/libtorch_cuda.so)
frame #6: <unknown function> + 0xef5e4 (0x75c75a6705e4 in /home/devuser/conda/envs/py312/bin/../lib/libstdc++.so.6)
frame #7: <unknown function> + 0x9caa4 (0x75c75ba7caa4 in /lib/x86_64-linux-gnu/libc.so.6)
frame #8: __clone + 0x44 (0x75c75bb09a64 in /lib/x86_64-linux-gnu/libc.so.6)

[rank4]:[W813 07:24:35.638649746 ProcessGroupNCCL.cpp:1900] [PG ID 0 PG GUID 0(default_pg) Rank 4] Failed to check the "should dump" flag on TCPStore, (maybe TCPStore server has shut down too early), with error: Broken pipe
[rank2]:[W813 07:24:35.634790562 TCPStore.cpp:106] [c10d] sendBytes failed on SocketImpl(fd=100, addr=[localhost]:49326, remote=[sgl-b300-inference.datacrunch.io]:33691): Broken pipe
Exception raised from sendBytes at /__w/pytorch/pytorch/torch/csrc/distributed/c10d/Utils.hpp:758 (most recent call first):
frame #0: c10::Error::Error(c10::SourceLocation, std::__cxx11::basic_string<char, std::char_traits<char>, std::allocator<char> >) + 0x9d (0x7dc559d6933d in /home/devuser/conda/envs/py312/lib/python3.12/site-packages/torch/lib/libc10.so)
frame #1: <unknown function> + 0x6811231 (0x7dc4b835b231 in /home/devuser/conda/envs/py312/lib/python3.12/site-packages/torch/lib/libtorch_cpu.so)
frame #2: <unknown function> + 0x68123e1 (0x7dc4b835c3e1 in /home/devuser/conda/envs/py312/lib/python3.12/site-packages/torch/lib/libtorch_cpu.so)
frame #3: <unknown function> + 0x681258d (0x7dc4b835c58d in /home/devuser/conda/envs/py312/lib/python3.12/site-packages/torch/lib/libtorch_cpu.so)
frame #4: c10d::TCPStore::check(std::vector<std::__cxx11::basic_string<char, std::char_traits<char>, std::allocator<char> >, std::allocator<std::__cxx11::basic_string<char, std::char_traits<char>, std::allocator<char> > > > const&) + 0x35d (0x7dc4b83551dd in /home/devuser/conda/envs/py312/lib/python3.12/site-packages/torch/lib/libtorch_cpu.so)
frame #5: c10d::ProcessGroupNCCL::HeartbeatMonitor::runLoop() + 0x436 (0x7dc493f8d0e6 in /home/devuser/conda/envs/py312/lib/python3.12/site-packages/torch/lib/libtorch_cuda.so)
frame #6: <unknown function> + 0xef5e4 (0x7dc5598705e4 in /home/devuser/conda/envs/py312/bin/../lib/libstdc++.so.6)
frame #7: <unknown function> + 0x9caa4 (0x7dc55ac7aaa4 in /lib/x86_64-linux-gnu/libc.so.6)
frame #8: __clone + 0x44 (0x7dc55ad07a64 in /lib/x86_64-linux-gnu/libc.so.6)

[rank2]:[W813 07:24:35.638673325 ProcessGroupNCCL.cpp:1900] [PG ID 0 PG GUID 0(default_pg) Rank 2] Failed to check the "should dump" flag on TCPStore, (maybe TCPStore server has shut down too early), with error: Broken pipe
[rank5]:[W813 07:24:35.638713095 TCPStore.cpp:106] [c10d] sendBytes failed on SocketImpl(fd=100, addr=[localhost]:49286, remote=[sgl-b300-inference.datacrunch.io]:33691): Broken pipe
Exception raised from sendBytes at /__w/pytorch/pytorch/torch/csrc/distributed/c10d/Utils.hpp:758 (most recent call first):
frame #0: c10::Error::Error(c10::SourceLocation, std::__cxx11::basic_string<char, std::char_traits<char>, std::allocator<char> >) + 0x9d (0x7dcf2856933d in /home/devuser/conda/envs/py312/lib/python3.12/site-packages/torch/lib/libc10.so)
frame #1: <unknown function> + 0x6811231 (0x7dce86b5b231 in /home/devuser/conda/envs/py312/lib/python3.12/site-packages/torch/lib/libtorch_cpu.so)
frame #2: <unknown function> + 0x68123e1 (0x7dce86b5c3e1 in /home/devuser/conda/envs/py312/lib/python3.12/site-packages/torch/lib/libtorch_cpu.so)
frame #3: <unknown function> + 0x681258d (0x7dce86b5c58d in /home/devuser/conda/envs/py312/lib/python3.12/site-packages/torch/lib/libtorch_cpu.so)
frame #4: c10d::TCPStore::check(std::vector<std::__cxx11::basic_string<char, std::char_traits<char>, std::allocator<char> >, std::allocator<std::__cxx11::basic_string<char, std::char_traits<char>, std::allocator<char> > > > const&) + 0x35d (0x7dce86b551dd in /home/devuser/conda/envs/py312/lib/python3.12/site-packages/torch/lib/libtorch_cpu.so)
frame #5: c10d::ProcessGroupNCCL::HeartbeatMonitor::runLoop() + 0x436 (0x7dce6278d0e6 in /home/devuser/conda/envs/py312/lib/python3.12/site-packages/torch/lib/libtorch_cuda.so)
frame #6: <unknown function> + 0xef5e4 (0x7dcf280705e4 in /home/devuser/conda/envs/py312/bin/../lib/libstdc++.so.6)
frame #7: <unknown function> + 0x9caa4 (0x7dcf29462aa4 in /lib/x86_64-linux-gnu/libc.so.6)
frame #8: __clone + 0x44 (0x7dcf294efa64 in /lib/x86_64-linux-gnu/libc.so.6)

[rank5]:[W813 07:24:35.640673756 ProcessGroupNCCL.cpp:1900] [PG ID 0 PG GUID 0(default_pg) Rank 5] Failed to check the "should dump" flag on TCPStore, (maybe TCPStore server has shut down too early), with error: Broken pipe
[rank6]:[W813 07:24:35.640706705 TCPStore.cpp:106] [c10d] sendBytes failed on SocketImpl(fd=100, addr=[localhost]:49280, remote=[sgl-b300-inference.datacrunch.io]:33691): Broken pipe
Exception raised from sendBytes at /__w/pytorch/pytorch/torch/csrc/distributed/c10d/Utils.hpp:758 (most recent call first):
frame #0: c10::Error::Error(c10::SourceLocation, std::__cxx11::basic_string<char, std::char_traits<char>, std::allocator<char> >) + 0x9d (0x79e54e76933d in /home/devuser/conda/envs/py312/lib/python3.12/site-packages/torch/lib/libc10.so)
frame #1: <unknown function> + 0x6811231 (0x79e4dbb5b231 in /home/devuser/conda/envs/py312/lib/python3.12/site-packages/torch/lib/libtorch_cpu.so)
frame #2: <unknown function> + 0x68123e1 (0x79e4dbb5c3e1 in /home/devuser/conda/envs/py312/lib/python3.12/site-packages/torch/lib/libtorch_cpu.so)
frame #3: <unknown function> + 0x681258d (0x79e4dbb5c58d in /home/devuser/conda/envs/py312/lib/python3.12/site-packages/torch/lib/libtorch_cpu.so)
frame #4: c10d::TCPStore::check(std::vector<std::__cxx11::basic_string<char, std::char_traits<char>, std::allocator<char> >, std::allocator<std::__cxx11::basic_string<char, std::char_traits<char>, std::allocator<char> > > > const&) + 0x35d (0x79e4dbb551dd in /home/devuser/conda/envs/py312/lib/python3.12/site-packages/torch/lib/libtorch_cpu.so)
frame #5: c10d::ProcessGroupNCCL::HeartbeatMonitor::runLoop() + 0x436 (0x79e4b778d0e6 in /home/devuser/conda/envs/py312/lib/python3.12/site-packages/torch/lib/libtorch_cuda.so)
frame #6: <unknown function> + 0xef5e4 (0x79e57d0705e4 in /home/devuser/conda/envs/py312/bin/../lib/libstdc++.so.6)
frame #7: <unknown function> + 0x9caa4 (0x79e57e3cdaa4 in /lib/x86_64-linux-gnu/libc.so.6)
frame #8: __clone + 0x44 (0x79e57e45aa64 in /lib/x86_64-linux-gnu/libc.so.6)

[rank6]:[W813 07:24:35.642636057 ProcessGroupNCCL.cpp:1900] [PG ID 0 PG GUID 0(default_pg) Rank 6] Failed to check the "should dump" flag on TCPStore, (maybe TCPStore server has shut down too early), with error: Broken pipe
[rank3]:[W813 07:24:35.642671146 TCPStore.cpp:106] [c10d] sendBytes failed on SocketImpl(fd=100, addr=[localhost]:49296, remote=[sgl-b300-inference.datacrunch.io]:33691): Broken pipe
Exception raised from sendBytes at /__w/pytorch/pytorch/torch/csrc/distributed/c10d/Utils.hpp:758 (most recent call first):
frame #0: c10::Error::Error(c10::SourceLocation, std::__cxx11::basic_string<char, std::char_traits<char>, std::allocator<char> >) + 0x9d (0x75604f96933d in /home/devuser/conda/envs/py312/lib/python3.12/site-packages/torch/lib/libc10.so)
frame #1: <unknown function> + 0x6811231 (0x755fadf5b231 in /home/devuser/conda/envs/py312/lib/python3.12/site-packages/torch/lib/libtorch_cpu.so)
frame #2: <unknown function> + 0x68123e1 (0x755fadf5c3e1 in /home/devuser/conda/envs/py312/lib/python3.12/site-packages/torch/lib/libtorch_cpu.so)
frame #3: <unknown function> + 0x681258d (0x755fadf5c58d in /home/devuser/conda/envs/py312/lib/python3.12/site-packages/torch/lib/libtorch_cpu.so)
frame #4: c10d::TCPStore::check(std::vector<std::__cxx11::basic_string<char, std::char_traits<char>, std::allocator<char> >, std::allocator<std::__cxx11::basic_string<char, std::char_traits<char>, std::allocator<char> > > > const&) + 0x35d (0x755fadf551dd in /home/devuser/conda/envs/py312/lib/python3.12/site-packages/torch/lib/libtorch_cpu.so)
frame #5: c10d::ProcessGroupNCCL::HeartbeatMonitor::runLoop() + 0x436 (0x755f89b8d0e6 in /home/devuser/conda/envs/py312/lib/python3.12/site-packages/torch/lib/libtorch_cuda.so)
frame #6: <unknown function> + 0xef5e4 (0x75604f4705e4 in /home/devuser/conda/envs/py312/bin/../lib/libstdc++.so.6)
frame #7: <unknown function> + 0x9caa4 (0x7560508c5aa4 in /lib/x86_64-linux-gnu/libc.so.6)
frame #8: __clone + 0x44 (0x756050952a64 in /lib/x86_64-linux-gnu/libc.so.6)

[rank3]:[W813 07:24:35.644586219 ProcessGroupNCCL.cpp:1900] [PG ID 0 PG GUID 0(default_pg) Rank 3] Failed to check the "should dump" flag on TCPStore, (maybe TCPStore server has shut down too early), with error: Broken pipe
[rank7]:[W813 07:24:35.644619608 TCPStore.cpp:106] [c10d] sendBytes failed on SocketImpl(fd=100, addr=[localhost]:49310, remote=[sgl-b300-inference.datacrunch.io]:33691): Broken pipe
Exception raised from sendBytes at /__w/pytorch/pytorch/torch/csrc/distributed/c10d/Utils.hpp:758 (most recent call first):
frame #0: c10::Error::Error(c10::SourceLocation, std::__cxx11::basic_string<char, std::char_traits<char>, std::allocator<char> >) + 0x9d (0x78f0b036933d in /home/devuser/conda/envs/py312/lib/python3.12/site-packages/torch/lib/libc10.so)
frame #1: <unknown function> + 0x6811231 (0x78f00e95b231 in /home/devuser/conda/envs/py312/lib/python3.12/site-packages/torch/lib/libtorch_cpu.so)
frame #2: <unknown function> + 0x68123e1 (0x78f00e95c3e1 in /home/devuser/conda/envs/py312/lib/python3.12/site-packages/torch/lib/libtorch_cpu.so)
frame #3: <unknown function> + 0x681258d (0x78f00e95c58d in /home/devuser/conda/envs/py312/lib/python3.12/site-packages/torch/lib/libtorch_cpu.so)
frame #4: c10d::TCPStore::check(std::vector<std::__cxx11::basic_string<char, std::char_traits<char>, std::allocator<char> >, std::allocator<std::__cxx11::basic_string<char, std::char_traits<char>, std::allocator<char> > > > const&) + 0x35d (0x78f00e9551dd in /home/devuser/conda/envs/py312/lib/python3.12/site-packages/torch/lib/libtorch_cpu.so)
frame #5: c10d::ProcessGroupNCCL::HeartbeatMonitor::runLoop() + 0x436 (0x78efea58d0e6 in /home/devuser/conda/envs/py312/lib/python3.12/site-packages/torch/lib/libtorch_cuda.so)
frame #6: <unknown function> + 0xef5e4 (0x78f0afe705e4 in /home/devuser/conda/envs/py312/bin/../lib/libstdc++.so.6)
frame #7: <unknown function> + 0x9caa4 (0x78f0b12b7aa4 in /lib/x86_64-linux-gnu/libc.so.6)
frame #8: __clone + 0x44 (0x78f0b1344a64 in /lib/x86_64-linux-gnu/libc.so.6)

[rank7]:[W813 07:24:35.646536261 ProcessGroupNCCL.cpp:1900] [PG ID 0 PG GUID 0(default_pg) Rank 7] Failed to check the "should dump" flag on TCPStore, (maybe TCPStore server has shut down too early), with error: Broken pipe
[rank1]:[W813 07:24:36.627722179 TCPStore.cpp:106] [c10d] sendBytes failed on SocketImpl(fd=100, addr=[localhost]:49304, remote=[sgl-b300-inference.datacrunch.io]:33691): Broken pipe
Exception raised from sendBytes at /__w/pytorch/pytorch/torch/csrc/distributed/c10d/Utils.hpp:758 (most recent call first):
frame #0: c10::Error::Error(c10::SourceLocation, std::__cxx11::basic_string<char, std::char_traits<char>, std::allocator<char> >) + 0x9d (0x7d8dac76933d in /home/devuser/conda/envs/py312/lib/python3.12/site-packages/torch/lib/libc10.so)
frame #1: <unknown function> + 0x6811231 (0x7d8d0ad5b231 in /home/devuser/conda/envs/py312/lib/python3.12/site-packages/torch/lib/libtorch_cpu.so)
frame #2: <unknown function> + 0x68123e1 (0x7d8d0ad5c3e1 in /home/devuser/conda/envs/py312/lib/python3.12/site-packages/torch/lib/libtorch_cpu.so)
frame #3: <unknown function> + 0x681258d (0x7d8d0ad5c58d in /home/devuser/conda/envs/py312/lib/python3.12/site-packages/torch/lib/libtorch_cpu.so)
frame #4: c10d::TCPStore::check(std::vector<std::__cxx11::basic_string<char, std::char_traits<char>, std::allocator<char> >, std::allocator<std::__cxx11::basic_string<char, std::char_traits<char>, std::allocator<char> > > > const&) + 0x35d (0x7d8d0ad551dd in /home/devuser/conda/envs/py312/lib/python3.12/site-packages/torch/lib/libtorch_cpu.so)
frame #5: c10d::ProcessGroupNCCL::HeartbeatMonitor::runLoop() + 0x436 (0x7d8ce698d0e6 in /home/devuser/conda/envs/py312/lib/python3.12/site-packages/torch/lib/libtorch_cuda.so)
frame #6: <unknown function> + 0xef5e4 (0x7d8dac2705e4 in /home/devuser/conda/envs/py312/bin/../lib/libstdc++.so.6)
frame #7: <unknown function> + 0x9caa4 (0x7d8dad6c7aa4 in /lib/x86_64-linux-gnu/libc.so.6)
frame #8: __clone + 0x44 (0x7d8dad754a64 in /lib/x86_64-linux-gnu/libc.so.6)

[rank1]:[W813 07:24:36.629982053 ProcessGroupNCCL.cpp:1900] [PG ID 0 PG GUID 0(default_pg) Rank 1] Failed to check the "should dump" flag on TCPStore, (maybe TCPStore server has shut down too early), with error: Broken pipe
[rank0]:[W813 07:24:36.634850362 TCPStore.cpp:106] [c10d] sendBytes failed on SocketImpl(fd=100, addr=[localhost]:49270, remote=[sgl-b300-inference.datacrunch.io]:33691): Broken pipe
Exception raised from sendBytes at /__w/pytorch/pytorch/torch/csrc/distributed/c10d/Utils.hpp:758 (most recent call first):
frame #0: c10::Error::Error(c10::SourceLocation, std::__cxx11::basic_string<char, std::char_traits<char>, std::allocator<char> >) + 0x9d (0x76c6d456933d in /home/devuser/conda/envs/py312/lib/python3.12/site-packages/torch/lib/libc10.so)
frame #1: <unknown function> + 0x6811231 (0x76c66195b231 in /home/devuser/conda/envs/py312/lib/python3.12/site-packages/torch/lib/libtorch_cpu.so)
frame #2: <unknown function> + 0x68123e1 (0x76c66195c3e1 in /home/devuser/conda/envs/py312/lib/python3.12/site-packages/torch/lib/libtorch_cpu.so)
frame #3: <unknown function> + 0x681258d (0x76c66195c58d in /home/devuser/conda/envs/py312/lib/python3.12/site-packages/torch/lib/libtorch_cpu.so)
frame #4: c10d::TCPStore::check(std::vector<std::__cxx11::basic_string<char, std::char_traits<char>, std::allocator<char> >, std::allocator<std::__cxx11::basic_string<char, std::char_traits<char>, std::allocator<char> > > > const&) + 0x35d (0x76c6619551dd in /home/devuser/conda/envs/py312/lib/python3.12/site-packages/torch/lib/libtorch_cpu.so)
frame #5: c10d::ProcessGroupNCCL::HeartbeatMonitor::runLoop() + 0x436 (0x76c63d58d0e6 in /home/devuser/conda/envs/py312/lib/python3.12/site-packages/torch/lib/libtorch_cuda.so)
frame #6: <unknown function> + 0xef5e4 (0x76c702e705e4 in /home/devuser/conda/envs/py312/bin/../lib/libstdc++.so.6)
frame #7: <unknown function> + 0x9caa4 (0x76c70414faa4 in /lib/x86_64-linux-gnu/libc.so.6)
frame #8: __clone + 0x44 (0x76c7041dca64 in /lib/x86_64-linux-gnu/libc.so.6)

[rank0]:[W813 07:24:36.636798184 ProcessGroupNCCL.cpp:1900] [PG ID 0 PG GUID 0(default_pg) Rank 0] Failed to check the "should dump" flag on TCPStore, (maybe TCPStore server has shut down too early), with error: Broken pipe
[rank2]:[W813 07:24:36.638742946 TCPStore.cpp:106] [c10d] sendBytes failed on SocketImpl(fd=100, addr=[localhost]:49326, remote=[sgl-b300-inference.datacrunch.io]:33691): Broken pipe
Exception raised from sendBytes at /__w/pytorch/pytorch/torch/csrc/distributed/c10d/Utils.hpp:758 (most recent call first):
frame #0: c10::Error::Error(c10::SourceLocation, std::__cxx11::basic_string<char, std::char_traits<char>, std::allocator<char> >) + 0x9d (0x7dc559d6933d in /home/devuser/conda/envs/py312/lib/python3.12/site-packages/torch/lib/libc10.so)
frame #1: <unknown function> + 0x6811231 (0x7dc4b835b231 in /home/devuser/conda/envs/py312/lib/python3.12/site-packages/torch/lib/libtorch_cpu.so)
frame #2: <unknown function> + 0x68123e1 (0x7dc4b835c3e1 in /home/devuser/conda/envs/py312/lib/python3.12/site-packages/torch/lib/libtorch_cpu.so)
frame #3: <unknown function> + 0x681258d (0x7dc4b835c58d in /home/devuser/conda/envs/py312/lib/python3.12/site-packages/torch/lib/libtorch_cpu.so)
frame #4: c10d::TCPStore::check(std::vector<std::__cxx11::basic_string<char, std::char_traits<char>, std::allocator<char> >, std::allocator<std::__cxx11::basic_string<char, std::char_traits<char>, std::allocator<char> > > > const&) + 0x35d (0x7dc4b83551dd in /home/devuser/conda/envs/py312/lib/python3.12/site-packages/torch/lib/libtorch_cpu.so)
frame #5: c10d::ProcessGroupNCCL::HeartbeatMonitor::runLoop() + 0x436 (0x7dc493f8d0e6 in /home/devuser/conda/envs/py312/lib/python3.12/site-packages/torch/lib/libtorch_cuda.so)
frame #6: <unknown function> + 0xef5e4 (0x7dc5598705e4 in /home/devuser/conda/envs/py312/bin/../lib/libstdc++.so.6)
frame #7: <unknown function> + 0x9caa4 (0x7dc55ac7aaa4 in /lib/x86_64-linux-gnu/libc.so.6)
frame #8: __clone + 0x44 (0x7dc55ad07a64 in /lib/x86_64-linux-gnu/libc.so.6)

[rank2]:[W813 07:24:36.640657278 ProcessGroupNCCL.cpp:1900] [PG ID 0 PG GUID 0(default_pg) Rank 2] Failed to check the "should dump" flag on TCPStore, (maybe TCPStore server has shut down too early), with error: Broken pipe
[rank5]:[W813 07:24:36.640763776 TCPStore.cpp:106] [c10d] sendBytes failed on SocketImpl(fd=100, addr=[localhost]:49286, remote=[sgl-b300-inference.datacrunch.io]:33691): Broken pipe
Exception raised from sendBytes at /__w/pytorch/pytorch/torch/csrc/distributed/c10d/Utils.hpp:758 (most recent call first):
frame #0: c10::Error::Error(c10::SourceLocation, std::__cxx11::basic_string<char, std::char_traits<char>, std::allocator<char> >) + 0x9d (0x7dcf2856933d in /home/devuser/conda/envs/py312/lib/python3.12/site-packages/torch/lib/libc10.so)
frame #1: <unknown function> + 0x6811231 (0x7dce86b5b231 in /home/devuser/conda/envs/py312/lib/python3.12/site-packages/torch/lib/libtorch_cpu.so)
frame #2: <unknown function> + 0x68123e1 (0x7dce86b5c3e1 in /home/devuser/conda/envs/py312/lib/python3.12/site-packages/torch/lib/libtorch_cpu.so)
frame #3: <unknown function> + 0x681258d (0x7dce86b5c58d in /home/devuser/conda/envs/py312/lib/python3.12/site-packages/torch/lib/libtorch_cpu.so)
frame #4: c10d::TCPStore::check(std::vector<std::__cxx11::basic_string<char, std::char_traits<char>, std::allocator<char> >, std::allocator<std::__cxx11::basic_string<char, std::char_traits<char>, std::allocator<char> > > > const&) + 0x35d (0x7dce86b551dd in /home/devuser/conda/envs/py312/lib/python3.12/site-packages/torch/lib/libtorch_cpu.so)
frame #5: c10d::ProcessGroupNCCL::HeartbeatMonitor::runLoop() + 0x436 (0x7dce6278d0e6 in /home/devuser/conda/envs/py312/lib/python3.12/site-packages/torch/lib/libtorch_cuda.so)
frame #6: <unknown function> + 0xef5e4 (0x7dcf280705e4 in /home/devuser/conda/envs/py312/bin/../lib/libstdc++.so.6)
frame #7: <unknown function> + 0x9caa4 (0x7dcf29462aa4 in /lib/x86_64-linux-gnu/libc.so.6)
frame #8: __clone + 0x44 (0x7dcf294efa64 in /lib/x86_64-linux-gnu/libc.so.6)

[rank5]:[W813 07:24:36.642679358 ProcessGroupNCCL.cpp:1900] [PG ID 0 PG GUID 0(default_pg) Rank 5] Failed to check the "should dump" flag on TCPStore, (maybe TCPStore server has shut down too early), with error: Broken pipe
[rank6]:[W813 07:24:36.642721757 TCPStore.cpp:106] [c10d] sendBytes failed on SocketImpl(fd=100, addr=[localhost]:49280, remote=[sgl-b300-inference.datacrunch.io]:33691): Broken pipe
Exception raised from sendBytes at /__w/pytorch/pytorch/torch/csrc/distributed/c10d/Utils.hpp:758 (most recent call first):
frame #0: c10::Error::Error(c10::SourceLocation, std::__cxx11::basic_string<char, std::char_traits<char>, std::allocator<char> >) + 0x9d (0x79e54e76933d in /home/devuser/conda/envs/py312/lib/python3.12/site-packages/torch/lib/libc10.so)
frame #1: <unknown function> + 0x6811231 (0x79e4dbb5b231 in /home/devuser/conda/envs/py312/lib/python3.12/site-packages/torch/lib/libtorch_cpu.so)
frame #2: <unknown function> + 0x68123e1 (0x79e4dbb5c3e1 in /home/devuser/conda/envs/py312/lib/python3.12/site-packages/torch/lib/libtorch_cpu.so)
frame #3: <unknown function> + 0x681258d (0x79e4dbb5c58d in /home/devuser/conda/envs/py312/lib/python3.12/site-packages/torch/lib/libtorch_cpu.so)
frame #4: c10d::TCPStore::check(std::vector<std::__cxx11::basic_string<char, std::char_traits<char>, std::allocator<char> >, std::allocator<std::__cxx11::basic_string<char, std::char_traits<char>, std::allocator<char> > > > const&) + 0x35d (0x79e4dbb551dd in /home/devuser/conda/envs/py312/lib/python3.12/site-packages/torch/lib/libtorch_cpu.so)
frame #5: c10d::ProcessGroupNCCL::HeartbeatMonitor::runLoop() + 0x436 (0x79e4b778d0e6 in /home/devuser/conda/envs/py312/lib/python3.12/site-packages/torch/lib/libtorch_cuda.so)
frame #6: <unknown function> + 0xef5e4 (0x79e57d0705e4 in /home/devuser/conda/envs/py312/bin/../lib/libstdc++.so.6)
frame #7: <unknown function> + 0x9caa4 (0x79e57e3cdaa4 in /lib/x86_64-linux-gnu/libc.so.6)
frame #8: __clone + 0x44 (0x79e57e45aa64 in /lib/x86_64-linux-gnu/libc.so.6)

[rank6]:[W813 07:24:36.644636190 ProcessGroupNCCL.cpp:1900] [PG ID 0 PG GUID 0(default_pg) Rank 6] Failed to check the "should dump" flag on TCPStore, (maybe TCPStore server has shut down too early), with error: Broken pipe
[rank4]:[W813 07:24:36.640692637 TCPStore.cpp:106] [c10d] sendBytes failed on SocketImpl(fd=100, addr=[localhost]:49282, remote=[sgl-b300-inference.datacrunch.io]:33691): Broken pipe
Exception raised from sendBytes at /__w/pytorch/pytorch/torch/csrc/distributed/c10d/Utils.hpp:758 (most recent call first):
frame #0: c10::Error::Error(c10::SourceLocation, std::__cxx11::basic_string<char, std::char_traits<char>, std::allocator<char> >) + 0x9d (0x75c75ab6933d in /home/devuser/conda/envs/py312/lib/python3.12/site-packages/torch/lib/libc10.so)
frame #1: <unknown function> + 0x6811231 (0x75c6b915b231 in /home/devuser/conda/envs/py312/lib/python3.12/site-packages/torch/lib/libtorch_cpu.so)
frame #2: <unknown function> + 0x68123e1 (0x75c6b915c3e1 in /home/devuser/conda/envs/py312/lib/python3.12/site-packages/torch/lib/libtorch_cpu.so)
frame #3: <unknown function> + 0x681258d (0x75c6b915c58d in /home/devuser/conda/envs/py312/lib/python3.12/site-packages/torch/lib/libtorch_cpu.so)
frame #4: c10d::TCPStore::check(std::vector<std::__cxx11::basic_string<char, std::char_traits<char>, std::allocator<char> >, std::allocator<std::__cxx11::basic_string<char, std::char_traits<char>, std::allocator<char> > > > const&) + 0x35d (0x75c6b91551dd in /home/devuser/conda/envs/py312/lib/python3.12/site-packages/torch/lib/libtorch_cpu.so)
frame #5: c10d::ProcessGroupNCCL::HeartbeatMonitor::runLoop() + 0x436 (0x75c694d8d0e6 in /home/devuser/conda/envs/py312/lib/python3.12/site-packages/torch/lib/libtorch_cuda.so)
frame #6: <unknown function> + 0xef5e4 (0x75c75a6705e4 in /home/devuser/conda/envs/py312/bin/../lib/libstdc++.so.6)
frame #7: <unknown function> + 0x9caa4 (0x75c75ba7caa4 in /lib/x86_64-linux-gnu/libc.so.6)
frame #8: __clone + 0x44 (0x75c75bb09a64 in /lib/x86_64-linux-gnu/libc.so.6)

[rank4]:[W813 07:24:36.646529343 ProcessGroupNCCL.cpp:1900] [PG ID 0 PG GUID 0(default_pg) Rank 4] Failed to check the "should dump" flag on TCPStore, (maybe TCPStore server has shut down too early), with error: Broken pipe
[rank3]:[W813 07:24:36.646565292 TCPStore.cpp:106] [c10d] sendBytes failed on SocketImpl(fd=100, addr=[localhost]:49296, remote=[sgl-b300-inference.datacrunch.io]:33691): Broken pipe
Exception raised from sendBytes at /__w/pytorch/pytorch/torch/csrc/distributed/c10d/Utils.hpp:758 (most recent call first):
frame #0: c10::Error::Error(c10::SourceLocation, std::__cxx11::basic_string<char, std::char_traits<char>, std::allocator<char> >) + 0x9d (0x75604f96933d in /home/devuser/conda/envs/py312/lib/python3.12/site-packages/torch/lib/libc10.so)
frame #1: <unknown function> + 0x6811231 (0x755fadf5b231 in /home/devuser/conda/envs/py312/lib/python3.12/site-packages/torch/lib/libtorch_cpu.so)
frame #2: <unknown function> + 0x68123e1 (0x755fadf5c3e1 in /home/devuser/conda/envs/py312/lib/python3.12/site-packages/torch/lib/libtorch_cpu.so)
frame #3: <unknown function> + 0x681258d (0x755fadf5c58d in /home/devuser/conda/envs/py312/lib/python3.12/site-packages/torch/lib/libtorch_cpu.so)
frame #4: c10d::TCPStore::check(std::vector<std::__cxx11::basic_string<char, std::char_traits<char>, std::allocator<char> >, std::allocator<std::__cxx11::basic_string<char, std::char_traits<char>, std::allocator<char> > > > const&) + 0x35d (0x755fadf551dd in /home/devuser/conda/envs/py312/lib/python3.12/site-packages/torch/lib/libtorch_cpu.so)
frame #5: c10d::ProcessGroupNCCL::HeartbeatMonitor::runLoop() + 0x436 (0x755f89b8d0e6 in /home/devuser/conda/envs/py312/lib/python3.12/site-packages/torch/lib/libtorch_cuda.so)
frame #6: <unknown function> + 0xef5e4 (0x75604f4705e4 in /home/devuser/conda/envs/py312/bin/../lib/libstdc++.so.6)
frame #7: <unknown function> + 0x9caa4 (0x7560508c5aa4 in /lib/x86_64-linux-gnu/libc.so.6)
frame #8: __clone + 0x44 (0x756050952a64 in /lib/x86_64-linux-gnu/libc.so.6)

[rank3]:[W813 07:24:36.648484334 ProcessGroupNCCL.cpp:1900] [PG ID 0 PG GUID 0(default_pg) Rank 3] Failed to check the "should dump" flag on TCPStore, (maybe TCPStore server has shut down too early), with error: Broken pipe
[rank7]:[W813 07:24:36.648518193 TCPStore.cpp:106] [c10d] sendBytes failed on SocketImpl(fd=100, addr=[localhost]:49310, remote=[sgl-b300-inference.datacrunch.io]:33691): Broken pipe
Exception raised from sendBytes at /__w/pytorch/pytorch/torch/csrc/distributed/c10d/Utils.hpp:758 (most recent call first):
frame #0: c10::Error::Error(c10::SourceLocation, std::__cxx11::basic_string<char, std::char_traits<char>, std::allocator<char> >) + 0x9d (0x78f0b036933d in /home/devuser/conda/envs/py312/lib/python3.12/site-packages/torch/lib/libc10.so)
frame #1: <unknown function> + 0x6811231 (0x78f00e95b231 in /home/devuser/conda/envs/py312/lib/python3.12/site-packages/torch/lib/libtorch_cpu.so)
frame #2: <unknown function> + 0x68123e1 (0x78f00e95c3e1 in /home/devuser/conda/envs/py312/lib/python3.12/site-packages/torch/lib/libtorch_cpu.so)
frame #3: <unknown function> + 0x681258d (0x78f00e95c58d in /home/devuser/conda/envs/py312/lib/python3.12/site-packages/torch/lib/libtorch_cpu.so)
frame #4: c10d::TCPStore::check(std::vector<std::__cxx11::basic_string<char, std::char_traits<char>, std::allocator<char> >, std::allocator<std::__cxx11::basic_string<char, std::char_traits<char>, std::allocator<char> > > > const&) + 0x35d (0x78f00e9551dd in /home/devuser/conda/envs/py312/lib/python3.12/site-packages/torch/lib/libtorch_cpu.so)
frame #5: c10d::ProcessGroupNCCL::HeartbeatMonitor::runLoop() + 0x436 (0x78efea58d0e6 in /home/devuser/conda/envs/py312/lib/python3.12/site-packages/torch/lib/libtorch_cuda.so)
frame #6: <unknown function> + 0xef5e4 (0x78f0afe705e4 in /home/devuser/conda/envs/py312/bin/../lib/libstdc++.so.6)
frame #7: <unknown function> + 0x9caa4 (0x78f0b12b7aa4 in /lib/x86_64-linux-gnu/libc.so.6)
frame #8: __clone + 0x44 (0x78f0b1344a64 in /lib/x86_64-linux-gnu/libc.so.6)

[rank7]:[W813 07:24:36.650438586 ProcessGroupNCCL.cpp:1900] [PG ID 0 PG GUID 0(default_pg) Rank 7] Failed to check the "should dump" flag on TCPStore, (maybe TCPStore server has shut down too early), with error: Broken pipe
[rank1]:[W813 07:24:37.630080540 TCPStore.cpp:106] [c10d] sendBytes failed on SocketImpl(fd=100, addr=[localhost]:49304, remote=[sgl-b300-inference.datacrunch.io]:33691): Broken pipe
Exception raised from sendBytes at /__w/pytorch/pytorch/torch/csrc/distributed/c10d/Utils.hpp:758 (most recent call first):
frame #0: c10::Error::Error(c10::SourceLocation, std::__cxx11::basic_string<char, std::char_traits<char>, std::allocator<char> >) + 0x9d (0x7d8dac76933d in /home/devuser/conda/envs/py312/lib/python3.12/site-packages/torch/lib/libc10.so)
frame #1: <unknown function> + 0x6811231 (0x7d8d0ad5b231 in /home/devuser/conda/envs/py312/lib/python3.12/site-packages/torch/lib/libtorch_cpu.so)
frame #2: <unknown function> + 0x68123e1 (0x7d8d0ad5c3e1 in /home/devuser/conda/envs/py312/lib/python3.12/site-packages/torch/lib/libtorch_cpu.so)
frame #3: <unknown function> + 0x681258d (0x7d8d0ad5c58d in /home/devuser/conda/envs/py312/lib/python3.12/site-packages/torch/lib/libtorch_cpu.so)
frame #4: c10d::TCPStore::check(std::vector<std::__cxx11::basic_string<char, std::char_traits<char>, std::allocator<char> >, std::allocator<std::__cxx11::basic_string<char, std::char_traits<char>, std::allocator<char> > > > const&) + 0x35d (0x7d8d0ad551dd in /home/devuser/conda/envs/py312/lib/python3.12/site-packages/torch/lib/libtorch_cpu.so)
frame #5: c10d::ProcessGroupNCCL::HeartbeatMonitor::runLoop() + 0x436 (0x7d8ce698d0e6 in /home/devuser/conda/envs/py312/lib/python3.12/site-packages/torch/lib/libtorch_cuda.so)
frame #6: <unknown function> + 0xef5e4 (0x7d8dac2705e4 in /home/devuser/conda/envs/py312/bin/../lib/libstdc++.so.6)
frame #7: <unknown function> + 0x9caa4 (0x7d8dad6c7aa4 in /lib/x86_64-linux-gnu/libc.so.6)
frame #8: __clone + 0x44 (0x7d8dad754a64 in /lib/x86_64-linux-gnu/libc.so.6)

[rank1]:[W813 07:24:37.632179098 ProcessGroupNCCL.cpp:1900] [PG ID 0 PG GUID 0(default_pg) Rank 1] Failed to check the "should dump" flag on TCPStore, (maybe TCPStore server has shut down too early), with error: Broken pipe
[rank0]:[W813 07:24:37.636887031 TCPStore.cpp:106] [c10d] sendBytes failed on SocketImpl(fd=100, addr=[localhost]:49270, remote=[sgl-b300-inference.datacrunch.io]:33691): Broken pipe
Exception raised from sendBytes at /__w/pytorch/pytorch/torch/csrc/distributed/c10d/Utils.hpp:758 (most recent call first):
frame #0: c10::Error::Error(c10::SourceLocation, std::__cxx11::basic_string<char, std::char_traits<char>, std::allocator<char> >) + 0x9d (0x76c6d456933d in /home/devuser/conda/envs/py312/lib/python3.12/site-packages/torch/lib/libc10.so)
frame #1: <unknown function> + 0x6811231 (0x76c66195b231 in /home/devuser/conda/envs/py312/lib/python3.12/site-packages/torch/lib/libtorch_cpu.so)
frame #2: <unknown function> + 0x68123e1 (0x76c66195c3e1 in /home/devuser/conda/envs/py312/lib/python3.12/site-packages/torch/lib/libtorch_cpu.so)
frame #3: <unknown function> + 0x681258d (0x76c66195c58d in /home/devuser/conda/envs/py312/lib/python3.12/site-packages/torch/lib/libtorch_cpu.so)
frame #4: c10d::TCPStore::check(std::vector<std::__cxx11::basic_string<char, std::char_traits<char>, std::allocator<char> >, std::allocator<std::__cxx11::basic_string<char, std::char_traits<char>, std::allocator<char> > > > const&) + 0x35d (0x76c6619551dd in /home/devuser/conda/envs/py312/lib/python3.12/site-packages/torch/lib/libtorch_cpu.so)
frame #5: c10d::ProcessGroupNCCL::HeartbeatMonitor::runLoop() + 0x436 (0x76c63d58d0e6 in /home/devuser/conda/envs/py312/lib/python3.12/site-packages/torch/lib/libtorch_cuda.so)
frame #6: <unknown function> + 0xef5e4 (0x76c702e705e4 in /home/devuser/conda/envs/py312/bin/../lib/libstdc++.so.6)
frame #7: <unknown function> + 0x9caa4 (0x76c70414faa4 in /lib/x86_64-linux-gnu/libc.so.6)
frame #8: __clone + 0x44 (0x76c7041dca64 in /lib/x86_64-linux-gnu/libc.so.6)

[rank0]:[W813 07:24:37.638790704 ProcessGroupNCCL.cpp:1900] [PG ID 0 PG GUID 0(default_pg) Rank 0] Failed to check the "should dump" flag on TCPStore, (maybe TCPStore server has shut down too early), with error: Broken pipe
[rank2]:[W813 07:24:37.640741335 TCPStore.cpp:106] [c10d] sendBytes failed on SocketImpl(fd=100, addr=[localhost]:49326, remote=[sgl-b300-inference.datacrunch.io]:33691): Broken pipe
Exception raised from sendBytes at /__w/pytorch/pytorch/torch/csrc/distributed/c10d/Utils.hpp:758 (most recent call first):
frame #0: c10::Error::Error(c10::SourceLocation, std::__cxx11::basic_string<char, std::char_traits<char>, std::allocator<char> >) + 0x9d (0x7dc559d6933d in /home/devuser/conda/envs/py312/lib/python3.12/site-packages/torch/lib/libc10.so)
frame #1: <unknown function> + 0x6811231 (0x7dc4b835b231 in /home/devuser/conda/envs/py312/lib/python3.12/site-packages/torch/lib/libtorch_cpu.so)
frame #2: <unknown function> + 0x68123e1 (0x7dc4b835c3e1 in /home/devuser/conda/envs/py312/lib/python3.12/site-packages/torch/lib/libtorch_cpu.so)
frame #3: <unknown function> + 0x681258d (0x7dc4b835c58d in /home/devuser/conda/envs/py312/lib/python3.12/site-packages/torch/lib/libtorch_cpu.so)
frame #4: c10d::TCPStore::check(std::vector<std::__cxx11::basic_string<char, std::char_traits<char>, std::allocator<char> >, std::allocator<std::__cxx11::basic_string<char, std::char_traits<char>, std::allocator<char> > > > const&) + 0x35d (0x7dc4b83551dd in /home/devuser/conda/envs/py312/lib/python3.12/site-packages/torch/lib/libtorch_cpu.so)
frame #5: c10d::ProcessGroupNCCL::HeartbeatMonitor::runLoop() + 0x436 (0x7dc493f8d0e6 in /home/devuser/conda/envs/py312/lib/python3.12/site-packages/torch/lib/libtorch_cuda.so)
frame #6: <unknown function> + 0xef5e4 (0x7dc5598705e4 in /home/devuser/conda/envs/py312/bin/../lib/libstdc++.so.6)
frame #7: <unknown function> + 0x9caa4 (0x7dc55ac7aaa4 in /lib/x86_64-linux-gnu/libc.so.6)
frame #8: __clone + 0x44 (0x7dc55ad07a64 in /lib/x86_64-linux-gnu/libc.so.6)

[rank2]:[W813 07:24:37.642645788 ProcessGroupNCCL.cpp:1900] [PG ID 0 PG GUID 0(default_pg) Rank 2] Failed to check the "should dump" flag on TCPStore, (maybe TCPStore server has shut down too early), with error: Broken pipe
[rank5]:[W813 07:24:37.642765305 TCPStore.cpp:106] [c10d] sendBytes failed on SocketImpl(fd=100, addr=[localhost]:49286, remote=[sgl-b300-inference.datacrunch.io]:33691): Broken pipe
Exception raised from sendBytes at /__w/pytorch/pytorch/torch/csrc/distributed/c10d/Utils.hpp:758 (most recent call first):
frame #0: c10::Error::Error(c10::SourceLocation, std::__cxx11::basic_string<char, std::char_traits<char>, std::allocator<char> >) + 0x9d (0x7dcf2856933d in /home/devuser/conda/envs/py312/lib/python3.12/site-packages/torch/lib/libc10.so)
frame #1: <unknown function> + 0x6811231 (0x7dce86b5b231 in /home/devuser/conda/envs/py312/lib/python3.12/site-packages/torch/lib/libtorch_cpu.so)
frame #2: <unknown function> + 0x68123e1 (0x7dce86b5c3e1 in /home/devuser/conda/envs/py312/lib/python3.12/site-packages/torch/lib/libtorch_cpu.so)
frame #3: <unknown function> + 0x681258d (0x7dce86b5c58d in /home/devuser/conda/envs/py312/lib/python3.12/site-packages/torch/lib/libtorch_cpu.so)
frame #4: c10d::TCPStore::check(std::vector<std::__cxx11::basic_string<char, std::char_traits<char>, std::allocator<char> >, std::allocator<std::__cxx11::basic_string<char, std::char_traits<char>, std::allocator<char> > > > const&) + 0x35d (0x7dce86b551dd in /home/devuser/conda/envs/py312/lib/python3.12/site-packages/torch/lib/libtorch_cpu.so)
frame #5: c10d::ProcessGroupNCCL::HeartbeatMonitor::runLoop() + 0x436 (0x7dce6278d0e6 in /home/devuser/conda/envs/py312/lib/python3.12/site-packages/torch/lib/libtorch_cuda.so)
frame #6: <unknown function> + 0xef5e4 (0x7dcf280705e4 in /home/devuser/conda/envs/py312/bin/../lib/libstdc++.so.6)
frame #7: <unknown function> + 0x9caa4 (0x7dcf29462aa4 in /lib/x86_64-linux-gnu/libc.so.6)
frame #8: __clone + 0x44 (0x7dcf294efa64 in /lib/x86_64-linux-gnu/libc.so.6)

[rank5]:[W813 07:24:37.644674138 ProcessGroupNCCL.cpp:1900] [PG ID 0 PG GUID 0(default_pg) Rank 5] Failed to check the "should dump" flag on TCPStore, (maybe TCPStore server has shut down too early), with error: Broken pipe
[rank6]:[W813 07:24:37.644724037 TCPStore.cpp:106] [c10d] sendBytes failed on SocketImpl(fd=100, addr=[localhost]:49280, remote=[sgl-b300-inference.datacrunch.io]:33691): Broken pipe
Exception raised from sendBytes at /__w/pytorch/pytorch/torch/csrc/distributed/c10d/Utils.hpp:758 (most recent call first):
frame #0: c10::Error::Error(c10::SourceLocation, std::__cxx11::basic_string<char, std::char_traits<char>, std::allocator<char> >) + 0x9d (0x79e54e76933d in /home/devuser/conda/envs/py312/lib/python3.12/site-packages/torch/lib/libc10.so)
frame #1: <unknown function> + 0x6811231 (0x79e4dbb5b231 in /home/devuser/conda/envs/py312/lib/python3.12/site-packages/torch/lib/libtorch_cpu.so)
frame #2: <unknown function> + 0x68123e1 (0x79e4dbb5c3e1 in /home/devuser/conda/envs/py312/lib/python3.12/site-packages/torch/lib/libtorch_cpu.so)
frame #3: <unknown function> + 0x681258d (0x79e4dbb5c58d in /home/devuser/conda/envs/py312/lib/python3.12/site-packages/torch/lib/libtorch_cpu.so)
frame #4: c10d::TCPStore::check(std::vector<std::__cxx11::basic_string<char, std::char_traits<char>, std::allocator<char> >, std::allocator<std::__cxx11::basic_string<char, std::char_traits<char>, std::allocator<char> > > > const&) + 0x35d (0x79e4dbb551dd in /home/devuser/conda/envs/py312/lib/python3.12/site-packages/torch/lib/libtorch_cpu.so)
frame #5: c10d::ProcessGroupNCCL::HeartbeatMonitor::runLoop() + 0x436 (0x79e4b778d0e6 in /home/devuser/conda/envs/py312/lib/python3.12/site-packages/torch/lib/libtorch_cuda.so)
frame #6: <unknown function> + 0xef5e4 (0x79e57d0705e4 in /home/devuser/conda/envs/py312/bin/../lib/libstdc++.so.6)
frame #7: <unknown function> + 0x9caa4 (0x79e57e3cdaa4 in /lib/x86_64-linux-gnu/libc.so.6)
frame #8: __clone + 0x44 (0x79e57e45aa64 in /lib/x86_64-linux-gnu/libc.so.6)

[rank6]:[W813 07:24:37.646644339 ProcessGroupNCCL.cpp:1900] [PG ID 0 PG GUID 0(default_pg) Rank 6] Failed to check the "should dump" flag on TCPStore, (maybe TCPStore server has shut down too early), with error: Broken pipe
[rank4]:[W813 07:24:37.646671578 TCPStore.cpp:106] [c10d] sendBytes failed on SocketImpl(fd=100, addr=[localhost]:49282, remote=[sgl-b300-inference.datacrunch.io]:33691): Broken pipe
Exception raised from sendBytes at /__w/pytorch/pytorch/torch/csrc/distributed/c10d/Utils.hpp:758 (most recent call first):
frame #0: c10::Error::Error(c10::SourceLocation, std::__cxx11::basic_string<char, std::char_traits<char>, std::allocator<char> >) + 0x9d (0x75c75ab6933d in /home/devuser/conda/envs/py312/lib/python3.12/site-packages/torch/lib/libc10.so)
frame #1: <unknown function> + 0x6811231 (0x75c6b915b231 in /home/devuser/conda/envs/py312/lib/python3.12/site-packages/torch/lib/libtorch_cpu.so)
frame #2: <unknown function> + 0x68123e1 (0x75c6b915c3e1 in /home/devuser/conda/envs/py312/lib/python3.12/site-packages/torch/lib/libtorch_cpu.so)
frame #3: <unknown function> + 0x681258d (0x75c6b915c58d in /home/devuser/conda/envs/py312/lib/python3.12/site-packages/torch/lib/libtorch_cpu.so)
frame #4: c10d::TCPStore::check(std::vector<std::__cxx11::basic_string<char, std::char_traits<char>, std::allocator<char> >, std::allocator<std::__cxx11::basic_string<char, std::char_traits<char>, std::allocator<char> > > > const&) + 0x35d (0x75c6b91551dd in /home/devuser/conda/envs/py312/lib/python3.12/site-packages/torch/lib/libtorch_cpu.so)
frame #5: c10d::ProcessGroupNCCL::HeartbeatMonitor::runLoop() + 0x436 (0x75c694d8d0e6 in /home/devuser/conda/envs/py312/lib/python3.12/site-packages/torch/lib/libtorch_cuda.so)
frame #6: <unknown function> + 0xef5e4 (0x75c75a6705e4 in /home/devuser/conda/envs/py312/bin/../lib/libstdc++.so.6)
frame #7: <unknown function> + 0x9caa4 (0x75c75ba7caa4 in /lib/x86_64-linux-gnu/libc.so.6)
frame #8: __clone + 0x44 (0x75c75bb09a64 in /lib/x86_64-linux-gnu/libc.so.6)

[rank4]:[W813 07:24:37.648604491 ProcessGroupNCCL.cpp:1900] [PG ID 0 PG GUID 0(default_pg) Rank 4] Failed to check the "should dump" flag on TCPStore, (maybe TCPStore server has shut down too early), with error: Broken pipe
[rank3]:[W813 07:24:37.648633310 TCPStore.cpp:106] [c10d] sendBytes failed on SocketImpl(fd=100, addr=[localhost]:49296, remote=[sgl-b300-inference.datacrunch.io]:33691): Broken pipe
Exception raised from sendBytes at /__w/pytorch/pytorch/torch/csrc/distributed/c10d/Utils.hpp:758 (most recent call first):
frame #0: c10::Error::Error(c10::SourceLocation, std::__cxx11::basic_string<char, std::char_traits<char>, std::allocator<char> >) + 0x9d (0x75604f96933d in /home/devuser/conda/envs/py312/lib/python3.12/site-packages/torch/lib/libc10.so)
frame #1: <unknown function> + 0x6811231 (0x755fadf5b231 in /home/devuser/conda/envs/py312/lib/python3.12/site-packages/torch/lib/libtorch_cpu.so)
frame #2: <unknown function> + 0x68123e1 (0x755fadf5c3e1 in /home/devuser/conda/envs/py312/lib/python3.12/site-packages/torch/lib/libtorch_cpu.so)
frame #3: <unknown function> + 0x681258d (0x755fadf5c58d in /home/devuser/conda/envs/py312/lib/python3.12/site-packages/torch/lib/libtorch_cpu.so)
frame #4: c10d::TCPStore::check(std::vector<std::__cxx11::basic_string<char, std::char_traits<char>, std::allocator<char> >, std::allocator<std::__cxx11::basic_string<char, std::char_traits<char>, std::allocator<char> > > > const&) + 0x35d (0x755fadf551dd in /home/devuser/conda/envs/py312/lib/python3.12/site-packages/torch/lib/libtorch_cpu.so)
frame #5: c10d::ProcessGroupNCCL::HeartbeatMonitor::runLoop() + 0x436 (0x755f89b8d0e6 in /home/devuser/conda/envs/py312/lib/python3.12/site-packages/torch/lib/libtorch_cuda.so)
frame #6: <unknown function> + 0xef5e4 (0x75604f4705e4 in /home/devuser/conda/envs/py312/bin/../lib/libstdc++.so.6)
frame #7: <unknown function> + 0x9caa4 (0x7560508c5aa4 in /lib/x86_64-linux-gnu/libc.so.6)
frame #8: __clone + 0x44 (0x756050952a64 in /lib/x86_64-linux-gnu/libc.so.6)

[rank3]:[W813 07:24:37.650590871 ProcessGroupNCCL.cpp:1900] [PG ID 0 PG GUID 0(default_pg) Rank 3] Failed to check the "should dump" flag on TCPStore, (maybe TCPStore server has shut down too early), with error: Broken pipe
[rank7]:[W813 07:24:37.650618671 TCPStore.cpp:106] [c10d] sendBytes failed on SocketImpl(fd=100, addr=[localhost]:49310, remote=[sgl-b300-inference.datacrunch.io]:33691): Broken pipe
Exception raised from sendBytes at /__w/pytorch/pytorch/torch/csrc/distributed/c10d/Utils.hpp:758 (most recent call first):
frame #0: c10::Error::Error(c10::SourceLocation, std::__cxx11::basic_string<char, std::char_traits<char>, std::allocator<char> >) + 0x9d (0x78f0b036933d in /home/devuser/conda/envs/py312/lib/python3.12/site-packages/torch/lib/libc10.so)
frame #1: <unknown function> + 0x6811231 (0x78f00e95b231 in /home/devuser/conda/envs/py312/lib/python3.12/site-packages/torch/lib/libtorch_cpu.so)
frame #2: <unknown function> + 0x68123e1 (0x78f00e95c3e1 in /home/devuser/conda/envs/py312/lib/python3.12/site-packages/torch/lib/libtorch_cpu.so)
frame #3: <unknown function> + 0x681258d (0x78f00e95c58d in /home/devuser/conda/envs/py312/lib/python3.12/site-packages/torch/lib/libtorch_cpu.so)
frame #4: c10d::TCPStore::check(std::vector<std::__cxx11::basic_string<char, std::char_traits<char>, std::allocator<char> >, std::allocator<std::__cxx11::basic_string<char, std::char_traits<char>, std::allocator<char> > > > const&) + 0x35d (0x78f00e9551dd in /home/devuser/conda/envs/py312/lib/python3.12/site-packages/torch/lib/libtorch_cpu.so)
frame #5: c10d::ProcessGroupNCCL::HeartbeatMonitor::runLoop() + 0x436 (0x78efea58d0e6 in /home/devuser/conda/envs/py312/lib/python3.12/site-packages/torch/lib/libtorch_cuda.so)
frame #6: <unknown function> + 0xef5e4 (0x78f0afe705e4 in /home/devuser/conda/envs/py312/bin/../lib/libstdc++.so.6)
frame #7: <unknown function> + 0x9caa4 (0x78f0b12b7aa4 in /lib/x86_64-linux-gnu/libc.so.6)
frame #8: __clone + 0x44 (0x78f0b1344a64 in /lib/x86_64-linux-gnu/libc.so.6)

[rank7]:[W813 07:24:37.652524893 ProcessGroupNCCL.cpp:1900] [PG ID 0 PG GUID 0(default_pg) Rank 7] Failed to check the "should dump" flag on TCPStore, (maybe TCPStore server has shut down too early), with error: Broken pipe
[rank1]:[W813 07:24:38.632279912 TCPStore.cpp:106] [c10d] sendBytes failed on SocketImpl(fd=100, addr=[localhost]:49304, remote=[sgl-b300-inference.datacrunch.io]:33691): Broken pipe
Exception raised from sendBytes at /__w/pytorch/pytorch/torch/csrc/distributed/c10d/Utils.hpp:758 (most recent call first):
frame #0: c10::Error::Error(c10::SourceLocation, std::__cxx11::basic_string<char, std::char_traits<char>, std::allocator<char> >) + 0x9d (0x7d8dac76933d in /home/devuser/conda/envs/py312/lib/python3.12/site-packages/torch/lib/libc10.so)
frame #1: <unknown function> + 0x6811231 (0x7d8d0ad5b231 in /home/devuser/conda/envs/py312/lib/python3.12/site-packages/torch/lib/libtorch_cpu.so)
frame #2: <unknown function> + 0x68123e1 (0x7d8d0ad5c3e1 in /home/devuser/conda/envs/py312/lib/python3.12/site-packages/torch/lib/libtorch_cpu.so)
frame #3: <unknown function> + 0x681258d (0x7d8d0ad5c58d in /home/devuser/conda/envs/py312/lib/python3.12/site-packages/torch/lib/libtorch_cpu.so)
frame #4: c10d::TCPStore::check(std::vector<std::__cxx11::basic_string<char, std::char_traits<char>, std::allocator<char> >, std::allocator<std::__cxx11::basic_string<char, std::char_traits<char>, std::allocator<char> > > > const&) + 0x35d (0x7d8d0ad551dd in /home/devuser/conda/envs/py312/lib/python3.12/site-packages/torch/lib/libtorch_cpu.so)
frame #5: c10d::ProcessGroupNCCL::HeartbeatMonitor::runLoop() + 0x436 (0x7d8ce698d0e6 in /home/devuser/conda/envs/py312/lib/python3.12/site-packages/torch/lib/libtorch_cuda.so)
frame #6: <unknown function> + 0xef5e4 (0x7d8dac2705e4 in /home/devuser/conda/envs/py312/bin/../lib/libstdc++.so.6)
frame #7: <unknown function> + 0x9caa4 (0x7d8dad6c7aa4 in /lib/x86_64-linux-gnu/libc.so.6)
frame #8: __clone + 0x44 (0x7d8dad754a64 in /lib/x86_64-linux-gnu/libc.so.6)

[rank1]:[W813 07:24:38.634730021 ProcessGroupNCCL.cpp:1900] [PG ID 0 PG GUID 0(default_pg) Rank 1] Failed to check the "should dump" flag on TCPStore, (maybe TCPStore server has shut down too early), with error: Broken pipe
[rank0]:[W813 07:24:38.638876988 TCPStore.cpp:106] [c10d] sendBytes failed on SocketImpl(fd=100, addr=[localhost]:49270, remote=[sgl-b300-inference.datacrunch.io]:33691): Broken pipe
Exception raised from sendBytes at /__w/pytorch/pytorch/torch/csrc/distributed/c10d/Utils.hpp:758 (most recent call first):
frame #0: c10::Error::Error(c10::SourceLocation, std::__cxx11::basic_string<char, std::char_traits<char>, std::allocator<char> >) + 0x9d (0x76c6d456933d in /home/devuser/conda/envs/py312/lib/python3.12/site-packages/torch/lib/libc10.so)
frame #1: <unknown function> + 0x6811231 (0x76c66195b231 in /home/devuser/conda/envs/py312/lib/python3.12/site-packages/torch/lib/libtorch_cpu.so)
frame #2: <unknown function> + 0x68123e1 (0x76c66195c3e1 in /home/devuser/conda/envs/py312/lib/python3.12/site-packages/torch/lib/libtorch_cpu.so)
frame #3: <unknown function> + 0x681258d (0x76c66195c58d in /home/devuser/conda/envs/py312/lib/python3.12/site-packages/torch/lib/libtorch_cpu.so)
frame #4: c10d::TCPStore::check(std::vector<std::__cxx11::basic_string<char, std::char_traits<char>, std::allocator<char> >, std::allocator<std::__cxx11::basic_string<char, std::char_traits<char>, std::allocator<char> > > > const&) + 0x35d (0x76c6619551dd in /home/devuser/conda/envs/py312/lib/python3.12/site-packages/torch/lib/libtorch_cpu.so)
frame #5: c10d::ProcessGroupNCCL::HeartbeatMonitor::runLoop() + 0x436 (0x76c63d58d0e6 in /home/devuser/conda/envs/py312/lib/python3.12/site-packages/torch/lib/libtorch_cuda.so)
frame #6: <unknown function> + 0xef5e4 (0x76c702e705e4 in /home/devuser/conda/envs/py312/bin/../lib/libstdc++.so.6)
frame #7: <unknown function> + 0x9caa4 (0x76c70414faa4 in /lib/x86_64-linux-gnu/libc.so.6)
frame #8: __clone + 0x44 (0x76c7041dca64 in /lib/x86_64-linux-gnu/libc.so.6)

[rank0]:[W813 07:24:38.640806771 ProcessGroupNCCL.cpp:1900] [PG ID 0 PG GUID 0(default_pg) Rank 0] Failed to check the "should dump" flag on TCPStore, (maybe TCPStore server has shut down too early), with error: Broken pipe
[rank2]:[W813 07:24:38.642726453 TCPStore.cpp:106] [c10d] sendBytes failed on SocketImpl(fd=100, addr=[localhost]:49326, remote=[sgl-b300-inference.datacrunch.io]:33691): Broken pipe
Exception raised from sendBytes at /__w/pytorch/pytorch/torch/csrc/distributed/c10d/Utils.hpp:758 (most recent call first):
frame #0: c10::Error::Error(c10::SourceLocation, std::__cxx11::basic_string<char, std::char_traits<char>, std::allocator<char> >) + 0x9d (0x7dc559d6933d in /home/devuser/conda/envs/py312/lib/python3.12/site-packages/torch/lib/libc10.so)
frame #1: <unknown function> + 0x6811231 (0x7dc4b835b231 in /home/devuser/conda/envs/py312/lib/python3.12/site-packages/torch/lib/libtorch_cpu.so)
frame #2: <unknown function> + 0x68123e1 (0x7dc4b835c3e1 in /home/devuser/conda/envs/py312/lib/python3.12/site-packages/torch/lib/libtorch_cpu.so)
frame #3: <unknown function> + 0x681258d (0x7dc4b835c58d in /home/devuser/conda/envs/py312/lib/python3.12/site-packages/torch/lib/libtorch_cpu.so)
frame #4: c10d::TCPStore::check(std::vector<std::__cxx11::basic_string<char, std::char_traits<char>, std::allocator<char> >, std::allocator<std::__cxx11::basic_string<char, std::char_traits<char>, std::allocator<char> > > > const&) + 0x35d (0x7dc4b83551dd in /home/devuser/conda/envs/py312/lib/python3.12/site-packages/torch/lib/libtorch_cpu.so)
frame #5: c10d::ProcessGroupNCCL::HeartbeatMonitor::runLoop() + 0x436 (0x7dc493f8d0e6 in /home/devuser/conda/envs/py312/lib/python3.12/site-packages/torch/lib/libtorch_cuda.so)
frame #6: <unknown function> + 0xef5e4 (0x7dc5598705e4 in /home/devuser/conda/envs/py312/bin/../lib/libstdc++.so.6)
frame #7: <unknown function> + 0x9caa4 (0x7dc55ac7aaa4 in /lib/x86_64-linux-gnu/libc.so.6)
frame #8: __clone + 0x44 (0x7dc55ad07a64 in /lib/x86_64-linux-gnu/libc.so.6)

[rank2]:[W813 07:24:38.644658915 ProcessGroupNCCL.cpp:1900] [PG ID 0 PG GUID 0(default_pg) Rank 2] Failed to check the "should dump" flag on TCPStore, (maybe TCPStore server has shut down too early), with error: Broken pipe
[rank6]:[W813 07:24:38.646722074 TCPStore.cpp:106] [c10d] sendBytes failed on SocketImpl(fd=100, addr=[localhost]:49280, remote=[sgl-b300-inference.datacrunch.io]:33691): Broken pipe
Exception raised from sendBytes at /__w/pytorch/pytorch/torch/csrc/distributed/c10d/Utils.hpp:758 (most recent call first):
frame #0: c10::Error::Error(c10::SourceLocation, std::__cxx11::basic_string<char, std::char_traits<char>, std::allocator<char> >) + 0x9d (0x79e54e76933d in /home/devuser/conda/envs/py312/lib/python3.12/site-packages/torch/lib/libc10.so)
frame #1: <unknown function> + 0x6811231 (0x79e4dbb5b231 in /home/devuser/conda/envs/py312/lib/python3.12/site-packages/torch/lib/libtorch_cpu.so)
frame #2: <unknown function> + 0x68123e1 (0x79e4dbb5c3e1 in /home/devuser/conda/envs/py312/lib/python3.12/site-packages/torch/lib/libtorch_cpu.so)
frame #3: <unknown function> + 0x681258d (0x79e4dbb5c58d in /home/devuser/conda/envs/py312/lib/python3.12/site-packages/torch/lib/libtorch_cpu.so)
frame #4: c10d::TCPStore::check(std::vector<std::__cxx11::basic_string<char, std::char_traits<char>, std::allocator<char> >, std::allocator<std::__cxx11::basic_string<char, std::char_traits<char>, std::allocator<char> > > > const&) + 0x35d (0x79e4dbb551dd in /home/devuser/conda/envs/py312/lib/python3.12/site-packages/torch/lib/libtorch_cpu.so)
frame #5: c10d::ProcessGroupNCCL::HeartbeatMonitor::runLoop() + 0x436 (0x79e4b778d0e6 in /home/devuser/conda/envs/py312/lib/python3.12/site-packages/torch/lib/libtorch_cuda.so)
frame #6: <unknown function> + 0xef5e4 (0x79e57d0705e4 in /home/devuser/conda/envs/py312/bin/../lib/libstdc++.so.6)
frame #7: <unknown function> + 0x9caa4 (0x79e57e3cdaa4 in /lib/x86_64-linux-gnu/libc.so.6)
frame #8: __clone + 0x44 (0x79e57e45aa64 in /lib/x86_64-linux-gnu/libc.so.6)

[rank6]:[W813 07:24:38.648614527 ProcessGroupNCCL.cpp:1900] [PG ID 0 PG GUID 0(default_pg) Rank 6] Failed to check the "should dump" flag on TCPStore, (maybe TCPStore server has shut down too early), with error: Broken pipe
[rank5]:[W813 07:24:38.644757063 TCPStore.cpp:106] [c10d] sendBytes failed on SocketImpl(fd=100, addr=[localhost]:49286, remote=[sgl-b300-inference.datacrunch.io]:33691): Broken pipe
Exception raised from sendBytes at /__w/pytorch/pytorch/torch/csrc/distributed/c10d/Utils.hpp:758 (most recent call first):
frame #0: c10::Error::Error(c10::SourceLocation, std::__cxx11::basic_string<char, std::char_traits<char>, std::allocator<char> >) + 0x9d (0x7dcf2856933d in /home/devuser/conda/envs/py312/lib/python3.12/site-packages/torch/lib/libc10.so)
frame #1: <unknown function> + 0x6811231 (0x7dce86b5b231 in /home/devuser/conda/envs/py312/lib/python3.12/site-packages/torch/lib/libtorch_cpu.so)
frame #2: <unknown function> + 0x68123e1 (0x7dce86b5c3e1 in /home/devuser/conda/envs/py312/lib/python3.12/site-packages/torch/lib/libtorch_cpu.so)
frame #3: <unknown function> + 0x681258d (0x7dce86b5c58d in /home/devuser/conda/envs/py312/lib/python3.12/site-packages/torch/lib/libtorch_cpu.so)
frame #4: c10d::TCPStore::check(std::vector<std::__cxx11::basic_string<char, std::char_traits<char>, std::allocator<char> >, std::allocator<std::__cxx11::basic_string<char, std::char_traits<char>, std::allocator<char> > > > const&) + 0x35d (0x7dce86b551dd in /home/devuser/conda/envs/py312/lib/python3.12/site-packages/torch/lib/libtorch_cpu.so)
frame #5: c10d::ProcessGroupNCCL::HeartbeatMonitor::runLoop() + 0x436 (0x7dce6278d0e6 in /home/devuser/conda/envs/py312/lib/python3.12/site-packages/torch/lib/libtorch_cuda.so)
frame #6: <unknown function> + 0xef5e4 (0x7dcf280705e4 in /home/devuser/conda/envs/py312/bin/../lib/libstdc++.so.6)
frame #7: <unknown function> + 0x9caa4 (0x7dcf29462aa4 in /lib/x86_64-linux-gnu/libc.so.6)
frame #8: __clone + 0x44 (0x7dcf294efa64 in /lib/x86_64-linux-gnu/libc.so.6)

[rank5]:[W813 07:24:38.648638626 ProcessGroupNCCL.cpp:1900] [PG ID 0 PG GUID 0(default_pg) Rank 5] Failed to check the "should dump" flag on TCPStore, (maybe TCPStore server has shut down too early), with error: Broken pipe
[rank4]:[W813 07:24:38.648685995 TCPStore.cpp:106] [c10d] sendBytes failed on SocketImpl(fd=100, addr=[localhost]:49282, remote=[sgl-b300-inference.datacrunch.io]:33691): Broken pipe
Exception raised from sendBytes at /__w/pytorch/pytorch/torch/csrc/distributed/c10d/Utils.hpp:758 (most recent call first):
frame #0: c10::Error::Error(c10::SourceLocation, std::__cxx11::basic_string<char, std::char_traits<char>, std::allocator<char> >) + 0x9d (0x75c75ab6933d in /home/devuser/conda/envs/py312/lib/python3.12/site-packages/torch/lib/libc10.so)
frame #1: <unknown function> + 0x6811231 (0x75c6b915b231 in /home/devuser/conda/envs/py312/lib/python3.12/site-packages/torch/lib/libtorch_cpu.so)
frame #2: <unknown function> + 0x68123e1 (0x75c6b915c3e1 in /home/devuser/conda/envs/py312/lib/python3.12/site-packages/torch/lib/libtorch_cpu.so)
frame #3: <unknown function> + 0x681258d (0x75c6b915c58d in /home/devuser/conda/envs/py312/lib/python3.12/site-packages/torch/lib/libtorch_cpu.so)
frame #4: c10d::TCPStore::check(std::vector<std::__cxx11::basic_string<char, std::char_traits<char>, std::allocator<char> >, std::allocator<std::__cxx11::basic_string<char, std::char_traits<char>, std::allocator<char> > > > const&) + 0x35d (0x75c6b91551dd in /home/devuser/conda/envs/py312/lib/python3.12/site-packages/torch/lib/libtorch_cpu.so)
frame #5: c10d::ProcessGroupNCCL::HeartbeatMonitor::runLoop() + 0x436 (0x75c694d8d0e6 in /home/devuser/conda/envs/py312/lib/python3.12/site-packages/torch/lib/libtorch_cuda.so)
frame #6: <unknown function> + 0xef5e4 (0x75c75a6705e4 in /home/devuser/conda/envs/py312/bin/../lib/libstdc++.so.6)
frame #7: <unknown function> + 0x9caa4 (0x75c75ba7caa4 in /lib/x86_64-linux-gnu/libc.so.6)
frame #8: __clone + 0x44 (0x75c75bb09a64 in /lib/x86_64-linux-gnu/libc.so.6)

[rank4]:[W813 07:24:38.650617527 ProcessGroupNCCL.cpp:1900] [PG ID 0 PG GUID 0(default_pg) Rank 4] Failed to check the "should dump" flag on TCPStore, (maybe TCPStore server has shut down too early), with error: Broken pipe
[rank3]:[W813 07:24:38.650677876 TCPStore.cpp:106] [c10d] sendBytes failed on SocketImpl(fd=100, addr=[localhost]:49296, remote=[sgl-b300-inference.datacrunch.io]:33691): Broken pipe
Exception raised from sendBytes at /__w/pytorch/pytorch/torch/csrc/distributed/c10d/Utils.hpp:758 (most recent call first):
frame #0: c10::Error::Error(c10::SourceLocation, std::__cxx11::basic_string<char, std::char_traits<char>, std::allocator<char> >) + 0x9d (0x75604f96933d in /home/devuser/conda/envs/py312/lib/python3.12/site-packages/torch/lib/libc10.so)
frame #1: <unknown function> + 0x6811231 (0x755fadf5b231 in /home/devuser/conda/envs/py312/lib/python3.12/site-packages/torch/lib/libtorch_cpu.so)
frame #2: <unknown function> + 0x68123e1 (0x755fadf5c3e1 in /home/devuser/conda/envs/py312/lib/python3.12/site-packages/torch/lib/libtorch_cpu.so)
frame #3: <unknown function> + 0x681258d (0x755fadf5c58d in /home/devuser/conda/envs/py312/lib/python3.12/site-packages/torch/lib/libtorch_cpu.so)
frame #4: c10d::TCPStore::check(std::vector<std::__cxx11::basic_string<char, std::char_traits<char>, std::allocator<char> >, std::allocator<std::__cxx11::basic_string<char, std::char_traits<char>, std::allocator<char> > > > const&) + 0x35d (0x755fadf551dd in /home/devuser/conda/envs/py312/lib/python3.12/site-packages/torch/lib/libtorch_cpu.so)
frame #5: c10d::ProcessGroupNCCL::HeartbeatMonitor::runLoop() + 0x436 (0x755f89b8d0e6 in /home/devuser/conda/envs/py312/lib/python3.12/site-packages/torch/lib/libtorch_cuda.so)
frame #6: <unknown function> + 0xef5e4 (0x75604f4705e4 in /home/devuser/conda/envs/py312/bin/../lib/libstdc++.so.6)
frame #7: <unknown function> + 0x9caa4 (0x7560508c5aa4 in /lib/x86_64-linux-gnu/libc.so.6)
frame #8: __clone + 0x44 (0x756050952a64 in /lib/x86_64-linux-gnu/libc.so.6)

[rank3]:[W813 07:24:38.652575629 ProcessGroupNCCL.cpp:1900] [PG ID 0 PG GUID 0(default_pg) Rank 3] Failed to check the "should dump" flag on TCPStore, (maybe TCPStore server has shut down too early), with error: Broken pipe
[rank7]:[W813 07:24:38.652605938 TCPStore.cpp:106] [c10d] sendBytes failed on SocketImpl(fd=100, addr=[localhost]:49310, remote=[sgl-b300-inference.datacrunch.io]:33691): Broken pipe
Exception raised from sendBytes at /__w/pytorch/pytorch/torch/csrc/distributed/c10d/Utils.hpp:758 (most recent call first):
frame #0: c10::Error::Error(c10::SourceLocation, std::__cxx11::basic_string<char, std::char_traits<char>, std::allocator<char> >) + 0x9d (0x78f0b036933d in /home/devuser/conda/envs/py312/lib/python3.12/site-packages/torch/lib/libc10.so)
frame #1: <unknown function> + 0x6811231 (0x78f00e95b231 in /home/devuser/conda/envs/py312/lib/python3.12/site-packages/torch/lib/libtorch_cpu.so)
frame #2: <unknown function> + 0x68123e1 (0x78f00e95c3e1 in /home/devuser/conda/envs/py312/lib/python3.12/site-packages/torch/lib/libtorch_cpu.so)
frame #3: <unknown function> + 0x681258d (0x78f00e95c58d in /home/devuser/conda/envs/py312/lib/python3.12/site-packages/torch/lib/libtorch_cpu.so)
frame #4: c10d::TCPStore::check(std::vector<std::__cxx11::basic_string<char, std::char_traits<char>, std::allocator<char> >, std::allocator<std::__cxx11::basic_string<char, std::char_traits<char>, std::allocator<char> > > > const&) + 0x35d (0x78f00e9551dd in /home/devuser/conda/envs/py312/lib/python3.12/site-packages/torch/lib/libtorch_cpu.so)
frame #5: c10d::ProcessGroupNCCL::HeartbeatMonitor::runLoop() + 0x436 (0x78efea58d0e6 in /home/devuser/conda/envs/py312/lib/python3.12/site-packages/torch/lib/libtorch_cuda.so)
frame #6: <unknown function> + 0xef5e4 (0x78f0afe705e4 in /home/devuser/conda/envs/py312/bin/../lib/libstdc++.so.6)
frame #7: <unknown function> + 0x9caa4 (0x78f0b12b7aa4 in /lib/x86_64-linux-gnu/libc.so.6)
frame #8: __clone + 0x44 (0x78f0b1344a64 in /lib/x86_64-linux-gnu/libc.so.6)

[rank7]:[W813 07:24:38.654541810 ProcessGroupNCCL.cpp:1900] [PG ID 0 PG GUID 0(default_pg) Rank 7] Failed to check the "should dump" flag on TCPStore, (maybe TCPStore server has shut down too early), with error: Broken pipe
[rank1]:[W813 07:24:39.634828703 TCPStore.cpp:106] [c10d] sendBytes failed on SocketImpl(fd=100, addr=[localhost]:49304, remote=[sgl-b300-inference.datacrunch.io]:33691): Broken pipe
Exception raised from sendBytes at /__w/pytorch/pytorch/torch/csrc/distributed/c10d/Utils.hpp:758 (most recent call first):
frame #0: c10::Error::Error(c10::SourceLocation, std::__cxx11::basic_string<char, std::char_traits<char>, std::allocator<char> >) + 0x9d (0x7d8dac76933d in /home/devuser/conda/envs/py312/lib/python3.12/site-packages/torch/lib/libc10.so)
frame #1: <unknown function> + 0x6811231 (0x7d8d0ad5b231 in /home/devuser/conda/envs/py312/lib/python3.12/site-packages/torch/lib/libtorch_cpu.so)
frame #2: <unknown function> + 0x68123e1 (0x7d8d0ad5c3e1 in /home/devuser/conda/envs/py312/lib/python3.12/site-packages/torch/lib/libtorch_cpu.so)
frame #3: <unknown function> + 0x681258d (0x7d8d0ad5c58d in /home/devuser/conda/envs/py312/lib/python3.12/site-packages/torch/lib/libtorch_cpu.so)
frame #4: c10d::TCPStore::check(std::vector<std::__cxx11::basic_string<char, std::char_traits<char>, std::allocator<char> >, std::allocator<std::__cxx11::basic_string<char, std::char_traits<char>, std::allocator<char> > > > const&) + 0x35d (0x7d8d0ad551dd in /home/devuser/conda/envs/py312/lib/python3.12/site-packages/torch/lib/libtorch_cpu.so)
frame #5: c10d::ProcessGroupNCCL::HeartbeatMonitor::runLoop() + 0x436 (0x7d8ce698d0e6 in /home/devuser/conda/envs/py312/lib/python3.12/site-packages/torch/lib/libtorch_cuda.so)
frame #6: <unknown function> + 0xef5e4 (0x7d8dac2705e4 in /home/devuser/conda/envs/py312/bin/../lib/libstdc++.so.6)
frame #7: <unknown function> + 0x9caa4 (0x7d8dad6c7aa4 in /lib/x86_64-linux-gnu/libc.so.6)
frame #8: __clone + 0x44 (0x7d8dad754a64 in /lib/x86_64-linux-gnu/libc.so.6)

[rank1]:[W813 07:24:39.637264963 ProcessGroupNCCL.cpp:1900] [PG ID 0 PG GUID 0(default_pg) Rank 1] Failed to check the "should dump" flag on TCPStore, (maybe TCPStore server has shut down too early), with error: Broken pipe
[rank0]:[W813 07:24:39.640890342 TCPStore.cpp:106] [c10d] sendBytes failed on SocketImpl(fd=100, addr=[localhost]:49270, remote=[sgl-b300-inference.datacrunch.io]:33691): Broken pipe
Exception raised from sendBytes at /__w/pytorch/pytorch/torch/csrc/distributed/c10d/Utils.hpp:758 (most recent call first):
frame #0: c10::Error::Error(c10::SourceLocation, std::__cxx11::basic_string<char, std::char_traits<char>, std::allocator<char> >) + 0x9d (0x76c6d456933d in /home/devuser/conda/envs/py312/lib/python3.12/site-packages/torch/lib/libc10.so)
frame #1: <unknown function> + 0x6811231 (0x76c66195b231 in /home/devuser/conda/envs/py312/lib/python3.12/site-packages/torch/lib/libtorch_cpu.so)
frame #2: <unknown function> + 0x68123e1 (0x76c66195c3e1 in /home/devuser/conda/envs/py312/lib/python3.12/site-packages/torch/lib/libtorch_cpu.so)
frame #3: <unknown function> + 0x681258d (0x76c66195c58d in /home/devuser/conda/envs/py312/lib/python3.12/site-packages/torch/lib/libtorch_cpu.so)
frame #4: c10d::TCPStore::check(std::vector<std::__cxx11::basic_string<char, std::char_traits<char>, std::allocator<char> >, std::allocator<std::__cxx11::basic_string<char, std::char_traits<char>, std::allocator<char> > > > const&) + 0x35d (0x76c6619551dd in /home/devuser/conda/envs/py312/lib/python3.12/site-packages/torch/lib/libtorch_cpu.so)
frame #5: c10d::ProcessGroupNCCL::HeartbeatMonitor::runLoop() + 0x436 (0x76c63d58d0e6 in /home/devuser/conda/envs/py312/lib/python3.12/site-packages/torch/lib/libtorch_cuda.so)
frame #6: <unknown function> + 0xef5e4 (0x76c702e705e4 in /home/devuser/conda/envs/py312/bin/../lib/libstdc++.so.6)
frame #7: <unknown function> + 0x9caa4 (0x76c70414faa4 in /lib/x86_64-linux-gnu/libc.so.6)
frame #8: __clone + 0x44 (0x76c7041dca64 in /lib/x86_64-linux-gnu/libc.so.6)

[rank0]:[W813 07:24:39.642828074 ProcessGroupNCCL.cpp:1900] [PG ID 0 PG GUID 0(default_pg) Rank 0] Failed to check the "should dump" flag on TCPStore, (maybe TCPStore server has shut down too early), with error: Broken pipe
[rank2]:[W813 07:24:39.644740326 TCPStore.cpp:106] [c10d] sendBytes failed on SocketImpl(fd=100, addr=[localhost]:49326, remote=[sgl-b300-inference.datacrunch.io]:33691): Broken pipe
Exception raised from sendBytes at /__w/pytorch/pytorch/torch/csrc/distributed/c10d/Utils.hpp:758 (most recent call first):
frame #0: c10::Error::Error(c10::SourceLocation, std::__cxx11::basic_string<char, std::char_traits<char>, std::allocator<char> >) + 0x9d (0x7dc559d6933d in /home/devuser/conda/envs/py312/lib/python3.12/site-packages/torch/lib/libc10.so)
frame #1: <unknown function> + 0x6811231 (0x7dc4b835b231 in /home/devuser/conda/envs/py312/lib/python3.12/site-packages/torch/lib/libtorch_cpu.so)
frame #2: <unknown function> + 0x68123e1 (0x7dc4b835c3e1 in /home/devuser/conda/envs/py312/lib/python3.12/site-packages/torch/lib/libtorch_cpu.so)
frame #3: <unknown function> + 0x681258d (0x7dc4b835c58d in /home/devuser/conda/envs/py312/lib/python3.12/site-packages/torch/lib/libtorch_cpu.so)
frame #4: c10d::TCPStore::check(std::vector<std::__cxx11::basic_string<char, std::char_traits<char>, std::allocator<char> >, std::allocator<std::__cxx11::basic_string<char, std::char_traits<char>, std::allocator<char> > > > const&) + 0x35d (0x7dc4b83551dd in /home/devuser/conda/envs/py312/lib/python3.12/site-packages/torch/lib/libtorch_cpu.so)
frame #5: c10d::ProcessGroupNCCL::HeartbeatMonitor::runLoop() + 0x436 (0x7dc493f8d0e6 in /home/devuser/conda/envs/py312/lib/python3.12/site-packages/torch/lib/libtorch_cuda.so)
frame #6: <unknown function> + 0xef5e4 (0x7dc5598705e4 in /home/devuser/conda/envs/py312/bin/../lib/libstdc++.so.6)
frame #7: <unknown function> + 0x9caa4 (0x7dc55ac7aaa4 in /lib/x86_64-linux-gnu/libc.so.6)
frame #8: __clone + 0x44 (0x7dc55ad07a64 in /lib/x86_64-linux-gnu/libc.so.6)

[rank2]:[W813 07:24:39.646680558 ProcessGroupNCCL.cpp:1900] [PG ID 0 PG GUID 0(default_pg) Rank 2] Failed to check the "should dump" flag on TCPStore, (maybe TCPStore server has shut down too early), with error: Broken pipe
[rank6]:[W813 07:24:39.648699968 TCPStore.cpp:106] [c10d] sendBytes failed on SocketImpl(fd=100, addr=[localhost]:49280, remote=[sgl-b300-inference.datacrunch.io]:33691): Broken pipe
Exception raised from sendBytes at /__w/pytorch/pytorch/torch/csrc/distributed/c10d/Utils.hpp:758 (most recent call first):
frame #0: c10::Error::Error(c10::SourceLocation, std::__cxx11::basic_string<char, std::char_traits<char>, std::allocator<char> >) + 0x9d (0x79e54e76933d in /home/devuser/conda/envs/py312/lib/python3.12/site-packages/torch/lib/libc10.so)
frame #1: <unknown function> + 0x6811231 (0x79e4dbb5b231 in /home/devuser/conda/envs/py312/lib/python3.12/site-packages/torch/lib/libtorch_cpu.so)
frame #2: <unknown function> + 0x68123e1 (0x79e4dbb5c3e1 in /home/devuser/conda/envs/py312/lib/python3.12/site-packages/torch/lib/libtorch_cpu.so)
frame #3: <unknown function> + 0x681258d (0x79e4dbb5c58d in /home/devuser/conda/envs/py312/lib/python3.12/site-packages/torch/lib/libtorch_cpu.so)
frame #4: c10d::TCPStore::check(std::vector<std::__cxx11::basic_string<char, std::char_traits<char>, std::allocator<char> >, std::allocator<std::__cxx11::basic_string<char, std::char_traits<char>, std::allocator<char> > > > const&) + 0x35d (0x79e4dbb551dd in /home/devuser/conda/envs/py312/lib/python3.12/site-packages/torch/lib/libtorch_cpu.so)
frame #5: c10d::ProcessGroupNCCL::HeartbeatMonitor::runLoop() + 0x436 (0x79e4b778d0e6 in /home/devuser/conda/envs/py312/lib/python3.12/site-packages/torch/lib/libtorch_cuda.so)
frame #6: <unknown function> + 0xef5e4 (0x79e57d0705e4 in /home/devuser/conda/envs/py312/bin/../lib/libstdc++.so.6)
frame #7: <unknown function> + 0x9caa4 (0x79e57e3cdaa4 in /lib/x86_64-linux-gnu/libc.so.6)
frame #8: __clone + 0x44 (0x79e57e45aa64 in /lib/x86_64-linux-gnu/libc.so.6)

[rank6]:[W813 07:24:39.650605221 ProcessGroupNCCL.cpp:1900] [PG ID 0 PG GUID 0(default_pg) Rank 6] Failed to check the "should dump" flag on TCPStore, (maybe TCPStore server has shut down too early), with error: Broken pipe
[rank5]:[W813 07:24:39.650627391 TCPStore.cpp:106] [c10d] sendBytes failed on SocketImpl(fd=100, addr=[localhost]:49286, remote=[sgl-b300-inference.datacrunch.io]:33691): Broken pipe
Exception raised from sendBytes at /__w/pytorch/pytorch/torch/csrc/distributed/c10d/Utils.hpp:758 (most recent call first):
frame #0: c10::Error::Error(c10::SourceLocation, std::__cxx11::basic_string<char, std::char_traits<char>, std::allocator<char> >) + 0x9d (0x7dcf2856933d in /home/devuser/conda/envs/py312/lib/python3.12/site-packages/torch/lib/libc10.so)
frame #1: <unknown function> + 0x6811231 (0x7dce86b5b231 in /home/devuser/conda/envs/py312/lib/python3.12/site-packages/torch/lib/libtorch_cpu.so)
frame #2: <unknown function> + 0x68123e1 (0x7dce86b5c3e1 in /home/devuser/conda/envs/py312/lib/python3.12/site-packages/torch/lib/libtorch_cpu.so)
frame #3: <unknown function> + 0x681258d (0x7dce86b5c58d in /home/devuser/conda/envs/py312/lib/python3.12/site-packages/torch/lib/libtorch_cpu.so)
frame #4: c10d::TCPStore::check(std::vector<std::__cxx11::basic_string<char, std::char_traits<char>, std::allocator<char> >, std::allocator<std::__cxx11::basic_string<char, std::char_traits<char>, std::allocator<char> > > > const&) + 0x35d (0x7dce86b551dd in /home/devuser/conda/envs/py312/lib/python3.12/site-packages/torch/lib/libtorch_cpu.so)
frame #5: c10d::ProcessGroupNCCL::HeartbeatMonitor::runLoop() + 0x436 (0x7dce6278d0e6 in /home/devuser/conda/envs/py312/lib/python3.12/site-packages/torch/lib/libtorch_cuda.so)
frame #6: <unknown function> + 0xef5e4 (0x7dcf280705e4 in /home/devuser/conda/envs/py312/bin/../lib/libstdc++.so.6)
frame #7: <unknown function> + 0x9caa4 (0x7dcf29462aa4 in /lib/x86_64-linux-gnu/libc.so.6)
frame #8: __clone + 0x44 (0x7dcf294efa64 in /lib/x86_64-linux-gnu/libc.so.6)

[rank5]:[W813 07:24:39.652527104 ProcessGroupNCCL.cpp:1900] [PG ID 0 PG GUID 0(default_pg) Rank 5] Failed to check the "should dump" flag on TCPStore, (maybe TCPStore server has shut down too early), with error: Broken pipe
[rank4]:[W813 07:24:39.652551904 TCPStore.cpp:106] [c10d] sendBytes failed on SocketImpl(fd=100, addr=[localhost]:49282, remote=[sgl-b300-inference.datacrunch.io]:33691): Broken pipe
Exception raised from sendBytes at /__w/pytorch/pytorch/torch/csrc/distributed/c10d/Utils.hpp:758 (most recent call first):
frame #0: c10::Error::Error(c10::SourceLocation, std::__cxx11::basic_string<char, std::char_traits<char>, std::allocator<char> >) + 0x9d (0x75c75ab6933d in /home/devuser/conda/envs/py312/lib/python3.12/site-packages/torch/lib/libc10.so)
frame #1: <unknown function> + 0x6811231 (0x75c6b915b231 in /home/devuser/conda/envs/py312/lib/python3.12/site-packages/torch/lib/libtorch_cpu.so)
frame #2: <unknown function> + 0x68123e1 (0x75c6b915c3e1 in /home/devuser/conda/envs/py312/lib/python3.12/site-packages/torch/lib/libtorch_cpu.so)
frame #3: <unknown function> + 0x681258d (0x75c6b915c58d in /home/devuser/conda/envs/py312/lib/python3.12/site-packages/torch/lib/libtorch_cpu.so)
frame #4: c10d::TCPStore::check(std::vector<std::__cxx11::basic_string<char, std::char_traits<char>, std::allocator<char> >, std::allocator<std::__cxx11::basic_string<char, std::char_traits<char>, std::allocator<char> > > > const&) + 0x35d (0x75c6b91551dd in /home/devuser/conda/envs/py312/lib/python3.12/site-packages/torch/lib/libtorch_cpu.so)
frame #5: c10d::ProcessGroupNCCL::HeartbeatMonitor::runLoop() + 0x436 (0x75c694d8d0e6 in /home/devuser/conda/envs/py312/lib/python3.12/site-packages/torch/lib/libtorch_cuda.so)
frame #6: <unknown function> + 0xef5e4 (0x75c75a6705e4 in /home/devuser/conda/envs/py312/bin/../lib/libstdc++.so.6)
frame #7: <unknown function> + 0x9caa4 (0x75c75ba7caa4 in /lib/x86_64-linux-gnu/libc.so.6)
frame #8: __clone + 0x44 (0x75c75bb09a64 in /lib/x86_64-linux-gnu/libc.so.6)

[rank4]:[W813 07:24:39.654464376 ProcessGroupNCCL.cpp:1900] [PG ID 0 PG GUID 0(default_pg) Rank 4] Failed to check the "should dump" flag on TCPStore, (maybe TCPStore server has shut down too early), with error: Broken pipe
[rank3]:[W813 07:24:39.654488105 TCPStore.cpp:106] [c10d] sendBytes failed on SocketImpl(fd=100, addr=[localhost]:49296, remote=[sgl-b300-inference.datacrunch.io]:33691): Broken pipe
Exception raised from sendBytes at /__w/pytorch/pytorch/torch/csrc/distributed/c10d/Utils.hpp:758 (most recent call first):
frame #0: c10::Error::Error(c10::SourceLocation, std::__cxx11::basic_string<char, std::char_traits<char>, std::allocator<char> >) + 0x9d (0x75604f96933d in /home/devuser/conda/envs/py312/lib/python3.12/site-packages/torch/lib/libc10.so)
frame #1: <unknown function> + 0x6811231 (0x755fadf5b231 in /home/devuser/conda/envs/py312/lib/python3.12/site-packages/torch/lib/libtorch_cpu.so)
frame #2: <unknown function> + 0x68123e1 (0x755fadf5c3e1 in /home/devuser/conda/envs/py312/lib/python3.12/site-packages/torch/lib/libtorch_cpu.so)
frame #3: <unknown function> + 0x681258d (0x755fadf5c58d in /home/devuser/conda/envs/py312/lib/python3.12/site-packages/torch/lib/libtorch_cpu.so)
frame #4: c10d::TCPStore::check(std::vector<std::__cxx11::basic_string<char, std::char_traits<char>, std::allocator<char> >, std::allocator<std::__cxx11::basic_string<char, std::char_traits<char>, std::allocator<char> > > > const&) + 0x35d (0x755fadf551dd in /home/devuser/conda/envs/py312/lib/python3.12/site-packages/torch/lib/libtorch_cpu.so)
frame #5: c10d::ProcessGroupNCCL::HeartbeatMonitor::runLoop() + 0x436 (0x755f89b8d0e6 in /home/devuser/conda/envs/py312/lib/python3.12/site-packages/torch/lib/libtorch_cuda.so)
frame #6: <unknown function> + 0xef5e4 (0x75604f4705e4 in /home/devuser/conda/envs/py312/bin/../lib/libstdc++.so.6)
frame #7: <unknown function> + 0x9caa4 (0x7560508c5aa4 in /lib/x86_64-linux-gnu/libc.so.6)
frame #8: __clone + 0x44 (0x756050952a64 in /lib/x86_64-linux-gnu/libc.so.6)

[rank3]:[W813 07:24:39.656409817 ProcessGroupNCCL.cpp:1900] [PG ID 0 PG GUID 0(default_pg) Rank 3] Failed to check the "should dump" flag on TCPStore, (maybe TCPStore server has shut down too early), with error: Broken pipe
[rank7]:[W813 07:24:39.656438447 TCPStore.cpp:106] [c10d] sendBytes failed on SocketImpl(fd=100, addr=[localhost]:49310, remote=[sgl-b300-inference.datacrunch.io]:33691): Broken pipe
Exception raised from sendBytes at /__w/pytorch/pytorch/torch/csrc/distributed/c10d/Utils.hpp:758 (most recent call first):
frame #0: c10::Error::Error(c10::SourceLocation, std::__cxx11::basic_string<char, std::char_traits<char>, std::allocator<char> >) + 0x9d (0x78f0b036933d in /home/devuser/conda/envs/py312/lib/python3.12/site-packages/torch/lib/libc10.so)
frame #1: <unknown function> + 0x6811231 (0x78f00e95b231 in /home/devuser/conda/envs/py312/lib/python3.12/site-packages/torch/lib/libtorch_cpu.so)
frame #2: <unknown function> + 0x68123e1 (0x78f00e95c3e1 in /home/devuser/conda/envs/py312/lib/python3.12/site-packages/torch/lib/libtorch_cpu.so)
frame #3: <unknown function> + 0x681258d (0x78f00e95c58d in /home/devuser/conda/envs/py312/lib/python3.12/site-packages/torch/lib/libtorch_cpu.so)
frame #4: c10d::TCPStore::check(std::vector<std::__cxx11::basic_string<char, std::char_traits<char>, std::allocator<char> >, std::allocator<std::__cxx11::basic_string<char, std::char_traits<char>, std::allocator<char> > > > const&) + 0x35d (0x78f00e9551dd in /home/devuser/conda/envs/py312/lib/python3.12/site-packages/torch/lib/libtorch_cpu.so)
frame #5: c10d::ProcessGroupNCCL::HeartbeatMonitor::runLoop() + 0x436 (0x78efea58d0e6 in /home/devuser/conda/envs/py312/lib/python3.12/site-packages/torch/lib/libtorch_cuda.so)
frame #6: <unknown function> + 0xef5e4 (0x78f0afe705e4 in /home/devuser/conda/envs/py312/bin/../lib/libstdc++.so.6)
frame #7: <unknown function> + 0x9caa4 (0x78f0b12b7aa4 in /lib/x86_64-linux-gnu/libc.so.6)
frame #8: __clone + 0x44 (0x78f0b1344a64 in /lib/x86_64-linux-gnu/libc.so.6)

[rank7]:[W813 07:24:39.658373699 ProcessGroupNCCL.cpp:1900] [PG ID 0 PG GUID 0(default_pg) Rank 7] Failed to check the "should dump" flag on TCPStore, (maybe TCPStore server has shut down too early), with error: Broken pipe
[rank1]:[W813 07:24:40.637360692 TCPStore.cpp:106] [c10d] sendBytes failed on SocketImpl(fd=100, addr=[localhost]:49304, remote=[sgl-b300-inference.datacrunch.io]:33691): Broken pipe
Exception raised from sendBytes at /__w/pytorch/pytorch/torch/csrc/distributed/c10d/Utils.hpp:758 (most recent call first):
frame #0: c10::Error::Error(c10::SourceLocation, std::__cxx11::basic_string<char, std::char_traits<char>, std::allocator<char> >) + 0x9d (0x7d8dac76933d in /home/devuser/conda/envs/py312/lib/python3.12/site-packages/torch/lib/libc10.so)
frame #1: <unknown function> + 0x6811231 (0x7d8d0ad5b231 in /home/devuser/conda/envs/py312/lib/python3.12/site-packages/torch/lib/libtorch_cpu.so)
frame #2: <unknown function> + 0x68123e1 (0x7d8d0ad5c3e1 in /home/devuser/conda/envs/py312/lib/python3.12/site-packages/torch/lib/libtorch_cpu.so)
frame #3: <unknown function> + 0x681258d (0x7d8d0ad5c58d in /home/devuser/conda/envs/py312/lib/python3.12/site-packages/torch/lib/libtorch_cpu.so)
frame #4: c10d::TCPStore::check(std::vector<std::__cxx11::basic_string<char, std::char_traits<char>, std::allocator<char> >, std::allocator<std::__cxx11::basic_string<char, std::char_traits<char>, std::allocator<char> > > > const&) + 0x35d (0x7d8d0ad551dd in /home/devuser/conda/envs/py312/lib/python3.12/site-packages/torch/lib/libtorch_cpu.so)
frame #5: c10d::ProcessGroupNCCL::HeartbeatMonitor::runLoop() + 0x436 (0x7d8ce698d0e6 in /home/devuser/conda/envs/py312/lib/python3.12/site-packages/torch/lib/libtorch_cuda.so)
frame #6: <unknown function> + 0xef5e4 (0x7d8dac2705e4 in /home/devuser/conda/envs/py312/bin/../lib/libstdc++.so.6)
frame #7: <unknown function> + 0x9caa4 (0x7d8dad6c7aa4 in /lib/x86_64-linux-gnu/libc.so.6)
frame #8: __clone + 0x44 (0x7d8dad754a64 in /lib/x86_64-linux-gnu/libc.so.6)

[rank1]:[W813 07:24:40.639797091 ProcessGroupNCCL.cpp:1900] [PG ID 0 PG GUID 0(default_pg) Rank 1] Failed to check the "should dump" flag on TCPStore, (maybe TCPStore server has shut down too early), with error: Broken pipe
[rank0]:[W813 07:24:40.642909183 TCPStore.cpp:106] [c10d] sendBytes failed on SocketImpl(fd=100, addr=[localhost]:49270, remote=[sgl-b300-inference.datacrunch.io]:33691): Broken pipe
Exception raised from sendBytes at /__w/pytorch/pytorch/torch/csrc/distributed/c10d/Utils.hpp:758 (most recent call first):
frame #0: c10::Error::Error(c10::SourceLocation, std::__cxx11::basic_string<char, std::char_traits<char>, std::allocator<char> >) + 0x9d (0x76c6d456933d in /home/devuser/conda/envs/py312/lib/python3.12/site-packages/torch/lib/libc10.so)
frame #1: <unknown function> + 0x6811231 (0x76c66195b231 in /home/devuser/conda/envs/py312/lib/python3.12/site-packages/torch/lib/libtorch_cpu.so)
frame #2: <unknown function> + 0x68123e1 (0x76c66195c3e1 in /home/devuser/conda/envs/py312/lib/python3.12/site-packages/torch/lib/libtorch_cpu.so)
frame #3: <unknown function> + 0x681258d (0x76c66195c58d in /home/devuser/conda/envs/py312/lib/python3.12/site-packages/torch/lib/libtorch_cpu.so)
frame #4: c10d::TCPStore::check(std::vector<std::__cxx11::basic_string<char, std::char_traits<char>, std::allocator<char> >, std::allocator<std::__cxx11::basic_string<char, std::char_traits<char>, std::allocator<char> > > > const&) + 0x35d (0x76c6619551dd in /home/devuser/conda/envs/py312/lib/python3.12/site-packages/torch/lib/libtorch_cpu.so)
frame #5: c10d::ProcessGroupNCCL::HeartbeatMonitor::runLoop() + 0x436 (0x76c63d58d0e6 in /home/devuser/conda/envs/py312/lib/python3.12/site-packages/torch/lib/libtorch_cuda.so)
frame #6: <unknown function> + 0xef5e4 (0x76c702e705e4 in /home/devuser/conda/envs/py312/bin/../lib/libstdc++.so.6)
frame #7: <unknown function> + 0x9caa4 (0x76c70414faa4 in /lib/x86_64-linux-gnu/libc.so.6)
frame #8: __clone + 0x44 (0x76c7041dca64 in /lib/x86_64-linux-gnu/libc.so.6)

[rank0]:[W813 07:24:40.644833427 ProcessGroupNCCL.cpp:1900] [PG ID 0 PG GUID 0(default_pg) Rank 0] Failed to check the "should dump" flag on TCPStore, (maybe TCPStore server has shut down too early), with error: Broken pipe
[rank2]:[W813 07:24:40.646761099 TCPStore.cpp:106] [c10d] sendBytes failed on SocketImpl(fd=100, addr=[localhost]:49326, remote=[sgl-b300-inference.datacrunch.io]:33691): Broken pipe
Exception raised from sendBytes at /__w/pytorch/pytorch/torch/csrc/distributed/c10d/Utils.hpp:758 (most recent call first):
frame #0: c10::Error::Error(c10::SourceLocation, std::__cxx11::basic_string<char, std::char_traits<char>, std::allocator<char> >) + 0x9d (0x7dc559d6933d in /home/devuser/conda/envs/py312/lib/python3.12/site-packages/torch/lib/libc10.so)
frame #1: <unknown function> + 0x6811231 (0x7dc4b835b231 in /home/devuser/conda/envs/py312/lib/python3.12/site-packages/torch/lib/libtorch_cpu.so)
frame #2: <unknown function> + 0x68123e1 (0x7dc4b835c3e1 in /home/devuser/conda/envs/py312/lib/python3.12/site-packages/torch/lib/libtorch_cpu.so)
frame #3: <unknown function> + 0x681258d (0x7dc4b835c58d in /home/devuser/conda/envs/py312/lib/python3.12/site-packages/torch/lib/libtorch_cpu.so)
frame #4: c10d::TCPStore::check(std::vector<std::__cxx11::basic_string<char, std::char_traits<char>, std::allocator<char> >, std::allocator<std::__cxx11::basic_string<char, std::char_traits<char>, std::allocator<char> > > > const&) + 0x35d (0x7dc4b83551dd in /home/devuser/conda/envs/py312/lib/python3.12/site-packages/torch/lib/libtorch_cpu.so)
frame #5: c10d::ProcessGroupNCCL::HeartbeatMonitor::runLoop() + 0x436 (0x7dc493f8d0e6 in /home/devuser/conda/envs/py312/lib/python3.12/site-packages/torch/lib/libtorch_cuda.so)
frame #6: <unknown function> + 0xef5e4 (0x7dc5598705e4 in /home/devuser/conda/envs/py312/bin/../lib/libstdc++.so.6)
frame #7: <unknown function> + 0x9caa4 (0x7dc55ac7aaa4 in /lib/x86_64-linux-gnu/libc.so.6)
frame #8: __clone + 0x44 (0x7dc55ad07a64 in /lib/x86_64-linux-gnu/libc.so.6)

[rank2]:[W813 07:24:40.648672120 ProcessGroupNCCL.cpp:1900] [PG ID 0 PG GUID 0(default_pg) Rank 2] Failed to check the "should dump" flag on TCPStore, (maybe TCPStore server has shut down too early), with error: Broken pipe
[rank6]:[W813 07:24:40.650689721 TCPStore.cpp:106] [c10d] sendBytes failed on SocketImpl(fd=100, addr=[localhost]:49280, remote=[sgl-b300-inference.datacrunch.io]:33691): Broken pipe
Exception raised from sendBytes at /__w/pytorch/pytorch/torch/csrc/distributed/c10d/Utils.hpp:758 (most recent call first):
frame #0: c10::Error::Error(c10::SourceLocation, std::__cxx11::basic_string<char, std::char_traits<char>, std::allocator<char> >) + 0x9d (0x79e54e76933d in /home/devuser/conda/envs/py312/lib/python3.12/site-packages/torch/lib/libc10.so)
frame #1: <unknown function> + 0x6811231 (0x79e4dbb5b231 in /home/devuser/conda/envs/py312/lib/python3.12/site-packages/torch/lib/libtorch_cpu.so)
frame #2: <unknown function> + 0x68123e1 (0x79e4dbb5c3e1 in /home/devuser/conda/envs/py312/lib/python3.12/site-packages/torch/lib/libtorch_cpu.so)
frame #3: <unknown function> + 0x681258d (0x79e4dbb5c58d in /home/devuser/conda/envs/py312/lib/python3.12/site-packages/torch/lib/libtorch_cpu.so)
frame #4: c10d::TCPStore::check(std::vector<std::__cxx11::basic_string<char, std::char_traits<char>, std::allocator<char> >, std::allocator<std::__cxx11::basic_string<char, std::char_traits<char>, std::allocator<char> > > > const&) + 0x35d (0x79e4dbb551dd in /home/devuser/conda/envs/py312/lib/python3.12/site-packages/torch/lib/libtorch_cpu.so)
frame #5: c10d::ProcessGroupNCCL::HeartbeatMonitor::runLoop() + 0x436 (0x79e4b778d0e6 in /home/devuser/conda/envs/py312/lib/python3.12/site-packages/torch/lib/libtorch_cuda.so)
frame #6: <unknown function> + 0xef5e4 (0x79e57d0705e4 in /home/devuser/conda/envs/py312/bin/../lib/libstdc++.so.6)
frame #7: <unknown function> + 0x9caa4 (0x79e57e3cdaa4 in /lib/x86_64-linux-gnu/libc.so.6)
frame #8: __clone + 0x44 (0x79e57e45aa64 in /lib/x86_64-linux-gnu/libc.so.6)

[rank6]:[W813 07:24:40.652640402 ProcessGroupNCCL.cpp:1900] [PG ID 0 PG GUID 0(default_pg) Rank 6] Failed to check the "should dump" flag on TCPStore, (maybe TCPStore server has shut down too early), with error: Broken pipe
[rank5]:[W813 07:24:40.652662012 TCPStore.cpp:106] [c10d] sendBytes failed on SocketImpl(fd=100, addr=[localhost]:49286, remote=[sgl-b300-inference.datacrunch.io]:33691): Broken pipe
Exception raised from sendBytes at /__w/pytorch/pytorch/torch/csrc/distributed/c10d/Utils.hpp:758 (most recent call first):
frame #0: c10::Error::Error(c10::SourceLocation, std::__cxx11::basic_string<char, std::char_traits<char>, std::allocator<char> >) + 0x9d (0x7dcf2856933d in /home/devuser/conda/envs/py312/lib/python3.12/site-packages/torch/lib/libc10.so)
frame #1: <unknown function> + 0x6811231 (0x7dce86b5b231 in /home/devuser/conda/envs/py312/lib/python3.12/site-packages/torch/lib/libtorch_cpu.so)
frame #2: <unknown function> + 0x68123e1 (0x7dce86b5c3e1 in /home/devuser/conda/envs/py312/lib/python3.12/site-packages/torch/lib/libtorch_cpu.so)
frame #3: <unknown function> + 0x681258d (0x7dce86b5c58d in /home/devuser/conda/envs/py312/lib/python3.12/site-packages/torch/lib/libtorch_cpu.so)
frame #4: c10d::TCPStore::check(std::vector<std::__cxx11::basic_string<char, std::char_traits<char>, std::allocator<char> >, std::allocator<std::__cxx11::basic_string<char, std::char_traits<char>, std::allocator<char> > > > const&) + 0x35d (0x7dce86b551dd in /home/devuser/conda/envs/py312/lib/python3.12/site-packages/torch/lib/libtorch_cpu.so)
frame #5: c10d::ProcessGroupNCCL::HeartbeatMonitor::runLoop() + 0x436 (0x7dce6278d0e6 in /home/devuser/conda/envs/py312/lib/python3.12/site-packages/torch/lib/libtorch_cuda.so)
frame #6: <unknown function> + 0xef5e4 (0x7dcf280705e4 in /home/devuser/conda/envs/py312/bin/../lib/libstdc++.so.6)
frame #7: <unknown function> + 0x9caa4 (0x7dcf29462aa4 in /lib/x86_64-linux-gnu/libc.so.6)
frame #8: __clone + 0x44 (0x7dcf294efa64 in /lib/x86_64-linux-gnu/libc.so.6)

[rank5]:[W813 07:24:40.654596073 ProcessGroupNCCL.cpp:1900] [PG ID 0 PG GUID 0(default_pg) Rank 5] Failed to check the "should dump" flag on TCPStore, (maybe TCPStore server has shut down too early), with error: Broken pipe
[rank4]:[W813 07:24:40.654621713 TCPStore.cpp:106] [c10d] sendBytes failed on SocketImpl(fd=100, addr=[localhost]:49282, remote=[sgl-b300-inference.datacrunch.io]:33691): Broken pipe
Exception raised from sendBytes at /__w/pytorch/pytorch/torch/csrc/distributed/c10d/Utils.hpp:758 (most recent call first):
frame #0: c10::Error::Error(c10::SourceLocation, std::__cxx11::basic_string<char, std::char_traits<char>, std::allocator<char> >) + 0x9d (0x75c75ab6933d in /home/devuser/conda/envs/py312/lib/python3.12/site-packages/torch/lib/libc10.so)
frame #1: <unknown function> + 0x6811231 (0x75c6b915b231 in /home/devuser/conda/envs/py312/lib/python3.12/site-packages/torch/lib/libtorch_cpu.so)
frame #2: <unknown function> + 0x68123e1 (0x75c6b915c3e1 in /home/devuser/conda/envs/py312/lib/python3.12/site-packages/torch/lib/libtorch_cpu.so)
frame #3: <unknown function> + 0x681258d (0x75c6b915c58d in /home/devuser/conda/envs/py312/lib/python3.12/site-packages/torch/lib/libtorch_cpu.so)
frame #4: c10d::TCPStore::check(std::vector<std::__cxx11::basic_string<char, std::char_traits<char>, std::allocator<char> >, std::allocator<std::__cxx11::basic_string<char, std::char_traits<char>, std::allocator<char> > > > const&) + 0x35d (0x75c6b91551dd in /home/devuser/conda/envs/py312/lib/python3.12/site-packages/torch/lib/libtorch_cpu.so)
frame #5: c10d::ProcessGroupNCCL::HeartbeatMonitor::runLoop() + 0x436 (0x75c694d8d0e6 in /home/devuser/conda/envs/py312/lib/python3.12/site-packages/torch/lib/libtorch_cuda.so)
frame #6: <unknown function> + 0xef5e4 (0x75c75a6705e4 in /home/devuser/conda/envs/py312/bin/../lib/libstdc++.so.6)
frame #7: <unknown function> + 0x9caa4 (0x75c75ba7caa4 in /lib/x86_64-linux-gnu/libc.so.6)
frame #8: __clone + 0x44 (0x75c75bb09a64 in /lib/x86_64-linux-gnu/libc.so.6)

[rank4]:[W813 07:24:40.656531556 ProcessGroupNCCL.cpp:1900] [PG ID 0 PG GUID 0(default_pg) Rank 4] Failed to check the "should dump" flag on TCPStore, (maybe TCPStore server has shut down too early), with error: Broken pipe
[rank3]:[W813 07:24:40.656554225 TCPStore.cpp:106] [c10d] sendBytes failed on SocketImpl(fd=100, addr=[localhost]:49296, remote=[sgl-b300-inference.datacrunch.io]:33691): Broken pipe
Exception raised from sendBytes at /__w/pytorch/pytorch/torch/csrc/distributed/c10d/Utils.hpp:758 (most recent call first):
frame #0: c10::Error::Error(c10::SourceLocation, std::__cxx11::basic_string<char, std::char_traits<char>, std::allocator<char> >) + 0x9d (0x75604f96933d in /home/devuser/conda/envs/py312/lib/python3.12/site-packages/torch/lib/libc10.so)
frame #1: <unknown function> + 0x6811231 (0x755fadf5b231 in /home/devuser/conda/envs/py312/lib/python3.12/site-packages/torch/lib/libtorch_cpu.so)
frame #2: <unknown function> + 0x68123e1 (0x755fadf5c3e1 in /home/devuser/conda/envs/py312/lib/python3.12/site-packages/torch/lib/libtorch_cpu.so)
frame #3: <unknown function> + 0x681258d (0x755fadf5c58d in /home/devuser/conda/envs/py312/lib/python3.12/site-packages/torch/lib/libtorch_cpu.so)
frame #4: c10d::TCPStore::check(std::vector<std::__cxx11::basic_string<char, std::char_traits<char>, std::allocator<char> >, std::allocator<std::__cxx11::basic_string<char, std::char_traits<char>, std::allocator<char> > > > const&) + 0x35d (0x755fadf551dd in /home/devuser/conda/envs/py312/lib/python3.12/site-packages/torch/lib/libtorch_cpu.so)
frame #5: c10d::ProcessGroupNCCL::HeartbeatMonitor::runLoop() + 0x436 (0x755f89b8d0e6 in /home/devuser/conda/envs/py312/lib/python3.12/site-packages/torch/lib/libtorch_cuda.so)
frame #6: <unknown function> + 0xef5e4 (0x75604f4705e4 in /home/devuser/conda/envs/py312/bin/../lib/libstdc++.so.6)
frame #7: <unknown function> + 0x9caa4 (0x7560508c5aa4 in /lib/x86_64-linux-gnu/libc.so.6)
frame #8: __clone + 0x44 (0x756050952a64 in /lib/x86_64-linux-gnu/libc.so.6)

[rank3]:[W813 07:24:40.658483017 ProcessGroupNCCL.cpp:1900] [PG ID 0 PG GUID 0(default_pg) Rank 3] Failed to check the "should dump" flag on TCPStore, (maybe TCPStore server has shut down too early), with error: Broken pipe
[rank7]:[W813 07:24:40.658508147 TCPStore.cpp:106] [c10d] sendBytes failed on SocketImpl(fd=100, addr=[localhost]:49310, remote=[sgl-b300-inference.datacrunch.io]:33691): Broken pipe
Exception raised from sendBytes at /__w/pytorch/pytorch/torch/csrc/distributed/c10d/Utils.hpp:758 (most recent call first):
frame #0: c10::Error::Error(c10::SourceLocation, std::__cxx11::basic_string<char, std::char_traits<char>, std::allocator<char> >) + 0x9d (0x78f0b036933d in /home/devuser/conda/envs/py312/lib/python3.12/site-packages/torch/lib/libc10.so)
frame #1: <unknown function> + 0x6811231 (0x78f00e95b231 in /home/devuser/conda/envs/py312/lib/python3.12/site-packages/torch/lib/libtorch_cpu.so)
frame #2: <unknown function> + 0x68123e1 (0x78f00e95c3e1 in /home/devuser/conda/envs/py312/lib/python3.12/site-packages/torch/lib/libtorch_cpu.so)
frame #3: <unknown function> + 0x681258d (0x78f00e95c58d in /home/devuser/conda/envs/py312/lib/python3.12/site-packages/torch/lib/libtorch_cpu.so)
frame #4: c10d::TCPStore::check(std::vector<std::__cxx11::basic_string<char, std::char_traits<char>, std::allocator<char> >, std::allocator<std::__cxx11::basic_string<char, std::char_traits<char>, std::allocator<char> > > > const&) + 0x35d (0x78f00e9551dd in /home/devuser/conda/envs/py312/lib/python3.12/site-packages/torch/lib/libtorch_cpu.so)
frame #5: c10d::ProcessGroupNCCL::HeartbeatMonitor::runLoop() + 0x436 (0x78efea58d0e6 in /home/devuser/conda/envs/py312/lib/python3.12/site-packages/torch/lib/libtorch_cuda.so)
frame #6: <unknown function> + 0xef5e4 (0x78f0afe705e4 in /home/devuser/conda/envs/py312/bin/../lib/libstdc++.so.6)
frame #7: <unknown function> + 0x9caa4 (0x78f0b12b7aa4 in /lib/x86_64-linux-gnu/libc.so.6)
frame #8: __clone + 0x44 (0x78f0b1344a64 in /lib/x86_64-linux-gnu/libc.so.6)

[rank7]:[W813 07:24:40.660399790 ProcessGroupNCCL.cpp:1900] [PG ID 0 PG GUID 0(default_pg) Rank 7] Failed to check the "should dump" flag on TCPStore, (maybe TCPStore server has shut down too early), with error: Broken pipe
[rank1]:[W813 07:24:41.639894607 TCPStore.cpp:106] [c10d] sendBytes failed on SocketImpl(fd=100, addr=[localhost]:49304, remote=[sgl-b300-inference.datacrunch.io]:33691): Broken pipe
Exception raised from sendBytes at /__w/pytorch/pytorch/torch/csrc/distributed/c10d/Utils.hpp:758 (most recent call first):
frame #0: c10::Error::Error(c10::SourceLocation, std::__cxx11::basic_string<char, std::char_traits<char>, std::allocator<char> >) + 0x9d (0x7d8dac76933d in /home/devuser/conda/envs/py312/lib/python3.12/site-packages/torch/lib/libc10.so)
frame #1: <unknown function> + 0x6811231 (0x7d8d0ad5b231 in /home/devuser/conda/envs/py312/lib/python3.12/site-packages/torch/lib/libtorch_cpu.so)
frame #2: <unknown function> + 0x68123e1 (0x7d8d0ad5c3e1 in /home/devuser/conda/envs/py312/lib/python3.12/site-packages/torch/lib/libtorch_cpu.so)
frame #3: <unknown function> + 0x681258d (0x7d8d0ad5c58d in /home/devuser/conda/envs/py312/lib/python3.12/site-packages/torch/lib/libtorch_cpu.so)
frame #4: c10d::TCPStore::check(std::vector<std::__cxx11::basic_string<char, std::char_traits<char>, std::allocator<char> >, std::allocator<std::__cxx11::basic_string<char, std::char_traits<char>, std::allocator<char> > > > const&) + 0x35d (0x7d8d0ad551dd in /home/devuser/conda/envs/py312/lib/python3.12/site-packages/torch/lib/libtorch_cpu.so)
frame #5: c10d::ProcessGroupNCCL::HeartbeatMonitor::runLoop() + 0x436 (0x7d8ce698d0e6 in /home/devuser/conda/envs/py312/lib/python3.12/site-packages/torch/lib/libtorch_cuda.so)
frame #6: <unknown function> + 0xef5e4 (0x7d8dac2705e4 in /home/devuser/conda/envs/py312/bin/../lib/libstdc++.so.6)
frame #7: <unknown function> + 0x9caa4 (0x7d8dad6c7aa4 in /lib/x86_64-linux-gnu/libc.so.6)
frame #8: __clone + 0x44 (0x7d8dad754a64 in /lib/x86_64-linux-gnu/libc.so.6)

[rank1]:[W813 07:24:41.642328307 ProcessGroupNCCL.cpp:1900] [PG ID 0 PG GUID 0(default_pg) Rank 1] Failed to check the "should dump" flag on TCPStore, (maybe TCPStore server has shut down too early), with error: Broken pipe
[rank0]:[W813 07:24:41.644915922 TCPStore.cpp:106] [c10d] sendBytes failed on SocketImpl(fd=100, addr=[localhost]:49270, remote=[sgl-b300-inference.datacrunch.io]:33691): Broken pipe
Exception raised from sendBytes at /__w/pytorch/pytorch/torch/csrc/distributed/c10d/Utils.hpp:758 (most recent call first):
frame #0: c10::Error::Error(c10::SourceLocation, std::__cxx11::basic_string<char, std::char_traits<char>, std::allocator<char> >) + 0x9d (0x76c6d456933d in /home/devuser/conda/envs/py312/lib/python3.12/site-packages/torch/lib/libc10.so)
frame #1: <unknown function> + 0x6811231 (0x76c66195b231 in /home/devuser/conda/envs/py312/lib/python3.12/site-packages/torch/lib/libtorch_cpu.so)
frame #2: <unknown function> + 0x68123e1 (0x76c66195c3e1 in /home/devuser/conda/envs/py312/lib/python3.12/site-packages/torch/lib/libtorch_cpu.so)
frame #3: <unknown function> + 0x681258d (0x76c66195c58d in /home/devuser/conda/envs/py312/lib/python3.12/site-packages/torch/lib/libtorch_cpu.so)
frame #4: c10d::TCPStore::check(std::vector<std::__cxx11::basic_string<char, std::char_traits<char>, std::allocator<char> >, std::allocator<std::__cxx11::basic_string<char, std::char_traits<char>, std::allocator<char> > > > const&) + 0x35d (0x76c6619551dd in /home/devuser/conda/envs/py312/lib/python3.12/site-packages/torch/lib/libtorch_cpu.so)
frame #5: c10d::ProcessGroupNCCL::HeartbeatMonitor::runLoop() + 0x436 (0x76c63d58d0e6 in /home/devuser/conda/envs/py312/lib/python3.12/site-packages/torch/lib/libtorch_cuda.so)
frame #6: <unknown function> + 0xef5e4 (0x76c702e705e4 in /home/devuser/conda/envs/py312/bin/../lib/libstdc++.so.6)
frame #7: <unknown function> + 0x9caa4 (0x76c70414faa4 in /lib/x86_64-linux-gnu/libc.so.6)
frame #8: __clone + 0x44 (0x76c7041dca64 in /lib/x86_64-linux-gnu/libc.so.6)

[rank0]:[W813 07:24:41.646844695 ProcessGroupNCCL.cpp:1900] [PG ID 0 PG GUID 0(default_pg) Rank 0] Failed to check the "should dump" flag on TCPStore, (maybe TCPStore server has shut down too early), with error: Broken pipe
[rank2]:[W813 07:24:41.648754547 TCPStore.cpp:106] [c10d] sendBytes failed on SocketImpl(fd=100, addr=[localhost]:49326, remote=[sgl-b300-inference.datacrunch.io]:33691): Broken pipe
Exception raised from sendBytes at /__w/pytorch/pytorch/torch/csrc/distributed/c10d/Utils.hpp:758 (most recent call first):
frame #0: c10::Error::Error(c10::SourceLocation, std::__cxx11::basic_string<char, std::char_traits<char>, std::allocator<char> >) + 0x9d (0x7dc559d6933d in /home/devuser/conda/envs/py312/lib/python3.12/site-packages/torch/lib/libc10.so)
frame #1: <unknown function> + 0x6811231 (0x7dc4b835b231 in /home/devuser/conda/envs/py312/lib/python3.12/site-packages/torch/lib/libtorch_cpu.so)
frame #2: <unknown function> + 0x68123e1 (0x7dc4b835c3e1 in /home/devuser/conda/envs/py312/lib/python3.12/site-packages/torch/lib/libtorch_cpu.so)
frame #3: <unknown function> + 0x681258d (0x7dc4b835c58d in /home/devuser/conda/envs/py312/lib/python3.12/site-packages/torch/lib/libtorch_cpu.so)
frame #4: c10d::TCPStore::check(std::vector<std::__cxx11::basic_string<char, std::char_traits<char>, std::allocator<char> >, std::allocator<std::__cxx11::basic_string<char, std::char_traits<char>, std::allocator<char> > > > const&) + 0x35d (0x7dc4b83551dd in /home/devuser/conda/envs/py312/lib/python3.12/site-packages/t
=== [TRUNCATED: file reached 402MB after repeated sweep appends; head+tail preserved] ===

t /__w/pytorch/pytorch/torch/csrc/distributed/c10d/Utils.hpp:758 (most recent call first):
frame #0: c10::Error::Error(c10::SourceLocation, std::__cxx11::basic_string<char, std::char_traits<char>, std::allocator<char> >) + 0x9d (0x75604f96933d in /home/devuser/conda/envs/py312/lib/python3.12/site-packages/torch/lib/libc10.so)
frame #1: <unknown function> + 0x6811231 (0x755fadf5b231 in /home/devuser/conda/envs/py312/lib/python3.12/site-packages/torch/lib/libtorch_cpu.so)
frame #2: <unknown function> + 0x68123e1 (0x755fadf5c3e1 in /home/devuser/conda/envs/py312/lib/python3.12/site-packages/torch/lib/libtorch_cpu.so)
frame #3: <unknown function> + 0x681258d (0x755fadf5c58d in /home/devuser/conda/envs/py312/lib/python3.12/site-packages/torch/lib/libtorch_cpu.so)
frame #4: c10d::TCPStore::check(std::vector<std::__cxx11::basic_string<char, std::char_traits<char>, std::allocator<char> >, std::allocator<std::__cxx11::basic_string<char, std::char_traits<char>, std::allocator<char> > > > const&) + 0x35d (0x755fadf551dd in /home/devuser/conda/envs/py312/lib/python3.12/site-packages/torch/lib/libtorch_cpu.so)
frame #5: c10d::ProcessGroupNCCL::HeartbeatMonitor::runLoop() + 0x436 (0x755f89b8d0e6 in /home/devuser/conda/envs/py312/lib/python3.12/site-packages/torch/lib/libtorch_cuda.so)
frame #6: <unknown function> + 0xef5e4 (0x75604f4705e4 in /home/devuser/conda/envs/py312/bin/../lib/libstdc++.so.6)
frame #7: <unknown function> + 0x9caa4 (0x7560508c5aa4 in /lib/x86_64-linux-gnu/libc.so.6)
frame #8: __clone + 0x44 (0x756050952a64 in /lib/x86_64-linux-gnu/libc.so.6)

[rank3]:[W813 14:40:25.144888616 ProcessGroupNCCL.cpp:1900] [PG ID 0 PG GUID 0(default_pg) Rank 3] Failed to check the "should dump" flag on TCPStore, (maybe TCPStore server has shut down too early), with error: Broken pipe
[rank1]:[W813 14:40:25.202017649 TCPStore.cpp:106] [c10d] sendBytes failed on SocketImpl(fd=100, addr=[localhost]:49304, remote=[sgl-b300-inference.datacrunch.io]:33691): Broken pipe
Exception raised from sendBytes at /__w/pytorch/pytorch/torch/csrc/distributed/c10d/Utils.hpp:758 (most recent call first):
frame #0: c10::Error::Error(c10::SourceLocation, std::__cxx11::basic_string<char, std::char_traits<char>, std::allocator<char> >) + 0x9d (0x7d8dac76933d in /home/devuser/conda/envs/py312/lib/python3.12/site-packages/torch/lib/libc10.so)
frame #1: <unknown function> + 0x6811231 (0x7d8d0ad5b231 in /home/devuser/conda/envs/py312/lib/python3.12/site-packages/torch/lib/libtorch_cpu.so)
frame #2: <unknown function> + 0x68123e1 (0x7d8d0ad5c3e1 in /home/devuser/conda/envs/py312/lib/python3.12/site-packages/torch/lib/libtorch_cpu.so)
frame #3: <unknown function> + 0x681258d (0x7d8d0ad5c58d in /home/devuser/conda/envs/py312/lib/python3.12/site-packages/torch/lib/libtorch_cpu.so)
frame #4: c10d::TCPStore::check(std::vector<std::__cxx11::basic_string<char, std::char_traits<char>, std::allocator<char> >, std::allocator<std::__cxx11::basic_string<char, std::char_traits<char>, std::allocator<char> > > > const&) + 0x35d (0x7d8d0ad551dd in /home/devuser/conda/envs/py312/lib/python3.12/site-packages/torch/lib/libtorch_cpu.so)
frame #5: c10d::ProcessGroupNCCL::HeartbeatMonitor::runLoop() + 0x436 (0x7d8ce698d0e6 in /home/devuser/conda/envs/py312/lib/python3.12/site-packages/torch/lib/libtorch_cuda.so)
frame #6: <unknown function> + 0xef5e4 (0x7d8dac2705e4 in /home/devuser/conda/envs/py312/bin/../lib/libstdc++.so.6)
frame #7: <unknown function> + 0x9caa4 (0x7d8dad6c7aa4 in /lib/x86_64-linux-gnu/libc.so.6)
frame #8: __clone + 0x44 (0x7d8dad754a64 in /lib/x86_64-linux-gnu/libc.so.6)

[rank1]:[W813 14:40:25.204046338 ProcessGroupNCCL.cpp:1900] [PG ID 0 PG GUID 0(default_pg) Rank 1] Failed to check the "should dump" flag on TCPStore, (maybe TCPStore server has shut down too early), with error: Broken pipe
[rank0]:[W813 14:40:25.436067633 TCPStore.cpp:106] [c10d] sendBytes failed on SocketImpl(fd=100, addr=[localhost]:49270, remote=[sgl-b300-inference.datacrunch.io]:33691): Broken pipe
Exception raised from sendBytes at /__w/pytorch/pytorch/torch/csrc/distributed/c10d/Utils.hpp:758 (most recent call first):
frame #0: c10::Error::Error(c10::SourceLocation, std::__cxx11::basic_string<char, std::char_traits<char>, std::allocator<char> >) + 0x9d (0x76c6d456933d in /home/devuser/conda/envs/py312/lib/python3.12/site-packages/torch/lib/libc10.so)
frame #1: <unknown function> + 0x6811231 (0x76c66195b231 in /home/devuser/conda/envs/py312/lib/python3.12/site-packages/torch/lib/libtorch_cpu.so)
frame #2: <unknown function> + 0x68123e1 (0x76c66195c3e1 in /home/devuser/conda/envs/py312/lib/python3.12/site-packages/torch/lib/libtorch_cpu.so)
frame #3: <unknown function> + 0x681258d (0x76c66195c58d in /home/devuser/conda/envs/py312/lib/python3.12/site-packages/torch/lib/libtorch_cpu.so)
frame #4: c10d::TCPStore::check(std::vector<std::__cxx11::basic_string<char, std::char_traits<char>, std::allocator<char> >, std::allocator<std::__cxx11::basic_string<char, std::char_traits<char>, std::allocator<char> > > > const&) + 0x35d (0x76c6619551dd in /home/devuser/conda/envs/py312/lib/python3.12/site-packages/torch/lib/libtorch_cpu.so)
frame #5: c10d::ProcessGroupNCCL::HeartbeatMonitor::runLoop() + 0x436 (0x76c63d58d0e6 in /home/devuser/conda/envs/py312/lib/python3.12/site-packages/torch/lib/libtorch_cuda.so)
frame #6: <unknown function> + 0xef5e4 (0x76c702e705e4 in /home/devuser/conda/envs/py312/bin/../lib/libstdc++.so.6)
frame #7: <unknown function> + 0x9caa4 (0x76c70414faa4 in /lib/x86_64-linux-gnu/libc.so.6)
frame #8: __clone + 0x44 (0x76c7041dca64 in /lib/x86_64-linux-gnu/libc.so.6)

[rank0]:[W813 14:40:25.438619926 ProcessGroupNCCL.cpp:1900] [PG ID 0 PG GUID 0(default_pg) Rank 0] Failed to check the "should dump" flag on TCPStore, (maybe TCPStore server has shut down too early), with error: Broken pipe
[rank5]:[W813 14:40:26.642255811 TCPStore.cpp:106] [c10d] sendBytes failed on SocketImpl(fd=100, addr=[localhost]:49286, remote=[sgl-b300-inference.datacrunch.io]:33691): Broken pipe
Exception raised from sendBytes at /__w/pytorch/pytorch/torch/csrc/distributed/c10d/Utils.hpp:758 (most recent call first):
frame #0: c10::Error::Error(c10::SourceLocation, std::__cxx11::basic_string<char, std::char_traits<char>, std::allocator<char> >) + 0x9d (0x7dcf2856933d in /home/devuser/conda/envs/py312/lib/python3.12/site-packages/torch/lib/libc10.so)
frame #1: <unknown function> + 0x6811231 (0x7dce86b5b231 in /home/devuser/conda/envs/py312/lib/python3.12/site-packages/torch/lib/libtorch_cpu.so)
frame #2: <unknown function> + 0x68123e1 (0x7dce86b5c3e1 in /home/devuser/conda/envs/py312/lib/python3.12/site-packages/torch/lib/libtorch_cpu.so)
frame #3: <unknown function> + 0x681258d (0x7dce86b5c58d in /home/devuser/conda/envs/py312/lib/python3.12/site-packages/torch/lib/libtorch_cpu.so)
frame #4: c10d::TCPStore::check(std::vector<std::__cxx11::basic_string<char, std::char_traits<char>, std::allocator<char> >, std::allocator<std::__cxx11::basic_string<char, std::char_traits<char>, std::allocator<char> > > > const&) + 0x35d (0x7dce86b551dd in /home/devuser/conda/envs/py312/lib/python3.12/site-packages/torch/lib/libtorch_cpu.so)
frame #5: c10d::ProcessGroupNCCL::HeartbeatMonitor::runLoop() + 0x436 (0x7dce6278d0e6 in /home/devuser/conda/envs/py312/lib/python3.12/site-packages/torch/lib/libtorch_cuda.so)
frame #6: <unknown function> + 0xef5e4 (0x7dcf280705e4 in /home/devuser/conda/envs/py312/bin/../lib/libstdc++.so.6)
frame #7: <unknown function> + 0x9caa4 (0x7dcf29462aa4 in /lib/x86_64-linux-gnu/libc.so.6)
frame #8: __clone + 0x44 (0x7dcf294efa64 in /lib/x86_64-linux-gnu/libc.so.6)

[rank5]:[W813 14:40:26.644736336 ProcessGroupNCCL.cpp:1900] [PG ID 0 PG GUID 0(default_pg) Rank 5] Failed to check the "should dump" flag on TCPStore, (maybe TCPStore server has shut down too early), with error: Broken pipe
[rank6]:[W813 14:40:26.859221884 TCPStore.cpp:106] [c10d] sendBytes failed on SocketImpl(fd=100, addr=[localhost]:49280, remote=[sgl-b300-inference.datacrunch.io]:33691): Broken pipe
Exception raised from sendBytes at /__w/pytorch/pytorch/torch/csrc/distributed/c10d/Utils.hpp:758 (most recent call first):
frame #0: c10::Error::Error(c10::SourceLocation, std::__cxx11::basic_string<char, std::char_traits<char>, std::allocator<char> >) + 0x9d (0x79e54e76933d in /home/devuser/conda/envs/py312/lib/python3.12/site-packages/torch/lib/libc10.so)
frame #1: <unknown function> + 0x6811231 (0x79e4dbb5b231 in /home/devuser/conda/envs/py312/lib/python3.12/site-packages/torch/lib/libtorch_cpu.so)
frame #2: <unknown function> + 0x68123e1 (0x79e4dbb5c3e1 in /home/devuser/conda/envs/py312/lib/python3.12/site-packages/torch/lib/libtorch_cpu.so)
frame #3: <unknown function> + 0x681258d (0x79e4dbb5c58d in /home/devuser/conda/envs/py312/lib/python3.12/site-packages/torch/lib/libtorch_cpu.so)
frame #4: c10d::TCPStore::check(std::vector<std::__cxx11::basic_string<char, std::char_traits<char>, std::allocator<char> >, std::allocator<std::__cxx11::basic_string<char, std::char_traits<char>, std::allocator<char> > > > const&) + 0x35d (0x79e4dbb551dd in /home/devuser/conda/envs/py312/lib/python3.12/site-packages/torch/lib/libtorch_cpu.so)
frame #5: c10d::ProcessGroupNCCL::HeartbeatMonitor::runLoop() + 0x436 (0x79e4b778d0e6 in /home/devuser/conda/envs/py312/lib/python3.12/site-packages/torch/lib/libtorch_cuda.so)
frame #6: <unknown function> + 0xef5e4 (0x79e57d0705e4 in /home/devuser/conda/envs/py312/bin/../lib/libstdc++.so.6)
frame #7: <unknown function> + 0x9caa4 (0x79e57e3cdaa4 in /lib/x86_64-linux-gnu/libc.so.6)
frame #8: __clone + 0x44 (0x79e57e45aa64 in /lib/x86_64-linux-gnu/libc.so.6)

[rank6]:[W813 14:40:26.861684709 ProcessGroupNCCL.cpp:1900] [PG ID 0 PG GUID 0(default_pg) Rank 6] Failed to check the "should dump" flag on TCPStore, (maybe TCPStore server has shut down too early), with error: Broken pipe
[rank2]:[W813 14:40:26.891753011 TCPStore.cpp:106] [c10d] sendBytes failed on SocketImpl(fd=100, addr=[localhost]:49326, remote=[sgl-b300-inference.datacrunch.io]:33691): Broken pipe
Exception raised from sendBytes at /__w/pytorch/pytorch/torch/csrc/distributed/c10d/Utils.hpp:758 (most recent call first):
frame #0: c10::Error::Error(c10::SourceLocation, std::__cxx11::basic_string<char, std::char_traits<char>, std::allocator<char> >) + 0x9d (0x7dc559d6933d in /home/devuser/conda/envs/py312/lib/python3.12/site-packages/torch/lib/libc10.so)
frame #1: <unknown function> + 0x6811231 (0x7dc4b835b231 in /home/devuser/conda/envs/py312/lib/python3.12/site-packages/torch/lib/libtorch_cpu.so)
frame #2: <unknown function> + 0x68123e1 (0x7dc4b835c3e1 in /home/devuser/conda/envs/py312/lib/python3.12/site-packages/torch/lib/libtorch_cpu.so)
frame #3: <unknown function> + 0x681258d (0x7dc4b835c58d in /home/devuser/conda/envs/py312/lib/python3.12/site-packages/torch/lib/libtorch_cpu.so)
frame #4: c10d::TCPStore::check(std::vector<std::__cxx11::basic_string<char, std::char_traits<char>, std::allocator<char> >, std::allocator<std::__cxx11::basic_string<char, std::char_traits<char>, std::allocator<char> > > > const&) + 0x35d (0x7dc4b83551dd in /home/devuser/conda/envs/py312/lib/python3.12/site-packages/torch/lib/libtorch_cpu.so)
frame #5: c10d::ProcessGroupNCCL::HeartbeatMonitor::runLoop() + 0x436 (0x7dc493f8d0e6 in /home/devuser/conda/envs/py312/lib/python3.12/site-packages/torch/lib/libtorch_cuda.so)
frame #6: <unknown function> + 0xef5e4 (0x7dc5598705e4 in /home/devuser/conda/envs/py312/bin/../lib/libstdc++.so.6)
frame #7: <unknown function> + 0x9caa4 (0x7dc55ac7aaa4 in /lib/x86_64-linux-gnu/libc.so.6)
frame #8: __clone + 0x44 (0x7dc55ad07a64 in /lib/x86_64-linux-gnu/libc.so.6)

[rank2]:[W813 14:40:26.894236536 ProcessGroupNCCL.cpp:1900] [PG ID 0 PG GUID 0(default_pg) Rank 2] Failed to check the "should dump" flag on TCPStore, (maybe TCPStore server has shut down too early), with error: Broken pipe
[rank4]:[W813 14:40:26.936712322 TCPStore.cpp:106] [c10d] sendBytes failed on SocketImpl(fd=100, addr=[localhost]:49282, remote=[sgl-b300-inference.datacrunch.io]:33691): Broken pipe
Exception raised from sendBytes at /__w/pytorch/pytorch/torch/csrc/distributed/c10d/Utils.hpp:758 (most recent call first):
frame #0: c10::Error::Error(c10::SourceLocation, std::__cxx11::basic_string<char, std::char_traits<char>, std::allocator<char> >) + 0x9d (0x75c75ab6933d in /home/devuser/conda/envs/py312/lib/python3.12/site-packages/torch/lib/libc10.so)
frame #1: <unknown function> + 0x6811231 (0x75c6b915b231 in /home/devuser/conda/envs/py312/lib/python3.12/site-packages/torch/lib/libtorch_cpu.so)
frame #2: <unknown function> + 0x68123e1 (0x75c6b915c3e1 in /home/devuser/conda/envs/py312/lib/python3.12/site-packages/torch/lib/libtorch_cpu.so)
frame #3: <unknown function> + 0x681258d (0x75c6b915c58d in /home/devuser/conda/envs/py312/lib/python3.12/site-packages/torch/lib/libtorch_cpu.so)
frame #4: c10d::TCPStore::check(std::vector<std::__cxx11::basic_string<char, std::char_traits<char>, std::allocator<char> >, std::allocator<std::__cxx11::basic_string<char, std::char_traits<char>, std::allocator<char> > > > const&) + 0x35d (0x75c6b91551dd in /home/devuser/conda/envs/py312/lib/python3.12/site-packages/torch/lib/libtorch_cpu.so)
frame #5: c10d::ProcessGroupNCCL::HeartbeatMonitor::runLoop() + 0x436 (0x75c694d8d0e6 in /home/devuser/conda/envs/py312/lib/python3.12/site-packages/torch/lib/libtorch_cuda.so)
frame #6: <unknown function> + 0xef5e4 (0x75c75a6705e4 in /home/devuser/conda/envs/py312/bin/../lib/libstdc++.so.6)
frame #7: <unknown function> + 0x9caa4 (0x75c75ba7caa4 in /lib/x86_64-linux-gnu/libc.so.6)
frame #8: __clone + 0x44 (0x75c75bb09a64 in /lib/x86_64-linux-gnu/libc.so.6)

[rank4]:[W813 14:40:26.938674753 ProcessGroupNCCL.cpp:1900] [PG ID 0 PG GUID 0(default_pg) Rank 4] Failed to check the "should dump" flag on TCPStore, (maybe TCPStore server has shut down too early), with error: Broken pipe
[rank7]:[W813 14:40:26.993560604 TCPStore.cpp:106] [c10d] sendBytes failed on SocketImpl(fd=100, addr=[localhost]:49310, remote=[sgl-b300-inference.datacrunch.io]:33691): Broken pipe
Exception raised from sendBytes at /__w/pytorch/pytorch/torch/csrc/distributed/c10d/Utils.hpp:758 (most recent call first):
frame #0: c10::Error::Error(c10::SourceLocation, std::__cxx11::basic_string<char, std::char_traits<char>, std::allocator<char> >) + 0x9d (0x78f0b036933d in /home/devuser/conda/envs/py312/lib/python3.12/site-packages/torch/lib/libc10.so)
frame #1: <unknown function> + 0x6811231 (0x78f00e95b231 in /home/devuser/conda/envs/py312/lib/python3.12/site-packages/torch/lib/libtorch_cpu.so)
frame #2: <unknown function> + 0x68123e1 (0x78f00e95c3e1 in /home/devuser/conda/envs/py312/lib/python3.12/site-packages/torch/lib/libtorch_cpu.so)
frame #3: <unknown function> + 0x681258d (0x78f00e95c58d in /home/devuser/conda/envs/py312/lib/python3.12/site-packages/torch/lib/libtorch_cpu.so)
frame #4: c10d::TCPStore::check(std::vector<std::__cxx11::basic_string<char, std::char_traits<char>, std::allocator<char> >, std::allocator<std::__cxx11::basic_string<char, std::char_traits<char>, std::allocator<char> > > > const&) + 0x35d (0x78f00e9551dd in /home/devuser/conda/envs/py312/lib/python3.12/site-packages/torch/lib/libtorch_cpu.so)
frame #5: c10d::ProcessGroupNCCL::HeartbeatMonitor::runLoop() + 0x436 (0x78efea58d0e6 in /home/devuser/conda/envs/py312/lib/python3.12/site-packages/torch/lib/libtorch_cuda.so)
frame #6: <unknown function> + 0xef5e4 (0x78f0afe705e4 in /home/devuser/conda/envs/py312/bin/../lib/libstdc++.so.6)
frame #7: <unknown function> + 0x9caa4 (0x78f0b12b7aa4 in /lib/x86_64-linux-gnu/libc.so.6)
frame #8: __clone + 0x44 (0x78f0b1344a64 in /lib/x86_64-linux-gnu/libc.so.6)

[rank7]:[W813 14:40:26.996079498 ProcessGroupNCCL.cpp:1900] [PG ID 0 PG GUID 0(default_pg) Rank 7] Failed to check the "should dump" flag on TCPStore, (maybe TCPStore server has shut down too early), with error: Broken pipe
[rank3]:[W813 14:40:26.144981637 TCPStore.cpp:106] [c10d] sendBytes failed on SocketImpl(fd=100, addr=[localhost]:49296, remote=[sgl-b300-inference.datacrunch.io]:33691): Broken pipe
Exception raised from sendBytes at /__w/pytorch/pytorch/torch/csrc/distributed/c10d/Utils.hpp:758 (most recent call first):
frame #0: c10::Error::Error(c10::SourceLocation, std::__cxx11::basic_string<char, std::char_traits<char>, std::allocator<char> >) + 0x9d (0x75604f96933d in /home/devuser/conda/envs/py312/lib/python3.12/site-packages/torch/lib/libc10.so)
frame #1: <unknown function> + 0x6811231 (0x755fadf5b231 in /home/devuser/conda/envs/py312/lib/python3.12/site-packages/torch/lib/libtorch_cpu.so)
frame #2: <unknown function> + 0x68123e1 (0x755fadf5c3e1 in /home/devuser/conda/envs/py312/lib/python3.12/site-packages/torch/lib/libtorch_cpu.so)
frame #3: <unknown function> + 0x681258d (0x755fadf5c58d in /home/devuser/conda/envs/py312/lib/python3.12/site-packages/torch/lib/libtorch_cpu.so)
frame #4: c10d::TCPStore::check(std::vector<std::__cxx11::basic_string<char, std::char_traits<char>, std::allocator<char> >, std::allocator<std::__cxx11::basic_string<char, std::char_traits<char>, std::allocator<char> > > > const&) + 0x35d (0x755fadf551dd in /home/devuser/conda/envs/py312/lib/python3.12/site-packages/torch/lib/libtorch_cpu.so)
frame #5: c10d::ProcessGroupNCCL::HeartbeatMonitor::runLoop() + 0x436 (0x755f89b8d0e6 in /home/devuser/conda/envs/py312/lib/python3.12/site-packages/torch/lib/libtorch_cuda.so)
frame #6: <unknown function> + 0xef5e4 (0x75604f4705e4 in /home/devuser/conda/envs/py312/bin/../lib/libstdc++.so.6)
frame #7: <unknown function> + 0x9caa4 (0x7560508c5aa4 in /lib/x86_64-linux-gnu/libc.so.6)
frame #8: __clone + 0x44 (0x756050952a64 in /lib/x86_64-linux-gnu/libc.so.6)

[rank3]:[W813 14:40:26.148183720 ProcessGroupNCCL.cpp:1900] [PG ID 0 PG GUID 0(default_pg) Rank 3] Failed to check the "should dump" flag on TCPStore, (maybe TCPStore server has shut down too early), with error: Broken pipe
[rank1]:[W813 14:40:26.204211397 TCPStore.cpp:106] [c10d] sendBytes failed on SocketImpl(fd=100, addr=[localhost]:49304, remote=[sgl-b300-inference.datacrunch.io]:33691): Broken pipe
Exception raised from sendBytes at /__w/pytorch/pytorch/torch/csrc/distributed/c10d/Utils.hpp:758 (most recent call first):
frame #0: c10::Error::Error(c10::SourceLocation, std::__cxx11::basic_string<char, std::char_traits<char>, std::allocator<char> >) + 0x9d (0x7d8dac76933d in /home/devuser/conda/envs/py312/lib/python3.12/site-packages/torch/lib/libc10.so)
frame #1: <unknown function> + 0x6811231 (0x7d8d0ad5b231 in /home/devuser/conda/envs/py312/lib/python3.12/site-packages/torch/lib/libtorch_cpu.so)
frame #2: <unknown function> + 0x68123e1 (0x7d8d0ad5c3e1 in /home/devuser/conda/envs/py312/lib/python3.12/site-packages/torch/lib/libtorch_cpu.so)
frame #3: <unknown function> + 0x681258d (0x7d8d0ad5c58d in /home/devuser/conda/envs/py312/lib/python3.12/site-packages/torch/lib/libtorch_cpu.so)
frame #4: c10d::TCPStore::check(std::vector<std::__cxx11::basic_string<char, std::char_traits<char>, std::allocator<char> >, std::allocator<std::__cxx11::basic_string<char, std::char_traits<char>, std::allocator<char> > > > const&) + 0x35d (0x7d8d0ad551dd in /home/devuser/conda/envs/py312/lib/python3.12/site-packages/torch/lib/libtorch_cpu.so)
frame #5: c10d::ProcessGroupNCCL::HeartbeatMonitor::runLoop() + 0x436 (0x7d8ce698d0e6 in /home/devuser/conda/envs/py312/lib/python3.12/site-packages/torch/lib/libtorch_cuda.so)
frame #6: <unknown function> + 0xef5e4 (0x7d8dac2705e4 in /home/devuser/conda/envs/py312/bin/../lib/libstdc++.so.6)
frame #7: <unknown function> + 0x9caa4 (0x7d8dad6c7aa4 in /lib/x86_64-linux-gnu/libc.so.6)
frame #8: __clone + 0x44 (0x7d8dad754a64 in /lib/x86_64-linux-gnu/libc.so.6)

[rank1]:[W813 14:40:26.206263585 ProcessGroupNCCL.cpp:1900] [PG ID 0 PG GUID 0(default_pg) Rank 1] Failed to check the "should dump" flag on TCPStore, (maybe TCPStore server has shut down too early), with error: Broken pipe
[rank0]:[W813 14:40:26.438712090 TCPStore.cpp:106] [c10d] sendBytes failed on SocketImpl(fd=100, addr=[localhost]:49270, remote=[sgl-b300-inference.datacrunch.io]:33691): Broken pipe
Exception raised from sendBytes at /__w/pytorch/pytorch/torch/csrc/distributed/c10d/Utils.hpp:758 (most recent call first):
frame #0: c10::Error::Error(c10::SourceLocation, std::__cxx11::basic_string<char, std::char_traits<char>, std::allocator<char> >) + 0x9d (0x76c6d456933d in /home/devuser/conda/envs/py312/lib/python3.12/site-packages/torch/lib/libc10.so)
frame #1: <unknown function> + 0x6811231 (0x76c66195b231 in /home/devuser/conda/envs/py312/lib/python3.12/site-packages/torch/lib/libtorch_cpu.so)
frame #2: <unknown function> + 0x68123e1 (0x76c66195c3e1 in /home/devuser/conda/envs/py312/lib/python3.12/site-packages/torch/lib/libtorch_cpu.so)
frame #3: <unknown function> + 0x681258d (0x76c66195c58d in /home/devuser/conda/envs/py312/lib/python3.12/site-packages/torch/lib/libtorch_cpu.so)
frame #4: c10d::TCPStore::check(std::vector<std::__cxx11::basic_string<char, std::char_traits<char>, std::allocator<char> >, std::allocator<std::__cxx11::basic_string<char, std::char_traits<char>, std::allocator<char> > > > const&) + 0x35d (0x76c6619551dd in /home/devuser/conda/envs/py312/lib/python3.12/site-packages/torch/lib/libtorch_cpu.so)
frame #5: c10d::ProcessGroupNCCL::HeartbeatMonitor::runLoop() + 0x436 (0x76c63d58d0e6 in /home/devuser/conda/envs/py312/lib/python3.12/site-packages/torch/lib/libtorch_cuda.so)
frame #6: <unknown function> + 0xef5e4 (0x76c702e705e4 in /home/devuser/conda/envs/py312/bin/../lib/libstdc++.so.6)
frame #7: <unknown function> + 0x9caa4 (0x76c70414faa4 in /lib/x86_64-linux-gnu/libc.so.6)
frame #8: __clone + 0x44 (0x76c7041dca64 in /lib/x86_64-linux-gnu/libc.so.6)

[rank0]:[W813 14:40:26.441282962 ProcessGroupNCCL.cpp:1900] [PG ID 0 PG GUID 0(default_pg) Rank 0] Failed to check the "should dump" flag on TCPStore, (maybe TCPStore server has shut down too early), with error: Broken pipe
[rank5]:[W813 14:40:27.644824252 TCPStore.cpp:106] [c10d] sendBytes failed on SocketImpl(fd=100, addr=[localhost]:49286, remote=[sgl-b300-inference.datacrunch.io]:33691): Broken pipe
Exception raised from sendBytes at /__w/pytorch/pytorch/torch/csrc/distributed/c10d/Utils.hpp:758 (most recent call first):
frame #0: c10::Error::Error(c10::SourceLocation, std::__cxx11::basic_string<char, std::char_traits<char>, std::allocator<char> >) + 0x9d (0x7dcf2856933d in /home/devuser/conda/envs/py312/lib/python3.12/site-packages/torch/lib/libc10.so)
frame #1: <unknown function> + 0x6811231 (0x7dce86b5b231 in /home/devuser/conda/envs/py312/lib/python3.12/site-packages/torch/lib/libtorch_cpu.so)
frame #2: <unknown function> + 0x68123e1 (0x7dce86b5c3e1 in /home/devuser/conda/envs/py312/lib/python3.12/site-packages/torch/lib/libtorch_cpu.so)
frame #3: <unknown function> + 0x681258d (0x7dce86b5c58d in /home/devuser/conda/envs/py312/lib/python3.12/site-packages/torch/lib/libtorch_cpu.so)
frame #4: c10d::TCPStore::check(std::vector<std::__cxx11::basic_string<char, std::char_traits<char>, std::allocator<char> >, std::allocator<std::__cxx11::basic_string<char, std::char_traits<char>, std::allocator<char> > > > const&) + 0x35d (0x7dce86b551dd in /home/devuser/conda/envs/py312/lib/python3.12/site-packages/torch/lib/libtorch_cpu.so)
frame #5: c10d::ProcessGroupNCCL::HeartbeatMonitor::runLoop() + 0x436 (0x7dce6278d0e6 in /home/devuser/conda/envs/py312/lib/python3.12/site-packages/torch/lib/libtorch_cuda.so)
frame #6: <unknown function> + 0xef5e4 (0x7dcf280705e4 in /home/devuser/conda/envs/py312/bin/../lib/libstdc++.so.6)
frame #7: <unknown function> + 0x9caa4 (0x7dcf29462aa4 in /lib/x86_64-linux-gnu/libc.so.6)
frame #8: __clone + 0x44 (0x7dcf294efa64 in /lib/x86_64-linux-gnu/libc.so.6)

[rank5]:[W813 14:40:27.647300817 ProcessGroupNCCL.cpp:1900] [PG ID 0 PG GUID 0(default_pg) Rank 5] Failed to check the "should dump" flag on TCPStore, (maybe TCPStore server has shut down too early), with error: Broken pipe
[rank6]:[W813 14:40:27.861769837 TCPStore.cpp:106] [c10d] sendBytes failed on SocketImpl(fd=100, addr=[localhost]:49280, remote=[sgl-b300-inference.datacrunch.io]:33691): Broken pipe
Exception raised from sendBytes at /__w/pytorch/pytorch/torch/csrc/distributed/c10d/Utils.hpp:758 (most recent call first):
frame #0: c10::Error::Error(c10::SourceLocation, std::__cxx11::basic_string<char, std::char_traits<char>, std::allocator<char> >) + 0x9d (0x79e54e76933d in /home/devuser/conda/envs/py312/lib/python3.12/site-packages/torch/lib/libc10.so)
frame #1: <unknown function> + 0x6811231 (0x79e4dbb5b231 in /home/devuser/conda/envs/py312/lib/python3.12/site-packages/torch/lib/libtorch_cpu.so)
frame #2: <unknown function> + 0x68123e1 (0x79e4dbb5c3e1 in /home/devuser/conda/envs/py312/lib/python3.12/site-packages/torch/lib/libtorch_cpu.so)
frame #3: <unknown function> + 0x681258d (0x79e4dbb5c58d in /home/devuser/conda/envs/py312/lib/python3.12/site-packages/torch/lib/libtorch_cpu.so)
frame #4: c10d::TCPStore::check(std::vector<std::__cxx11::basic_string<char, std::char_traits<char>, std::allocator<char> >, std::allocator<std::__cxx11::basic_string<char, std::char_traits<char>, std::allocator<char> > > > const&) + 0x35d (0x79e4dbb551dd in /home/devuser/conda/envs/py312/lib/python3.12/site-packages/torch/lib/libtorch_cpu.so)
frame #5: c10d::ProcessGroupNCCL::HeartbeatMonitor::runLoop() + 0x436 (0x79e4b778d0e6 in /home/devuser/conda/envs/py312/lib/python3.12/site-packages/torch/lib/libtorch_cuda.so)
frame #6: <unknown function> + 0xef5e4 (0x79e57d0705e4 in /home/devuser/conda/envs/py312/bin/../lib/libstdc++.so.6)
frame #7: <unknown function> + 0x9caa4 (0x79e57e3cdaa4 in /lib/x86_64-linux-gnu/libc.so.6)
frame #8: __clone + 0x44 (0x79e57e45aa64 in /lib/x86_64-linux-gnu/libc.so.6)

[rank6]:[W813 14:40:27.864325360 ProcessGroupNCCL.cpp:1900] [PG ID 0 PG GUID 0(default_pg) Rank 6] Failed to check the "should dump" flag on TCPStore, (maybe TCPStore server has shut down too early), with error: Broken pipe
[rank2]:[W813 14:40:27.894333713 TCPStore.cpp:106] [c10d] sendBytes failed on SocketImpl(fd=100, addr=[localhost]:49326, remote=[sgl-b300-inference.datacrunch.io]:33691): Broken pipe
Exception raised from sendBytes at /__w/pytorch/pytorch/torch/csrc/distributed/c10d/Utils.hpp:758 (most recent call first):
frame #0: c10::Error::Error(c10::SourceLocation, std::__cxx11::basic_string<char, std::char_traits<char>, std::allocator<char> >) + 0x9d (0x7dc559d6933d in /home/devuser/conda/envs/py312/lib/python3.12/site-packages/torch/lib/libc10.so)
frame #1: <unknown function> + 0x6811231 (0x7dc4b835b231 in /home/devuser/conda/envs/py312/lib/python3.12/site-packages/torch/lib/libtorch_cpu.so)
frame #2: <unknown function> + 0x68123e1 (0x7dc4b835c3e1 in /home/devuser/conda/envs/py312/lib/python3.12/site-packages/torch/lib/libtorch_cpu.so)
frame #3: <unknown function> + 0x681258d (0x7dc4b835c58d in /home/devuser/conda/envs/py312/lib/python3.12/site-packages/torch/lib/libtorch_cpu.so)
frame #4: c10d::TCPStore::check(std::vector<std::__cxx11::basic_string<char, std::char_traits<char>, std::allocator<char> >, std::allocator<std::__cxx11::basic_string<char, std::char_traits<char>, std::allocator<char> > > > const&) + 0x35d (0x7dc4b83551dd in /home/devuser/conda/envs/py312/lib/python3.12/site-packages/torch/lib/libtorch_cpu.so)
frame #5: c10d::ProcessGroupNCCL::HeartbeatMonitor::runLoop() + 0x436 (0x7dc493f8d0e6 in /home/devuser/conda/envs/py312/lib/python3.12/site-packages/torch/lib/libtorch_cuda.so)
frame #6: <unknown function> + 0xef5e4 (0x7dc5598705e4 in /home/devuser/conda/envs/py312/bin/../lib/libstdc++.so.6)
frame #7: <unknown function> + 0x9caa4 (0x7dc55ac7aaa4 in /lib/x86_64-linux-gnu/libc.so.6)
frame #8: __clone + 0x44 (0x7dc55ad07a64 in /lib/x86_64-linux-gnu/libc.so.6)

[rank2]:[W813 14:40:27.896826288 ProcessGroupNCCL.cpp:1900] [PG ID 0 PG GUID 0(default_pg) Rank 2] Failed to check the "should dump" flag on TCPStore, (maybe TCPStore server has shut down too early), with error: Broken pipe
[rank4]:[W813 14:40:27.938803699 TCPStore.cpp:106] [c10d] sendBytes failed on SocketImpl(fd=100, addr=[localhost]:49282, remote=[sgl-b300-inference.datacrunch.io]:33691): Broken pipe
Exception raised from sendBytes at /__w/pytorch/pytorch/torch/csrc/distributed/c10d/Utils.hpp:758 (most recent call first):
frame #0: c10::Error::Error(c10::SourceLocation, std::__cxx11::basic_string<char, std::char_traits<char>, std::allocator<char> >) + 0x9d (0x75c75ab6933d in /home/devuser/conda/envs/py312/lib/python3.12/site-packages/torch/lib/libc10.so)
frame #1: <unknown function> + 0x6811231 (0x75c6b915b231 in /home/devuser/conda/envs/py312/lib/python3.12/site-packages/torch/lib/libtorch_cpu.so)
frame #2: <unknown function> + 0x68123e1 (0x75c6b915c3e1 in /home/devuser/conda/envs/py312/lib/python3.12/site-packages/torch/lib/libtorch_cpu.so)
frame #3: <unknown function> + 0x681258d (0x75c6b915c58d in /home/devuser/conda/envs/py312/lib/python3.12/site-packages/torch/lib/libtorch_cpu.so)
frame #4: c10d::TCPStore::check(std::vector<std::__cxx11::basic_string<char, std::char_traits<char>, std::allocator<char> >, std::allocator<std::__cxx11::basic_string<char, std::char_traits<char>, std::allocator<char> > > > const&) + 0x35d (0x75c6b91551dd in /home/devuser/conda/envs/py312/lib/python3.12/site-packages/torch/lib/libtorch_cpu.so)
frame #5: c10d::ProcessGroupNCCL::HeartbeatMonitor::runLoop() + 0x436 (0x75c694d8d0e6 in /home/devuser/conda/envs/py312/lib/python3.12/site-packages/torch/lib/libtorch_cuda.so)
frame #6: <unknown function> + 0xef5e4 (0x75c75a6705e4 in /home/devuser/conda/envs/py312/bin/../lib/libstdc++.so.6)
frame #7: <unknown function> + 0x9caa4 (0x75c75ba7caa4 in /lib/x86_64-linux-gnu/libc.so.6)
frame #8: __clone + 0x44 (0x75c75bb09a64 in /lib/x86_64-linux-gnu/libc.so.6)

[rank4]:[W813 14:40:27.940751911 ProcessGroupNCCL.cpp:1900] [PG ID 0 PG GUID 0(default_pg) Rank 4] Failed to check the "should dump" flag on TCPStore, (maybe TCPStore server has shut down too early), with error: Broken pipe
[rank7]:[W813 14:40:27.996187286 TCPStore.cpp:106] [c10d] sendBytes failed on SocketImpl(fd=100, addr=[localhost]:49310, remote=[sgl-b300-inference.datacrunch.io]:33691): Broken pipe
Exception raised from sendBytes at /__w/pytorch/pytorch/torch/csrc/distributed/c10d/Utils.hpp:758 (most recent call first):
frame #0: c10::Error::Error(c10::SourceLocation, std::__cxx11::basic_string<char, std::char_traits<char>, std::allocator<char> >) + 0x9d (0x78f0b036933d in /home/devuser/conda/envs/py312/lib/python3.12/site-packages/torch/lib/libc10.so)
frame #1: <unknown function> + 0x6811231 (0x78f00e95b231 in /home/devuser/conda/envs/py312/lib/python3.12/site-packages/torch/lib/libtorch_cpu.so)
frame #2: <unknown function> + 0x68123e1 (0x78f00e95c3e1 in /home/devuser/conda/envs/py312/lib/python3.12/site-packages/torch/lib/libtorch_cpu.so)
frame #3: <unknown function> + 0x681258d (0x78f00e95c58d in /home/devuser/conda/envs/py312/lib/python3.12/site-packages/torch/lib/libtorch_cpu.so)
frame #4: c10d::TCPStore::check(std::vector<std::__cxx11::basic_string<char, std::char_traits<char>, std::allocator<char> >, std::allocator<std::__cxx11::basic_string<char, std::char_traits<char>, std::allocator<char> > > > const&) + 0x35d (0x78f00e9551dd in /home/devuser/conda/envs/py312/lib/python3.12/site-packages/torch/lib/libtorch_cpu.so)
frame #5: c10d::ProcessGroupNCCL::HeartbeatMonitor::runLoop() + 0x436 (0x78efea58d0e6 in /home/devuser/conda/envs/py312/lib/python3.12/site-packages/torch/lib/libtorch_cuda.so)
frame #6: <unknown function> + 0xef5e4 (0x78f0afe705e4 in /home/devuser/conda/envs/py312/bin/../lib/libstdc++.so.6)
frame #7: <unknown function> + 0x9caa4 (0x78f0b12b7aa4 in /lib/x86_64-linux-gnu/libc.so.6)
frame #8: __clone + 0x44 (0x78f0b1344a64 in /lib/x86_64-linux-gnu/libc.so.6)

[rank7]:[W813 14:40:27.998677600 ProcessGroupNCCL.cpp:1900] [PG ID 0 PG GUID 0(default_pg) Rank 7] Failed to check the "should dump" flag on TCPStore, (maybe TCPStore server has shut down too early), with error: Broken pipe
[rank3]:[W813 14:40:27.148267011 TCPStore.cpp:106] [c10d] sendBytes failed on SocketImpl(fd=100, addr=[localhost]:49296, remote=[sgl-b300-inference.datacrunch.io]:33691): Broken pipe
Exception raised from sendBytes at /__w/pytorch/pytorch/torch/csrc/distributed/c10d/Utils.hpp:758 (most recent call first):
frame #0: c10::Error::Error(c10::SourceLocation, std::__cxx11::basic_string<char, std::char_traits<char>, std::allocator<char> >) + 0x9d (0x75604f96933d in /home/devuser/conda/envs/py312/lib/python3.12/site-packages/torch/lib/libc10.so)
frame #1: <unknown function> + 0x6811231 (0x755fadf5b231 in /home/devuser/conda/envs/py312/lib/python3.12/site-packages/torch/lib/libtorch_cpu.so)
frame #2: <unknown function> + 0x68123e1 (0x755fadf5c3e1 in /home/devuser/conda/envs/py312/lib/python3.12/site-packages/torch/lib/libtorch_cpu.so)
frame #3: <unknown function> + 0x681258d (0x755fadf5c58d in /home/devuser/conda/envs/py312/lib/python3.12/site-packages/torch/lib/libtorch_cpu.so)
frame #4: c10d::TCPStore::check(std::vector<std::__cxx11::basic_string<char, std::char_traits<char>, std::allocator<char> >, std::allocator<std::__cxx11::basic_string<char, std::char_traits<char>, std::allocator<char> > > > const&) + 0x35d (0x755fadf551dd in /home/devuser/conda/envs/py312/lib/python3.12/site-packages/torch/lib/libtorch_cpu.so)
frame #5: c10d::ProcessGroupNCCL::HeartbeatMonitor::runLoop() + 0x436 (0x755f89b8d0e6 in /home/devuser/conda/envs/py312/lib/python3.12/site-packages/torch/lib/libtorch_cuda.so)
frame #6: <unknown function> + 0xef5e4 (0x75604f4705e4 in /home/devuser/conda/envs/py312/bin/../lib/libstdc++.so.6)
frame #7: <unknown function> + 0x9caa4 (0x7560508c5aa4 in /lib/x86_64-linux-gnu/libc.so.6)
frame #8: __clone + 0x44 (0x756050952a64 in /lib/x86_64-linux-gnu/libc.so.6)

[rank3]:[W813 14:40:27.151517662 ProcessGroupNCCL.cpp:1900] [PG ID 0 PG GUID 0(default_pg) Rank 3] Failed to check the "should dump" flag on TCPStore, (maybe TCPStore server has shut down too early), with error: Broken pipe
[rank1]:[W813 14:40:27.206388155 TCPStore.cpp:106] [c10d] sendBytes failed on SocketImpl(fd=100, addr=[localhost]:49304, remote=[sgl-b300-inference.datacrunch.io]:33691): Broken pipe
Exception raised from sendBytes at /__w/pytorch/pytorch/torch/csrc/distributed/c10d/Utils.hpp:758 (most recent call first):
frame #0: c10::Error::Error(c10::SourceLocation, std::__cxx11::basic_string<char, std::char_traits<char>, std::allocator<char> >) + 0x9d (0x7d8dac76933d in /home/devuser/conda/envs/py312/lib/python3.12/site-packages/torch/lib/libc10.so)
frame #1: <unknown function> + 0x6811231 (0x7d8d0ad5b231 in /home/devuser/conda/envs/py312/lib/python3.12/site-packages/torch/lib/libtorch_cpu.so)
frame #2: <unknown function> + 0x68123e1 (0x7d8d0ad5c3e1 in /home/devuser/conda/envs/py312/lib/python3.12/site-packages/torch/lib/libtorch_cpu.so)
frame #3: <unknown function> + 0x681258d (0x7d8d0ad5c58d in /home/devuser/conda/envs/py312/lib/python3.12/site-packages/torch/lib/libtorch_cpu.so)
frame #4: c10d::TCPStore::check(std::vector<std::__cxx11::basic_string<char, std::char_traits<char>, std::allocator<char> >, std::allocator<std::__cxx11::basic_string<char, std::char_traits<char>, std::allocator<char> > > > const&) + 0x35d (0x7d8d0ad551dd in /home/devuser/conda/envs/py312/lib/python3.12/site-packages/torch/lib/libtorch_cpu.so)
frame #5: c10d::ProcessGroupNCCL::HeartbeatMonitor::runLoop() + 0x436 (0x7d8ce698d0e6 in /home/devuser/conda/envs/py312/lib/python3.12/site-packages/torch/lib/libtorch_cuda.so)
frame #6: <unknown function> + 0xef5e4 (0x7d8dac2705e4 in /home/devuser/conda/envs/py312/bin/../lib/libstdc++.so.6)
frame #7: <unknown function> + 0x9caa4 (0x7d8dad6c7aa4 in /lib/x86_64-linux-gnu/libc.so.6)
frame #8: __clone + 0x44 (0x7d8dad754a64 in /lib/x86_64-linux-gnu/libc.so.6)

[rank1]:[W813 14:40:27.208369235 ProcessGroupNCCL.cpp:1900] [PG ID 0 PG GUID 0(default_pg) Rank 1] Failed to check the "should dump" flag on TCPStore, (maybe TCPStore server has shut down too early), with error: Broken pipe
[rank0]:[W813 14:40:27.441381464 TCPStore.cpp:106] [c10d] sendBytes failed on SocketImpl(fd=100, addr=[localhost]:49270, remote=[sgl-b300-inference.datacrunch.io]:33691): Broken pipe
Exception raised from sendBytes at /__w/pytorch/pytorch/torch/csrc/distributed/c10d/Utils.hpp:758 (most recent call first):
frame #0: c10::Error::Error(c10::SourceLocation, std::__cxx11::basic_string<char, std::char_traits<char>, std::allocator<char> >) + 0x9d (0x76c6d456933d in /home/devuser/conda/envs/py312/lib/python3.12/site-packages/torch/lib/libc10.so)
frame #1: <unknown function> + 0x6811231 (0x76c66195b231 in /home/devuser/conda/envs/py312/lib/python3.12/site-packages/torch/lib/libtorch_cpu.so)
frame #2: <unknown function> + 0x68123e1 (0x76c66195c3e1 in /home/devuser/conda/envs/py312/lib/python3.12/site-packages/torch/lib/libtorch_cpu.so)
frame #3: <unknown function> + 0x681258d (0x76c66195c58d in /home/devuser/conda/envs/py312/lib/python3.12/site-packages/torch/lib/libtorch_cpu.so)
frame #4: c10d::TCPStore::check(std::vector<std::__cxx11::basic_string<char, std::char_traits<char>, std::allocator<char> >, std::allocator<std::__cxx11::basic_string<char, std::char_traits<char>, std::allocator<char> > > > const&) + 0x35d (0x76c6619551dd in /home/devuser/conda/envs/py312/lib/python3.12/site-packages/torch/lib/libtorch_cpu.so)
frame #5: c10d::ProcessGroupNCCL::HeartbeatMonitor::runLoop() + 0x436 (0x76c63d58d0e6 in /home/devuser/conda/envs/py312/lib/python3.12/site-packages/torch/lib/libtorch_cuda.so)
frame #6: <unknown function> + 0xef5e4 (0x76c702e705e4 in /home/devuser/conda/envs/py312/bin/../lib/libstdc++.so.6)
frame #7: <unknown function> + 0x9caa4 (0x76c70414faa4 in /lib/x86_64-linux-gnu/libc.so.6)
frame #8: __clone + 0x44 (0x76c7041dca64 in /lib/x86_64-linux-gnu/libc.so.6)

[rank0]:[W813 14:40:27.443723464 ProcessGroupNCCL.cpp:1900] [PG ID 0 PG GUID 0(default_pg) Rank 0] Failed to check the "should dump" flag on TCPStore, (maybe TCPStore server has shut down too early), with error: Broken pipe
[rank5]:[W813 14:40:28.647384892 TCPStore.cpp:106] [c10d] sendBytes failed on SocketImpl(fd=100, addr=[localhost]:49286, remote=[sgl-b300-inference.datacrunch.io]:33691): Broken pipe
Exception raised from sendBytes at /__w/pytorch/pytorch/torch/csrc/distributed/c10d/Utils.hpp:758 (most recent call first):
frame #0: c10::Error::Error(c10::SourceLocation, std::__cxx11::basic_string<char, std::char_traits<char>, std::allocator<char> >) + 0x9d (0x7dcf2856933d in /home/devuser/conda/envs/py312/lib/python3.12/site-packages/torch/lib/libc10.so)
frame #1: <unknown function> + 0x6811231 (0x7dce86b5b231 in /home/devuser/conda/envs/py312/lib/python3.12/site-packages/torch/lib/libtorch_cpu.so)
frame #2: <unknown function> + 0x68123e1 (0x7dce86b5c3e1 in /home/devuser/conda/envs/py312/lib/python3.12/site-packages/torch/lib/libtorch_cpu.so)
frame #3: <unknown function> + 0x681258d (0x7dce86b5c58d in /home/devuser/conda/envs/py312/lib/python3.12/site-packages/torch/lib/libtorch_cpu.so)
frame #4: c10d::TCPStore::check(std::vector<std::__cxx11::basic_string<char, std::char_traits<char>, std::allocator<char> >, std::allocator<std::__cxx11::basic_string<char, std::char_traits<char>, std::allocator<char> > > > const&) + 0x35d (0x7dce86b551dd in /home/devuser/conda/envs/py312/lib/python3.12/site-packages/torch/lib/libtorch_cpu.so)
frame #5: c10d::ProcessGroupNCCL::HeartbeatMonitor::runLoop() + 0x436 (0x7dce6278d0e6 in /home/devuser/conda/envs/py312/lib/python3.12/site-packages/torch/lib/libtorch_cuda.so)
frame #6: <unknown function> + 0xef5e4 (0x7dcf280705e4 in /home/devuser/conda/envs/py312/bin/../lib/libstdc++.so.6)
frame #7: <unknown function> + 0x9caa4 (0x7dcf29462aa4 in /lib/x86_64-linux-gnu/libc.so.6)
frame #8: __clone + 0x44 (0x7dcf294efa64 in /lib/x86_64-linux-gnu/libc.so.6)

[rank5]:[W813 14:40:28.649849297 ProcessGroupNCCL.cpp:1900] [PG ID 0 PG GUID 0(default_pg) Rank 5] Failed to check the "should dump" flag on TCPStore, (maybe TCPStore server has shut down too early), with error: Broken pipe
[rank6]:[W813 14:40:28.864414996 TCPStore.cpp:106] [c10d] sendBytes failed on SocketImpl(fd=100, addr=[localhost]:49280, remote=[sgl-b300-inference.datacrunch.io]:33691): Broken pipe
Exception raised from sendBytes at /__w/pytorch/pytorch/torch/csrc/distributed/c10d/Utils.hpp:758 (most recent call first):
frame #0: c10::Error::Error(c10::SourceLocation, std::__cxx11::basic_string<char, std::char_traits<char>, std::allocator<char> >) + 0x9d (0x79e54e76933d in /home/devuser/conda/envs/py312/lib/python3.12/site-packages/torch/lib/libc10.so)
frame #1: <unknown function> + 0x6811231 (0x79e4dbb5b231 in /home/devuser/conda/envs/py312/lib/python3.12/site-packages/torch/lib/libtorch_cpu.so)
frame #2: <unknown function> + 0x68123e1 (0x79e4dbb5c3e1 in /home/devuser/conda/envs/py312/lib/python3.12/site-packages/torch/lib/libtorch_cpu.so)
frame #3: <unknown function> + 0x681258d (0x79e4dbb5c58d in /home/devuser/conda/envs/py312/lib/python3.12/site-packages/torch/lib/libtorch_cpu.so)
frame #4: c10d::TCPStore::check(std::vector<std::__cxx11::basic_string<char, std::char_traits<char>, std::allocator<char> >, std::allocator<std::__cxx11::basic_string<char, std::char_traits<char>, std::allocator<char> > > > const&) + 0x35d (0x79e4dbb551dd in /home/devuser/conda/envs/py312/lib/python3.12/site-packages/torch/lib/libtorch_cpu.so)
frame #5: c10d::ProcessGroupNCCL::HeartbeatMonitor::runLoop() + 0x436 (0x79e4b778d0e6 in /home/devuser/conda/envs/py312/lib/python3.12/site-packages/torch/lib/libtorch_cuda.so)
frame #6: <unknown function> + 0xef5e4 (0x79e57d0705e4 in /home/devuser/conda/envs/py312/bin/../lib/libstdc++.so.6)
frame #7: <unknown function> + 0x9caa4 (0x79e57e3cdaa4 in /lib/x86_64-linux-gnu/libc.so.6)
frame #8: __clone + 0x44 (0x79e57e45aa64 in /lib/x86_64-linux-gnu/libc.so.6)

[rank6]:[W813 14:40:28.866847933 ProcessGroupNCCL.cpp:1900] [PG ID 0 PG GUID 0(default_pg) Rank 6] Failed to check the "should dump" flag on TCPStore, (maybe TCPStore server has shut down too early), with error: Broken pipe
[rank2]:[W813 14:40:28.896939934 TCPStore.cpp:106] [c10d] sendBytes failed on SocketImpl(fd=100, addr=[localhost]:49326, remote=[sgl-b300-inference.datacrunch.io]:33691): Broken pipe
Exception raised from sendBytes at /__w/pytorch/pytorch/torch/csrc/distributed/c10d/Utils.hpp:758 (most recent call first):
frame #0: c10::Error::Error(c10::SourceLocation, std::__cxx11::basic_string<char, std::char_traits<char>, std::allocator<char> >) + 0x9d (0x7dc559d6933d in /home/devuser/conda/envs/py312/lib/python3.12/site-packages/torch/lib/libc10.so)
frame #1: <unknown function> + 0x6811231 (0x7dc4b835b231 in /home/devuser/conda/envs/py312/lib/python3.12/site-packages/torch/lib/libtorch_cpu.so)
frame #2: <unknown function> + 0x68123e1 (0x7dc4b835c3e1 in /home/devuser/conda/envs/py312/lib/python3.12/site-packages/torch/lib/libtorch_cpu.so)
frame #3: <unknown function> + 0x681258d (0x7dc4b835c58d in /home/devuser/conda/envs/py312/lib/python3.12/site-packages/torch/lib/libtorch_cpu.so)
frame #4: c10d::TCPStore::check(std::vector<std::__cxx11::basic_string<char, std::char_traits<char>, std::allocator<char> >, std::allocator<std::__cxx11::basic_string<char, std::char_traits<char>, std::allocator<char> > > > const&) + 0x35d (0x7dc4b83551dd in /home/devuser/conda/envs/py312/lib/python3.12/site-packages/torch/lib/libtorch_cpu.so)
frame #5: c10d::ProcessGroupNCCL::HeartbeatMonitor::runLoop() + 0x436 (0x7dc493f8d0e6 in /home/devuser/conda/envs/py312/lib/python3.12/site-packages/torch/lib/libtorch_cuda.so)
frame #6: <unknown function> + 0xef5e4 (0x7dc5598705e4 in /home/devuser/conda/envs/py312/bin/../lib/libstdc++.so.6)
frame #7: <unknown function> + 0x9caa4 (0x7dc55ac7aaa4 in /lib/x86_64-linux-gnu/libc.so.6)
frame #8: __clone + 0x44 (0x7dc55ad07a64 in /lib/x86_64-linux-gnu/libc.so.6)

[rank2]:[W813 14:40:28.899433389 ProcessGroupNCCL.cpp:1900] [PG ID 0 PG GUID 0(default_pg) Rank 2] Failed to check the "should dump" flag on TCPStore, (maybe TCPStore server has shut down too early), with error: Broken pipe
[rank4]:[W813 14:40:28.940873857 TCPStore.cpp:106] [c10d] sendBytes failed on SocketImpl(fd=100, addr=[localhost]:49282, remote=[sgl-b300-inference.datacrunch.io]:33691): Broken pipe
Exception raised from sendBytes at /__w/pytorch/pytorch/torch/csrc/distributed/c10d/Utils.hpp:758 (most recent call first):
frame #0: c10::Error::Error(c10::SourceLocation, std::__cxx11::basic_string<char, std::char_traits<char>, std::allocator<char> >) + 0x9d (0x75c75ab6933d in /home/devuser/conda/envs/py312/lib/python3.12/site-packages/torch/lib/libc10.so)
frame #1: <unknown function> + 0x6811231 (0x75c6b915b231 in /home/devuser/conda/envs/py312/lib/python3.12/site-packages/torch/lib/libtorch_cpu.so)
frame #2: <unknown function> + 0x68123e1 (0x75c6b915c3e1 in /home/devuser/conda/envs/py312/lib/python3.12/site-packages/torch/lib/libtorch_cpu.so)
frame #3: <unknown function> + 0x681258d (0x75c6b915c58d in /home/devuser/conda/envs/py312/lib/python3.12/site-packages/torch/lib/libtorch_cpu.so)
frame #4: c10d::TCPStore::check(std::vector<std::__cxx11::basic_string<char, std::char_traits<char>, std::allocator<char> >, std::allocator<std::__cxx11::basic_string<char, std::char_traits<char>, std::allocator<char> > > > const&) + 0x35d (0x75c6b91551dd in /home/devuser/conda/envs/py312/lib/python3.12/site-packages/torch/lib/libtorch_cpu.so)
frame #5: c10d::ProcessGroupNCCL::HeartbeatMonitor::runLoop() + 0x436 (0x75c694d8d0e6 in /home/devuser/conda/envs/py312/lib/python3.12/site-packages/torch/lib/libtorch_cuda.so)
frame #6: <unknown function> + 0xef5e4 (0x75c75a6705e4 in /home/devuser/conda/envs/py312/bin/../lib/libstdc++.so.6)
frame #7: <unknown function> + 0x9caa4 (0x75c75ba7caa4 in /lib/x86_64-linux-gnu/libc.so.6)
frame #8: __clone + 0x44 (0x75c75bb09a64 in /lib/x86_64-linux-gnu/libc.so.6)

[rank4]:[W813 14:40:28.942848837 ProcessGroupNCCL.cpp:1900] [PG ID 0 PG GUID 0(default_pg) Rank 4] Failed to check the "should dump" flag on TCPStore, (maybe TCPStore server has shut down too early), with error: Broken pipe
[rank7]:[W813 14:40:28.998786198 TCPStore.cpp:106] [c10d] sendBytes failed on SocketImpl(fd=100, addr=[localhost]:49310, remote=[sgl-b300-inference.datacrunch.io]:33691): Broken pipe
Exception raised from sendBytes at /__w/pytorch/pytorch/torch/csrc/distributed/c10d/Utils.hpp:758 (most recent call first):
frame #0: c10::Error::Error(c10::SourceLocation, std::__cxx11::basic_string<char, std::char_traits<char>, std::allocator<char> >) + 0x9d (0x78f0b036933d in /home/devuser/conda/envs/py312/lib/python3.12/site-packages/torch/lib/libc10.so)
frame #1: <unknown function> + 0x6811231 (0x78f00e95b231 in /home/devuser/conda/envs/py312/lib/python3.12/site-packages/torch/lib/libtorch_cpu.so)
frame #2: <unknown function> + 0x68123e1 (0x78f00e95c3e1 in /home/devuser/conda/envs/py312/lib/python3.12/site-packages/torch/lib/libtorch_cpu.so)
frame #3: <unknown function> + 0x681258d (0x78f00e95c58d in /home/devuser/conda/envs/py312/lib/python3.12/site-packages/torch/lib/libtorch_cpu.so)
frame #4: c10d::TCPStore::check(std::vector<std::__cxx11::basic_string<char, std::char_traits<char>, std::allocator<char> >, std::allocator<std::__cxx11::basic_string<char, std::char_traits<char>, std::allocator<char> > > > const&) + 0x35d (0x78f00e9551dd in /home/devuser/conda/envs/py312/lib/python3.12/site-packages/torch/lib/libtorch_cpu.so)
frame #5: c10d::ProcessGroupNCCL::HeartbeatMonitor::runLoop() + 0x436 (0x78efea58d0e6 in /home/devuser/conda/envs/py312/lib/python3.12/site-packages/torch/lib/libtorch_cuda.so)
frame #6: <unknown function> + 0xef5e4 (0x78f0afe705e4 in /home/devuser/conda/envs/py312/bin/../lib/libstdc++.so.6)
frame #7: <unknown function> + 0x9caa4 (0x78f0b12b7aa4 in /lib/x86_64-linux-gnu/libc.so.6)
frame #8: __clone + 0x44 (0x78f0b1344a64 in /lib/x86_64-linux-gnu/libc.so.6)

[rank7]:[W813 14:40:28.001330161 ProcessGroupNCCL.cpp:1900] [PG ID 0 PG GUID 0(default_pg) Rank 7] Failed to check the "should dump" flag on TCPStore, (maybe TCPStore server has shut down too early), with error: Broken pipe
[rank3]:[W813 14:40:28.151607001 TCPStore.cpp:106] [c10d] sendBytes failed on SocketImpl(fd=100, addr=[localhost]:49296, remote=[sgl-b300-inference.datacrunch.io]:33691): Broken pipe
Exception raised from sendBytes at /__w/pytorch/pytorch/torch/csrc/distributed/c10d/Utils.hpp:758 (most recent call first):
frame #0: c10::Error::Error(c10::SourceLocation, std::__cxx11::basic_string<char, std::char_traits<char>, std::allocator<char> >) + 0x9d (0x75604f96933d in /home/devuser/conda/envs/py312/lib/python3.12/site-packages/torch/lib/libc10.so)
frame #1: <unknown function> + 0x6811231 (0x755fadf5b231 in /home/devuser/conda/envs/py312/lib/python3.12/site-packages/torch/lib/libtorch_cpu.so)
frame #2: <unknown function> + 0x68123e1 (0x755fadf5c3e1 in /home/devuser/conda/envs/py312/lib/python3.12/site-packages/torch/lib/libtorch_cpu.so)
frame #3: <unknown function> + 0x681258d (0x755fadf5c58d in /home/devuser/conda/envs/py312/lib/python3.12/site-packages/torch/lib/libtorch_cpu.so)
frame #4: c10d::TCPStore::check(std::vector<std::__cxx11::basic_string<char, std::char_traits<char>, std::allocator<char> >, std::allocator<std::__cxx11::basic_string<char, std::char_traits<char>, std::allocator<char> > > > const&) + 0x35d (0x755fadf551dd in /home/devuser/conda/envs/py312/lib/python3.12/site-packages/torch/lib/libtorch_cpu.so)
frame #5: c10d::ProcessGroupNCCL::HeartbeatMonitor::runLoop() + 0x436 (0x755f89b8d0e6 in /home/devuser/conda/envs/py312/lib/python3.12/site-packages/torch/lib/libtorch_cuda.so)
frame #6: <unknown function> + 0xef5e4 (0x75604f4705e4 in /home/devuser/conda/envs/py312/bin/../lib/libstdc++.so.6)
frame #7: <unknown function> + 0x9caa4 (0x7560508c5aa4 in /lib/x86_64-linux-gnu/libc.so.6)
frame #8: __clone + 0x44 (0x756050952a64 in /lib/x86_64-linux-gnu/libc.so.6)

[rank3]:[W813 14:40:28.154300139 ProcessGroupNCCL.cpp:1900] [PG ID 0 PG GUID 0(default_pg) Rank 3] Failed to check the "should dump" flag on TCPStore, (maybe TCPStore server has shut down too early), with error: Broken pipe
[rank1]:[W813 14:40:28.208536881 TCPStore.cpp:106] [c10d] sendBytes failed on SocketImpl(fd=100, addr=[localhost]:49304, remote=[sgl-b300-inference.datacrunch.io]:33691): Broken pipe
Exception raised from sendBytes at /__w/pytorch/pytorch/torch/csrc/distributed/c10d/Utils.hpp:758 (most recent call first):
frame #0: c10::Error::Error(c10::SourceLocation, std::__cxx11::basic_string<char, std::char_traits<char>, std::allocator<char> >) + 0x9d (0x7d8dac76933d in /home/devuser/conda/envs/py312/lib/python3.12/site-packages/torch/lib/libc10.so)
frame #1: <unknown function> + 0x6811231 (0x7d8d0ad5b231 in /home/devuser/conda/envs/py312/lib/python3.12/site-packages/torch/lib/libtorch_cpu.so)
frame #2: <unknown function> + 0x68123e1 (0x7d8d0ad5c3e1 in /home/devuser/conda/envs/py312/lib/python3.12/site-packages/torch/lib/libtorch_cpu.so)
frame #3: <unknown function> + 0x681258d (0x7d8d0ad5c58d in /home/devuser/conda/envs/py312/lib/python3.12/site-packages/torch/lib/libtorch_cpu.so)
frame #4: c10d::TCPStore::check(std::vector<std::__cxx11::basic_string<char, std::char_traits<char>, std::allocator<char> >, std::allocator<std::__cxx11::basic_string<char, std::char_traits<char>, std::allocator<char> > > > const&) + 0x35d (0x7d8d0ad551dd in /home/devuser/conda/envs/py312/lib/python3.12/site-packages/torch/lib/libtorch_cpu.so)
frame #5: c10d::ProcessGroupNCCL::HeartbeatMonitor::runLoop() + 0x436 (0x7d8ce698d0e6 in /home/devuser/conda/envs/py312/lib/python3.12/site-packages/torch/lib/libtorch_cuda.so)
frame #6: <unknown function> + 0xef5e4 (0x7d8dac2705e4 in /home/devuser/conda/envs/py312/bin/../lib/libstdc++.so.6)
frame #7: <unknown function> + 0x9caa4 (0x7d8dad6c7aa4 in /lib/x86_64-linux-gnu/libc.so.6)
frame #8: __clone + 0x44 (0x7d8dad754a64 in /lib/x86_64-linux-gnu/libc.so.6)

[rank1]:[W813 14:40:28.210563551 ProcessGroupNCCL.cpp:1900] [PG ID 0 PG GUID 0(default_pg) Rank 1] Failed to check the "should dump" flag on TCPStore, (maybe TCPStore server has shut down too early), with error: Broken pipe
[rank0]:[W813 14:40:28.443864093 TCPStore.cpp:106] [c10d] sendBytes failed on SocketImpl(fd=100, addr=[localhost]:49270, remote=[sgl-b300-inference.datacrunch.io]:33691): Broken pipe
Exception raised from sendBytes at /__w/pytorch/pytorch/torch/csrc/distributed/c10d/Utils.hpp:758 (most recent call first):
frame #0: c10::Error::Error(c10::SourceLocation, std::__cxx11::basic_string<char, std::char_traits<char>, std::allocator<char> >) + 0x9d (0x76c6d456933d in /home/devuser/conda/envs/py312/lib/python3.12/site-packages/torch/lib/libc10.so)
frame #1: <unknown function> + 0x6811231 (0x76c66195b231 in /home/devuser/conda/envs/py312/lib/python3.12/site-packages/torch/lib/libtorch_cpu.so)
frame #2: <unknown function> + 0x68123e1 (0x76c66195c3e1 in /home/devuser/conda/envs/py312/lib/python3.12/site-packages/torch/lib/libtorch_cpu.so)
frame #3: <unknown function> + 0x681258d (0x76c66195c58d in /home/devuser/conda/envs/py312/lib/python3.12/site-packages/torch/lib/libtorch_cpu.so)
frame #4: c10d::TCPStore::check(std::vector<std::__cxx11::basic_string<char, std::char_traits<char>, std::allocator<char> >, std::allocator<std::__cxx11::basic_string<char, std::char_traits<char>, std::allocator<char> > > > const&) + 0x35d (0x76c6619551dd in /home/devuser/conda/envs/py312/lib/python3.12/site-packages/torch/lib/libtorch_cpu.so)
frame #5: c10d::ProcessGroupNCCL::HeartbeatMonitor::runLoop() + 0x436 (0x76c63d58d0e6 in /home/devuser/conda/envs/py312/lib/python3.12/site-packages/torch/lib/libtorch_cuda.so)
frame #6: <unknown function> + 0xef5e4 (0x76c702e705e4 in /home/devuser/conda/envs/py312/bin/../lib/libstdc++.so.6)
frame #7: <unknown function> + 0x9caa4 (0x76c70414faa4 in /lib/x86_64-linux-gnu/libc.so.6)
frame #8: __clone + 0x44 (0x76c7041dca64 in /lib/x86_64-linux-gnu/libc.so.6)

[rank0]:[W813 14:40:28.446064647 ProcessGroupNCCL.cpp:1900] [PG ID 0 PG GUID 0(default_pg) Rank 0] Failed to check the "should dump" flag on TCPStore, (maybe TCPStore server has shut down too early), with error: Broken pipe
[rank5]:[W813 14:40:29.649933610 TCPStore.cpp:106] [c10d] sendBytes failed on SocketImpl(fd=100, addr=[localhost]:49286, remote=[sgl-b300-inference.datacrunch.io]:33691): Broken pipe
Exception raised from sendBytes at /__w/pytorch/pytorch/torch/csrc/distributed/c10d/Utils.hpp:758 (most recent call first):
frame #0: c10::Error::Error(c10::SourceLocation, std::__cxx11::basic_string<char, std::char_traits<char>, std::allocator<char> >) + 0x9d (0x7dcf2856933d in /home/devuser/conda/envs/py312/lib/python3.12/site-packages/torch/lib/libc10.so)
frame #1: <unknown function> + 0x6811231 (0x7dce86b5b231 in /home/devuser/conda/envs/py312/lib/python3.12/site-packages/torch/lib/libtorch_cpu.so)
frame #2: <unknown function> + 0x68123e1 (0x7dce86b5c3e1 in /home/devuser/conda/envs/py312/lib/python3.12/site-packages/torch/lib/libtorch_cpu.so)
frame #3: <unknown function> + 0x681258d (0x7dce86b5c58d in /home/devuser/conda/envs/py312/lib/python3.12/site-packages/torch/lib/libtorch_cpu.so)
frame #4: c10d::TCPStore::check(std::vector<std::__cxx11::basic_string<char, std::char_traits<char>, std::allocator<char> >, std::allocator<std::__cxx11::basic_string<char, std::char_traits<char>, std::allocator<char> > > > const&) + 0x35d (0x7dce86b551dd in /home/devuser/conda/envs/py312/lib/python3.12/site-packages/torch/lib/libtorch_cpu.so)
frame #5: c10d::ProcessGroupNCCL::HeartbeatMonitor::runLoop() + 0x436 (0x7dce6278d0e6 in /home/devuser/conda/envs/py312/lib/python3.12/site-packages/torch/lib/libtorch_cuda.so)
frame #6: <unknown function> + 0xef5e4 (0x7dcf280705e4 in /home/devuser/conda/envs/py312/bin/../lib/libstdc++.so.6)
frame #7: <unknown function> + 0x9caa4 (0x7dcf29462aa4 in /lib/x86_64-linux-gnu/libc.so.6)
frame #8: __clone + 0x44 (0x7dcf294efa64 in /lib/x86_64-linux-gnu/libc.so.6)

[rank5]:[W813 14:40:29.652404476 ProcessGroupNCCL.cpp:1900] [PG ID 0 PG GUID 0(default_pg) Rank 5] Failed to check the "should dump" flag on TCPStore, (maybe TCPStore server has shut down too early), with error: Broken pipe
[rank6]:[W813 14:40:29.866942088 TCPStore.cpp:106] [c10d] sendBytes failed on SocketImpl(fd=100, addr=[localhost]:49280, remote=[sgl-b300-inference.datacrunch.io]:33691): Broken pipe
Exception raised from sendBytes at /__w/pytorch/pytorch/torch/csrc/distributed/c10d/Utils.hpp:758 (most recent call first):
frame #0: c10::Error::Error(c10::SourceLocation, std::__cxx11::basic_string<char, std::char_traits<char>, std::allocator<char> >) + 0x9d (0x79e54e76933d in /home/devuser/conda/envs/py312/lib/python3.12/site-packages/torch/lib/libc10.so)
frame #1: <unknown function> + 0x6811231 (0x79e4dbb5b231 in /home/devuser/conda/envs/py312/lib/python3.12/site-packages/torch/lib/libtorch_cpu.so)
frame #2: <unknown function> + 0x68123e1 (0x79e4dbb5c3e1 in /home/devuser/conda/envs/py312/lib/python3.12/site-packages/torch/lib/libtorch_cpu.so)
frame #3: <unknown function> + 0x681258d (0x79e4dbb5c58d in /home/devuser/conda/envs/py312/lib/python3.12/site-packages/torch/lib/libtorch_cpu.so)
frame #4: c10d::TCPStore::check(std::vector<std::__cxx11::basic_string<char, std::char_traits<char>, std::allocator<char> >, std::allocator<std::__cxx11::basic_string<char, std::char_traits<char>, std::allocator<char> > > > const&) + 0x35d (0x79e4dbb551dd in /home/devuser/conda/envs/py312/lib/python3.12/site-packages/torch/lib/libtorch_cpu.so)
frame #5: c10d::ProcessGroupNCCL::HeartbeatMonitor::runLoop() + 0x436 (0x79e4b778d0e6 in /home/devuser/conda/envs/py312/lib/python3.12/site-packages/torch/lib/libtorch_cuda.so)
frame #6: <unknown function> + 0xef5e4 (0x79e57d0705e4 in /home/devuser/conda/envs/py312/bin/../lib/libstdc++.so.6)
frame #7: <unknown function> + 0x9caa4 (0x79e57e3cdaa4 in /lib/x86_64-linux-gnu/libc.so.6)
frame #8: __clone + 0x44 (0x79e57e45aa64 in /lib/x86_64-linux-gnu/libc.so.6)

[rank6]:[W813 14:40:29.869520860 ProcessGroupNCCL.cpp:1900] [PG ID 0 PG GUID 0(default_pg) Rank 6] Failed to check the "should dump" flag on TCPStore, (maybe TCPStore server has shut down too early), with error: Broken pipe
[rank2]:[W813 14:40:29.899611442 TCPStore.cpp:106] [c10d] sendBytes failed on SocketImpl(fd=100, addr=[localhost]:49326, remote=[sgl-b300-inference.datacrunch.io]:33691): Broken pipe
Exception raised from sendBytes at /__w/pytorch/pytorch/torch/csrc/distributed/c10d/Utils.hpp:758 (most recent call first):
frame #0: c10::Error::Error(c10::SourceLocation, std::__cxx11::basic_string<char, std::char_traits<char>, std::allocator<char> >) + 0x9d (0x7dc559d6933d in /home/devuser/conda/envs/py312/lib/python3.12/site-packages/torch/lib/libc10.so)
frame #1: <unknown function> + 0x6811231 (0x7dc4b835b231 in /home/devuser/conda/envs/py312/lib/python3.12/site-packages/torch/lib/libtorch_cpu.so)
frame #2: <unknown function> + 0x68123e1 (0x7dc4b835c3e1 in /home/devuser/conda/envs/py312/lib/python3.12/site-packages/torch/lib/libtorch_cpu.so)
frame #3: <unknown function> + 0x681258d (0x7dc4b835c58d in /home/devuser/conda/envs/py312/lib/python3.12/site-packages/torch/lib/libtorch_cpu.so)
frame #4: c10d::TCPStore::check(std::vector<std::__cxx11::basic_string<char, std::char_traits<char>, std::allocator<char> >, std::allocator<std::__cxx11::basic_string<char, std::char_traits<char>, std::allocator<char> > > > const&) + 0x35d (0x7dc4b83551dd in /home/devuser/conda/envs/py312/lib/python3.12/site-packages/torch/lib/libtorch_cpu.so)
frame #5: c10d::ProcessGroupNCCL::HeartbeatMonitor::runLoop() + 0x436 (0x7dc493f8d0e6 in /home/devuser/conda/envs/py312/lib/python3.12/site-packages/torch/lib/libtorch_cuda.so)
frame #6: <unknown function> + 0xef5e4 (0x7dc5598705e4 in /home/devuser/conda/envs/py312/bin/../lib/libstdc++.so.6)
frame #7: <unknown function> + 0x9caa4 (0x7dc55ac7aaa4 in /lib/x86_64-linux-gnu/libc.so.6)
frame #8: __clone + 0x44 (0x7dc55ad07a64 in /lib/x86_64-linux-gnu/libc.so.6)

[rank2]:[W813 14:40:29.902149065 ProcessGroupNCCL.cpp:1900] [PG ID 0 PG GUID 0(default_pg) Rank 2] Failed to check the "should dump" flag on TCPStore, (maybe TCPStore server has shut down too early), with error: Broken pipe
[rank4]:[W813 14:40:29.942977181 TCPStore.cpp:106] [c10d] sendBytes failed on SocketImpl(fd=100, addr=[localhost]:49282, remote=[sgl-b300-inference.datacrunch.io]:33691): Broken pipe
Exception raised from sendBytes at /__w/pytorch/pytorch/torch/csrc/distributed/c10d/Utils.hpp:758 (most recent call first):
frame #0: c10::Error::Error(c10::SourceLocation, std::__cxx11::basic_string<char, std::char_traits<char>, std::allocator<char> >) + 0x9d (0x75c75ab6933d in /home/devuser/conda/envs/py312/lib/python3.12/site-packages/torch/lib/libc10.so)
frame #1: <unknown function> + 0x6811231 (0x75c6b915b231 in /home/devuser/conda/envs/py312/lib/python3.12/site-packages/torch/lib/libtorch_cpu.so)
frame #2: <unknown function> + 0x68123e1 (0x75c6b915c3e1 in /home/devuser/conda/envs/py312/lib/python3.12/site-packages/torch/lib/libtorch_cpu.so)
frame #3: <unknown function> + 0x681258d (0x75c6b915c58d in /home/devuser/conda/envs/py312/lib/python3.12/site-packages/torch/lib/libtorch_cpu.so)
frame #4: c10d::TCPStore::check(std::vector<std::__cxx11::basic_string<char, std::char_traits<char>, std::allocator<char> >, std::allocator<std::__cxx11::basic_string<char, std::char_traits<char>, std::allocator<char> > > > const&) + 0x35d (0x75c6b91551dd in /home/devuser/conda/envs/py312/lib/python3.12/site-packages/torch/lib/libtorch_cpu.so)
frame #5: c10d::ProcessGroupNCCL::HeartbeatMonitor::runLoop() + 0x436 (0x75c694d8d0e6 in /home/devuser/conda/envs/py312/lib/python3.12/site-packages/torch/lib/libtorch_cuda.so)
frame #6: <unknown function> + 0xef5e4 (0x75c75a6705e4 in /home/devuser/conda/envs/py312/bin/../lib/libstdc++.so.6)
frame #7: <unknown function> + 0x9caa4 (0x75c75ba7caa4 in /lib/x86_64-linux-gnu/libc.so.6)
frame #8: __clone + 0x44 (0x75c75bb09a64 in /lib/x86_64-linux-gnu/libc.so.6)

[rank4]:[W813 14:40:29.944926963 ProcessGroupNCCL.cpp:1900] [PG ID 0 PG GUID 0(default_pg) Rank 4] Failed to check the "should dump" flag on TCPStore, (maybe TCPStore server has shut down too early), with error: Broken pipe
[rank7]:[W813 14:40:29.001432496 TCPStore.cpp:106] [c10d] sendBytes failed on SocketImpl(fd=100, addr=[localhost]:49310, remote=[sgl-b300-inference.datacrunch.io]:33691): Broken pipe
Exception raised from sendBytes at /__w/pytorch/pytorch/torch/csrc/distributed/c10d/Utils.hpp:758 (most recent call first):
frame #0: c10::Error::Error(c10::SourceLocation, std::__cxx11::basic_string<char, std::char_traits<char>, std::allocator<char> >) + 0x9d (0x78f0b036933d in /home/devuser/conda/envs/py312/lib/python3.12/site-packages/torch/lib/libc10.so)
frame #1: <unknown function> + 0x6811231 (0x78f00e95b231 in /home/devuser/conda/envs/py312/lib/python3.12/site-packages/torch/lib/libtorch_cpu.so)
frame #2: <unknown function> + 0x68123e1 (0x78f00e95c3e1 in /home/devuser/conda/envs/py312/lib/python3.12/site-packages/torch/lib/libtorch_cpu.so)
frame #3: <unknown function> + 0x681258d (0x78f00e95c58d in /home/devuser/conda/envs/py312/lib/python3.12/site-packages/torch/lib/libtorch_cpu.so)
frame #4: c10d::TCPStore::check(std::vector<std::__cxx11::basic_string<char, std::char_traits<char>, std::allocator<char> >, std::allocator<std::__cxx11::basic_string<char, std::char_traits<char>, std::allocator<char> > > > const&) + 0x35d (0x78f00e9551dd in /home/devuser/conda/envs/py312/lib/python3.12/site-packages/torch/lib/libtorch_cpu.so)
frame #5: c10d::ProcessGroupNCCL::HeartbeatMonitor::runLoop() + 0x436 (0x78efea58d0e6 in /home/devuser/conda/envs/py312/lib/python3.12/site-packages/torch/lib/libtorch_cuda.so)
frame #6: <unknown function> + 0xef5e4 (0x78f0afe705e4 in /home/devuser/conda/envs/py312/bin/../lib/libstdc++.so.6)
frame #7: <unknown function> + 0x9caa4 (0x78f0b12b7aa4 in /lib/x86_64-linux-gnu/libc.so.6)
frame #8: __clone + 0x44 (0x78f0b1344a64 in /lib/x86_64-linux-gnu/libc.so.6)

[rank7]:[W813 14:40:29.003892462 ProcessGroupNCCL.cpp:1900] [PG ID 0 PG GUID 0(default_pg) Rank 7] Failed to check the "should dump" flag on TCPStore, (maybe TCPStore server has shut down too early), with error: Broken pipe
[rank3]:[W813 14:40:29.154382578 TCPStore.cpp:106] [c10d] sendBytes failed on SocketImpl(fd=100, addr=[localhost]:49296, remote=[sgl-b300-inference.datacrunch.io]:33691): Broken pipe
Exception raised from sendBytes at /__w/pytorch/pytorch/torch/csrc/distributed/c10d/Utils.hpp:758 (most recent call first):
frame #0: c10::Error::Error(c10::SourceLocation, std::__cxx11::basic_string<char, std::char_traits<char>, std::allocator<char> >) + 0x9d (0x75604f96933d in /home/devuser/conda/envs/py312/lib/python3.12/site-packages/torch/lib/libc10.so)
frame #1: <unknown function> + 0x6811231 (0x755fadf5b231 in /home/devuser/conda/envs/py312/lib/python3.12/site-packages/torch/lib/libtorch_cpu.so)
frame #2: <unknown function> + 0x68123e1 (0x755fadf5c3e1 in /home/devuser/conda/envs/py312/lib/python3.12/site-packages/torch/lib/libtorch_cpu.so)
frame #3: <unknown function> + 0x681258d (0x755fadf5c58d in /home/devuser/conda/envs/py312/lib/python3.12/site-packages/torch/lib/libtorch_cpu.so)
frame #4: c10d::TCPStore::check(std::vector<std::__cxx11::basic_string<char, std::char_traits<char>, std::allocator<char> >, std::allocator<std::__cxx11::basic_string<char, std::char_traits<char>, std::allocator<char> > > > const&) + 0x35d (0x755fadf551dd in /home/devuser/conda/envs/py312/lib/python3.12/site-packages/torch/lib/libtorch_cpu.so)
frame #5: c10d::ProcessGroupNCCL::HeartbeatMonitor::runLoop() + 0x436 (0x755f89b8d0e6 in /home/devuser/conda/envs/py312/lib/python3.12/site-packages/torch/lib/libtorch_cuda.so)
frame #6: <unknown function> + 0xef5e4 (0x75604f4705e4 in /home/devuser/conda/envs/py312/bin/../lib/libstdc++.so.6)
frame #7: <unknown function> + 0x9caa4 (0x7560508c5aa4 in /lib/x86_64-linux-gnu/libc.so.6)
frame #8: __clone + 0x44 (0x756050952a64 in /lib/x86_64-linux-gnu/libc.so.6)

[rank3]:[W813 14:40:29.157540314 ProcessGroupNCCL.cpp:1900] [PG ID 0 PG GUID 0(default_pg) Rank 3] Failed to check the "should dump" flag on TCPStore, (maybe TCPStore server has shut down too early), with error: Broken pipe
[rank1]:[W813 14:40:29.210676418 TCPStore.cpp:106] [c10d] sendBytes failed on SocketImpl(fd=100, addr=[localhost]:49304, remote=[sgl-b300-inference.datacrunch.io]:33691): Broken pipe
Exception raised from sendBytes at /__w/pytorch/pytorch/torch/csrc/distributed/c10d/Utils.hpp:758 (most recent call first):
frame #0: c10::Error::Error(c10::SourceLocation, std::__cxx11::basic_string<char, std::char_traits<char>, std::allocator<char> >) + 0x9d (0x7d8dac76933d in /home/devuser/conda/envs/py312/lib/python3.12/site-packages/torch/lib/libc10.so)
frame #1: <unknown function> + 0x6811231 (0x7d8d0ad5b231 in /home/devuser/conda/envs/py312/lib/python3.12/site-packages/torch/lib/libtorch_cpu.so)
frame #2: <unknown function> + 0x68123e1 (0x7d8d0ad5c3e1 in /home/devuser/conda/envs/py312/lib/python3.12/site-packages/torch/lib/libtorch_cpu.so)
frame #3: <unknown function> + 0x681258d (0x7d8d0ad5c58d in /home/devuser/conda/envs/py312/lib/python3.12/site-packages/torch/lib/libtorch_cpu.so)
frame #4: c10d::TCPStore::check(std::vector<std::__cxx11::basic_string<char, std::char_traits<char>, std::allocator<char> >, std::allocator<std::__cxx11::basic_string<char, std::char_traits<char>, std::allocator<char> > > > const&) + 0x35d (0x7d8d0ad551dd in /home/devuser/conda/envs/py312/lib/python3.12/site-packages/torch/lib/libtorch_cpu.so)
frame #5: c10d::ProcessGroupNCCL::HeartbeatMonitor::runLoop() + 0x436 (0x7d8ce698d0e6 in /home/devuser/conda/envs/py312/lib/python3.12/site-packages/torch/lib/libtorch_cuda.so)
frame #6: <unknown function> + 0xef5e4 (0x7d8dac2705e4 in /home/devuser/conda/envs/py312/bin/../lib/libstdc++.so.6)
frame #7: <unknown function> + 0x9caa4 (0x7d8dad6c7aa4 in /lib/x86_64-linux-gnu/libc.so.6)
frame #8: __clone + 0x44 (0x7d8dad754a64 in /lib/x86_64-linux-gnu/libc.so.6)

[rank1]:[W813 14:40:29.212706848 ProcessGroupNCCL.cpp:1900] [PG ID 0 PG GUID 0(default_pg) Rank 1] Failed to check the "should dump" flag on TCPStore, (maybe TCPStore server has shut down too early), with error: Broken pipe
[rank0]:[W813 14:40:29.446162338 TCPStore.cpp:106] [c10d] sendBytes failed on SocketImpl(fd=100, addr=[localhost]:49270, remote=[sgl-b300-inference.datacrunch.io]:33691): Broken pipe
Exception raised from sendBytes at /__w/pytorch/pytorch/torch/csrc/distributed/c10d/Utils.hpp:758 (most recent call first):
frame #0: c10::Error::Error(c10::SourceLocation, std::__cxx11::basic_string<char, std::char_traits<char>, std::allocator<char> >) + 0x9d (0x76c6d456933d in /home/devuser/conda/envs/py312/lib/python3.12/site-packages/torch/lib/libc10.so)
frame #1: <unknown function> + 0x6811231 (0x76c66195b231 in /home/devuser/conda/envs/py312/lib/python3.12/site-packages/torch/lib/libtorch_cpu.so)
frame #2: <unknown function> + 0x68123e1 (0x76c66195c3e1 in /home/devuser/conda/envs/py312/lib/python3.12/site-packages/torch/lib/libtorch_cpu.so)
frame #3: <unknown function> + 0x681258d (0x76c66195c58d in /home/devuser/conda/envs/py312/lib/python3.12/site-packages/torch/lib/libtorch_cpu.so)
frame #4: c10d::TCPStore::check(std::vector<std::__cxx11::basic_string<char, std::char_traits<char>, std::allocator<char> >, std::allocator<std::__cxx11::basic_string<char, std::char_traits<char>, std::allocator<char> > > > const&) + 0x35d (0x76c6619551dd in /home/devuser/conda/envs/py312/lib/python3.12/site-packages/torch/lib/libtorch_cpu.so)
frame #5: c10d::ProcessGroupNCCL::HeartbeatMonitor::runLoop() + 0x436 (0x76c63d58d0e6 in /home/devuser/conda/envs/py312/lib/python3.12/site-packages/torch/lib/libtorch_cuda.so)
frame #6: <unknown function> + 0xef5e4 (0x76c702e705e4 in /home/devuser/conda/envs/py312/bin/../lib/libstdc++.so.6)
frame #7: <unknown function> + 0x9caa4 (0x76c70414faa4 in /lib/x86_64-linux-gnu/libc.so.6)
frame #8: __clone + 0x44 (0x76c7041dca64 in /lib/x86_64-linux-gnu/libc.so.6)

[rank0]:[W813 14:40:29.448704210 ProcessGroupNCCL.cpp:1900] [PG ID 0 PG GUID 0(default_pg) Rank 0] Failed to check the "should dump" flag on TCPStore, (maybe TCPStore server has shut down too early), with error: Broken pipe
[rank5]:[W813 14:40:30.652482850 TCPStore.cpp:106] [c10d] sendBytes failed on SocketImpl(fd=100, addr=[localhost]:49286, remote=[sgl-b300-inference.datacrunch.io]:33691): Broken pipe
Exception raised from sendBytes at /__w/pytorch/pytorch/torch/csrc/distributed/c10d/Utils.hpp:758 (most recent call first):
frame #0: c10::Error::Error(c10::SourceLocation, std::__cxx11::basic_string<char, std::char_traits<char>, std::allocator<char> >) + 0x9d (0x7dcf2856933d in /home/devuser/conda/envs/py312/lib/python3.12/site-packages/torch/lib/libc10.so)
frame #1: <unknown function> + 0x6811231 (0x7dce86b5b231 in /home/devuser/conda/envs/py312/lib/python3.12/site-packages/torch/lib/libtorch_cpu.so)
frame #2: <unknown function> + 0x68123e1 (0x7dce86b5c3e1 in /home/devuser/conda/envs/py312/lib/python3.12/site-packages/torch/lib/libtorch_cpu.so)
frame #3: <unknown function> + 0x681258d (0x7dce86b5c58d in /home/devuser/conda/envs/py312/lib/python3.12/site-packages/torch/lib/libtorch_cpu.so)
frame #4: c10d::TCPStore::check(std::vector<std::__cxx11::basic_string<char, std::char_traits<char>, std::allocator<char> >, std::allocator<std::__cxx11::basic_string<char, std::char_traits<char>, std::allocator<char> > > > const&) + 0x35d (0x7dce86b551dd in /home/devuser/conda/envs/py312/lib/python3.12/site-packages/torch/lib/libtorch_cpu.so)
frame #5: c10d::ProcessGroupNCCL::HeartbeatMonitor::runLoop() + 0x436 (0x7dce6278d0e6 in /home/devuser/conda/envs/py312/lib/python3.12/site-packages/torch/lib/libtorch_cuda.so)
frame #6: <unknown function> + 0xef5e4 (0x7dcf280705e4 in /home/devuser/conda/envs/py312/bin/../lib/libstdc++.so.6)
frame #7: <unknown function> + 0x9caa4 (0x7dcf29462aa4 in /lib/x86_64-linux-gnu/libc.so.6)
frame #8: __clone + 0x44 (0x7dcf294efa64 in /lib/x86_64-linux-gnu/libc.so.6)

[rank5]:[W813 14:40:30.654924485 ProcessGroupNCCL.cpp:1900] [PG ID 0 PG GUID 0(default_pg) Rank 5] Failed to check the "should dump" flag on TCPStore, (maybe TCPStore server has shut down too early), with error: Broken pipe
[rank6]:[W813 14:40:30.869607675 TCPStore.cpp:106] [c10d] sendBytes failed on SocketImpl(fd=100, addr=[localhost]:49280, remote=[sgl-b300-inference.datacrunch.io]:33691): Broken pipe
Exception raised from sendBytes at /__w/pytorch/pytorch/torch/csrc/distributed/c10d/Utils.hpp:758 (most recent call first):
frame #0: c10::Error::Error(c10::SourceLocation, std::__cxx11::basic_string<char, std::char_traits<char>, std::allocator<char> >) + 0x9d (0x79e54e76933d in /home/devuser/conda/envs/py312/lib/python3.12/site-packages/torch/lib/libc10.so)
frame #1: <unknown function> + 0x6811231 (0x79e4dbb5b231 in /home/devuser/conda/envs/py312/lib/python3.12/site-packages/torch/lib/libtorch_cpu.so)
frame #2: <unknown function> + 0x68123e1 (0x79e4dbb5c3e1 in /home/devuser/conda/envs/py312/lib/python3.12/site-packages/torch/lib/libtorch_cpu.so)
frame #3: <unknown function> + 0x681258d (0x79e4dbb5c58d in /home/devuser/conda/envs/py312/lib/python3.12/site-packages/torch/lib/libtorch_cpu.so)
frame #4: c10d::TCPStore::check(std::vector<std::__cxx11::basic_string<char, std::char_traits<char>, std::allocator<char> >, std::allocator<std::__cxx11::basic_string<char, std::char_traits<char>, std::allocator<char> > > > const&) + 0x35d (0x79e4dbb551dd in /home/devuser/conda/envs/py312/lib/python3.12/site-packages/torch/lib/libtorch_cpu.so)
frame #5: c10d::ProcessGroupNCCL::HeartbeatMonitor::runLoop() + 0x436 (0x79e4b778d0e6 in /home/devuser/conda/envs/py312/lib/python3.12/site-packages/torch/lib/libtorch_cuda.so)
frame #6: <unknown function> + 0xef5e4 (0x79e57d0705e4 in /home/devuser/conda/envs/py312/bin/../lib/libstdc++.so.6)
frame #7: <unknown function> + 0x9caa4 (0x79e57e3cdaa4 in /lib/x86_64-linux-gnu/libc.so.6)
frame #8: __clone + 0x44 (0x79e57e45aa64 in /lib/x86_64-linux-gnu/libc.so.6)

[rank6]:[W813 14:40:30.872184258 ProcessGroupNCCL.cpp:1900] [PG ID 0 PG GUID 0(default_pg) Rank 6] Failed to check the "should dump" flag on TCPStore, (maybe TCPStore server has shut down too early), with error: Broken pipe
[rank2]:[W813 14:40:30.902273389 TCPStore.cpp:106] [c10d] sendBytes failed on SocketImpl(fd=100, addr=[localhost]:49326, remote=[sgl-b300-inference.datacrunch.io]:33691): Broken pipe
Exception raised from sendBytes at /__w/pytorch/pytorch/torch/csrc/distributed/c10d/Utils.hpp:758 (most recent call first):
frame #0: c10::Error::Error(c10::SourceLocation, std::__cxx11::basic_string<char, std::char_traits<char>, std::allocator<char> >) + 0x9d (0x7dc559d6933d in /home/devuser/conda/envs/py312/lib/python3.12/site-packages/torch/lib/libc10.so)
frame #1: <unknown function> + 0x6811231 (0x7dc4b835b231 in /home/devuser/conda/envs/py312/lib/python3.12/site-packages/torch/lib/libtorch_cpu.so)
frame #2: <unknown function> + 0x68123e1 (0x7dc4b835c3e1 in /home/devuser/conda/envs/py312/lib/python3.12/site-packages/torch/lib/libtorch_cpu.so)
frame #3: <unknown function> + 0x681258d (0x7dc4b835c58d in /home/devuser/conda/envs/py312/lib/python3.12/site-packages/torch/lib/libtorch_cpu.so)
frame #4: c10d::TCPStore::check(std::vector<std::__cxx11::basic_string<char, std::char_traits<char>, std::allocator<char> >, std::allocator<std::__cxx11::basic_string<char, std::char_traits<char>, std::allocator<char> > > > const&) + 0x35d (0x7dc4b83551dd in /home/devuser/conda/envs/py312/lib/python3.12/site-packages/torch/lib/libtorch_cpu.so)
frame #5: c10d::ProcessGroupNCCL::HeartbeatMonitor::runLoop() + 0x436 (0x7dc493f8d0e6 in /home/devuser/conda/envs/py312/lib/python3.12/site-packages/torch/lib/libtorch_cuda.so)
frame #6: <unknown function> + 0xef5e4 (0x7dc5598705e4 in /home/devuser/conda/envs/py312/bin/../lib/libstdc++.so.6)
frame #7: <unknown function> + 0x9caa4 (0x7dc55ac7aaa4 in /lib/x86_64-linux-gnu/libc.so.6)
frame #8: __clone + 0x44 (0x7dc55ad07a64 in /lib/x86_64-linux-gnu/libc.so.6)

[rank2]:[W813 14:40:30.904796182 ProcessGroupNCCL.cpp:1900] [PG ID 0 PG GUID 0(default_pg) Rank 2] Failed to check the "should dump" flag on TCPStore, (maybe TCPStore server has shut down too early), with error: Broken pipe
[rank4]:[W813 14:40:30.945066027 TCPStore.cpp:106] [c10d] sendBytes failed on SocketImpl(fd=100, addr=[localhost]:49282, remote=[sgl-b300-inference.datacrunch.io]:33691): Broken pipe
Exception raised from sendBytes at /__w/pytorch/pytorch/torch/csrc/distributed/c10d/Utils.hpp:758 (most recent call first):
frame #0: c10::Error::Error(c10::SourceLocation, std::__cxx11::basic_string<char, std::char_traits<char>, std::allocator<char> >) + 0x9d (0x75c75ab6933d in /home/devuser/conda/envs/py312/lib/python3.12/site-packages/torch/lib/libc10.so)
frame #1: <unknown function> + 0x6811231 (0x75c6b915b231 in /home/devuser/conda/envs/py312/lib/python3.12/site-packages/torch/lib/libtorch_cpu.so)
frame #2: <unknown function> + 0x68123e1 (0x75c6b915c3e1 in /home/devuser/conda/envs/py312/lib/python3.12/site-packages/torch/lib/libtorch_cpu.so)
frame #3: <unknown function> + 0x681258d (0x75c6b915c58d in /home/devuser/conda/envs/py312/lib/python3.12/site-packages/torch/lib/libtorch_cpu.so)
frame #4: c10d::TCPStore::check(std::vector<std::__cxx11::basic_string<char, std::char_traits<char>, std::allocator<char> >, std::allocator<std::__cxx11::basic_string<char, std::char_traits<char>, std::allocator<char> > > > const&) + 0x35d (0x75c6b91551dd in /home/devuser/conda/envs/py312/lib/python3.12/site-packages/torch/lib/libtorch_cpu.so)
frame #5: c10d::ProcessGroupNCCL::HeartbeatMonitor::runLoop() + 0x436 (0x75c694d8d0e6 in /home/devuser/conda/envs/py312/lib/python3.12/site-packages/torch/lib/libtorch_cuda.so)
frame #6: <unknown function> + 0xef5e4 (0x75c75a6705e4 in /home/devuser/conda/envs/py312/bin/../lib/libstdc++.so.6)
frame #7: <unknown function> + 0x9caa4 (0x75c75ba7caa4 in /lib/x86_64-linux-gnu/libc.so.6)
frame #8: __clone + 0x44 (0x75c75bb09a64 in /lib/x86_64-linux-gnu/libc.so.6)

[rank4]:[W813 14:40:30.947020208 ProcessGroupNCCL.cpp:1900] [PG ID 0 PG GUID 0(default_pg) Rank 4] Failed to check the "should dump" flag on TCPStore, (maybe TCPStore server has shut down too early), with error: Broken pipe
[rank7]:[W813 14:40:30.003992438 TCPStore.cpp:106] [c10d] sendBytes failed on SocketImpl(fd=100, addr=[localhost]:49310, remote=[sgl-b300-inference.datacrunch.io]:33691): Broken pipe
Exception raised from sendBytes at /__w/pytorch/pytorch/torch/csrc/distributed/c10d/Utils.hpp:758 (most recent call first):
frame #0: c10::Error::Error(c10::SourceLocation, std::__cxx11::basic_string<char, std::char_traits<char>, std::allocator<char> >) + 0x9d (0x78f0b036933d in /home/devuser/conda/envs/py312/lib/python3.12/site-packages/torch/lib/libc10.so)
frame #1: <unknown function> + 0x6811231 (0x78f00e95b231 in /home/devuser/conda/envs/py312/lib/python3.12/site-packages/torch/lib/libtorch_cpu.so)
frame #2: <unknown function> + 0x68123e1 (0x78f00e95c3e1 in /home/devuser/conda/envs/py312/lib/python3.12/site-packages/torch/lib/libtorch_cpu.so)
frame #3: <unknown function> + 0x681258d (0x78f00e95c58d in /home/devuser/conda/envs/py312/lib/python3.12/site-packages/torch/lib/libtorch_cpu.so)
frame #4: c10d::TCPStore::check(std::vector<std::__cxx11::basic_string<char, std::char_traits<char>, std::allocator<char> >, std::allocator<std::__cxx11::basic_string<char, std::char_traits<char>, std::allocator<char> > > > const&) + 0x35d (0x78f00e9551dd in /home/devuser/conda/envs/py312/lib/python3.12/site-packages/torch/lib/libtorch_cpu.so)
frame #5: c10d::ProcessGroupNCCL::HeartbeatMonitor::runLoop() + 0x436 (0x78efea58d0e6 in /home/devuser/conda/envs/py312/lib/python3.12/site-packages/torch/lib/libtorch_cuda.so)
frame #6: <unknown function> + 0xef5e4 (0x78f0afe705e4 in /home/devuser/conda/envs/py312/bin/../lib/libstdc++.so.6)
frame #7: <unknown function> + 0x9caa4 (0x78f0b12b7aa4 in /lib/x86_64-linux-gnu/libc.so.6)
frame #8: __clone + 0x44 (0x78f0b1344a64 in /lib/x86_64-linux-gnu/libc.so.6)

[rank7]:[W813 14:40:30.006525731 ProcessGroupNCCL.cpp:1900] [PG ID 0 PG GUID 0(default_pg) Rank 7] Failed to check the "should dump" flag on TCPStore, (maybe TCPStore server has shut down too early), with error: Broken pipe
[rank3]:[W813 14:40:30.157626730 TCPStore.cpp:106] [c10d] sendBytes failed on SocketImpl(fd=100, addr=[localhost]:49296, remote=[sgl-b300-inference.datacrunch.io]:33691): Broken pipe
Exception raised from sendBytes at /__w/pytorch/pytorch/torch/csrc/distributed/c10d/Utils.hpp:758 (most recent call first):
frame #0: c10::Error::Error(c10::SourceLocation, std::__cxx11::basic_string<char, std::char_traits<char>, std::allocator<char> >) + 0x9d (0x75604f96933d in /home/devuser/conda/envs/py312/lib/python3.12/site-packages/torch/lib/libc10.so)
frame #1: <unknown function> + 0x6811231 (0x755fadf5b231 in /home/devuser/conda/envs/py312/lib/python3.12/site-packages/torch/lib/libtorch_cpu.so)
frame #2: <unknown function> + 0x68123e1 (0x755fadf5c3e1 in /home/devuser/conda/envs/py312/lib/python3.12/site-packages/torch/lib/libtorch_cpu.so)
frame #3: <unknown function> + 0x681258d (0x755fadf5c58d in /home/devuser/conda/envs/py312/lib/python3.12/site-packages/torch/lib/libtorch_cpu.so)
frame #4: c10d::TCPStore::check(std::vector<std::__cxx11::basic_string<char, std::char_traits<char>, std::allocator<char> >, std::allocator<std::__cxx11::basic_string<char, std::char_traits<char>, std::allocator<char> > > > const&) + 0x35d (0x755fadf551dd in /home/devuser/conda/envs/py312/lib/python3.12/site-packages/torch/lib/libtorch_cpu.so)
frame #5: c10d::ProcessGroupNCCL::HeartbeatMonitor::runLoop() + 0x436 (0x755f89b8d0e6 in /home/devuser/conda/envs/py312/lib/python3.12/site-packages/torch/lib/libtorch_cuda.so)
frame #6: <unknown function> + 0xef5e4 (0x75604f4705e4 in /home/devuser/conda/envs/py312/bin/../lib/libstdc++.so.6)
frame #7: <unknown function> + 0x9caa4 (0x7560508c5aa4 in /lib/x86_64-linux-gnu/libc.so.6)
frame #8: __clone + 0x44 (0x756050952a64 in /lib/x86_64-linux-gnu/libc.so.6)

[rank3]:[W813 14:40:30.160936870 ProcessGroupNCCL.cpp:1900] [PG ID 0 PG GUID 0(default_pg) Rank 3] Failed to check the "should dump" flag on TCPStore, (maybe TCPStore server has shut down too early), with error: Broken pipe
[rank1]:[W813 14:40:30.212821384 TCPStore.cpp:106] [c10d] sendBytes failed on SocketImpl(fd=100, addr=[localhost]:49304, remote=[sgl-b300-inference.datacrunch.io]:33691): Broken pipe
Exception raised from sendBytes at /__w/pytorch/pytorch/torch/csrc/distributed/c10d/Utils.hpp:758 (most recent call first):
frame #0: c10::Error::Error(c10::SourceLocation, std::__cxx11::basic_string<char, std::char_traits<char>, std::allocator<char> >) + 0x9d (0x7d8dac76933d in /home/devuser/conda/envs/py312/lib/python3.12/site-packages/torch/lib/libc10.so)
frame #1: <unknown function> + 0x6811231 (0x7d8d0ad5b231 in /home/devuser/conda/envs/py312/lib/python3.12/site-packages/torch/lib/libtorch_cpu.so)
frame #2: <unknown function> + 0x68123e1 (0x7d8d0ad5c3e1 in /home/devuser/conda/envs/py312/lib/python3.12/site-packages/torch/lib/libtorch_cpu.so)
frame #3: <unknown function> + 0x681258d (0x7d8d0ad5c58d in /home/devuser/conda/envs/py312/lib/python3.12/site-packages/torch/lib/libtorch_cpu.so)
frame #4: c10d::TCPStore::check(std::vector<std::__cxx11::basic_string<char, std::char_traits<char>, std::allocator<char> >, std::allocator<std::__cxx11::basic_string<char, std::char_traits<char>, std::allocator<char> > > > const&) + 0x35d (0x7d8d0ad551dd in /home/devuser/conda/envs/py312/lib/python3.12/site-packages/torch/lib/libtorch_cpu.so)
frame #5: c10d::ProcessGroupNCCL::HeartbeatMonitor::runLoop() + 0x436 (0x7d8ce698d0e6 in /home/devuser/conda/envs/py312/lib/python3.12/site-packages/torch/lib/libtorch_cuda.so)
frame #6: <unknown function> + 0xef5e4 (0x7d8dac2705e4 in /home/devuser/conda/envs/py312/bin/../lib/libstdc++.so.6)
frame #7: <unknown function> + 0x9caa4 (0x7d8dad6c7aa4 in /lib/x86_64-linux-gnu/libc.so.6)
frame #8: __clone + 0x44 (0x7d8dad754a64 in /lib/x86_64-linux-gnu/libc.so.6)

[rank1]:[W813 14:40:30.214864312 ProcessGroupNCCL.cpp:1900] [PG ID 0 PG GUID 0(default_pg) Rank 1] Failed to check the "should dump" flag on TCPStore, (maybe TCPStore server has shut down too early), with error: Broken pipe
[rank0]:[W813 14:40:30.448818230 TCPStore.cpp:106] [c10d] sendBytes failed on SocketImpl(fd=100, addr=[localhost]:49270, remote=[sgl-b300-inference.datacrunch.io]:33691): Broken pipe
Exception raised from sendBytes at /__w/pytorch/pytorch/torch/csrc/distributed/c10d/Utils.hpp:758 (most recent call first):
frame #0: c10::Error::Error(c10::SourceLocation, std::__cxx11::basic_string<char, std::char_traits<char>, std::allocator<char> >) + 0x9d (0x76c6d456933d in /home/devuser/conda/envs/py312/lib/python3.12/site-packages/torch/lib/libc10.so)
frame #1: <unknown function> + 0x6811231 (0x76c66195b231 in /home/devuser/conda/envs/py312/lib/python3.12/site-packages/torch/lib/libtorch_cpu.so)
frame #2: <unknown function> + 0x68123e1 (0x76c66195c3e1 in /home/devuser/conda/envs/py312/lib/python3.12/site-packages/torch/lib/libtorch_cpu.so)
frame #3: <unknown function> + 0x681258d (0x76c66195c58d in /home/devuser/conda/envs/py312/lib/python3.12/site-packages/torch/lib/libtorch_cpu.so)
frame #4: c10d::TCPStore::check(std::vector<std::__cxx11::basic_string<char, std::char_traits<char>, std::allocator<char> >, std::allocator<std::__cxx11::basic_string<char, std::char_traits<char>, std::allocator<char> > > > const&) + 0x35d (0x76c6619551dd in /home/devuser/conda/envs/py312/lib/python3.12/site-packages/torch/lib/libtorch_cpu.so)
frame #5: c10d::ProcessGroupNCCL::HeartbeatMonitor::runLoop() + 0x436 (0x76c63d58d0e6 in /home/devuser/conda/envs/py312/lib/python3.12/site-packages/torch/lib/libtorch_cuda.so)
frame #6: <unknown function> + 0xef5e4 (0x76c702e705e4 in /home/devuser/conda/envs/py312/bin/../lib/libstdc++.so.6)
frame #7: <unknown function> + 0x9caa4 (0x76c70414faa4 in /lib/x86_64-linux-gnu/libc.so.6)
frame #8: __clone + 0x44 (0x76c7041dca64 in /lib/x86_64-linux-gnu/libc.so.6)

[rank0]:[W813 14:40:30.451286825 ProcessGroupNCCL.cpp:1900] [PG ID 0 PG GUID 0(default_pg) Rank 0] Failed to check the "should dump" flag on TCPStore, (maybe TCPStore server has shut down too early), with error: Broken pipe
[rank5]:[W813 14:40:31.655015827 TCPStore.cpp:106] [c10d] sendBytes failed on SocketImpl(fd=100, addr=[localhost]:49286, remote=[sgl-b300-inference.datacrunch.io]:33691): Broken pipe
Exception raised from sendBytes at /__w/pytorch/pytorch/torch/csrc/distributed/c10d/Utils.hpp:758 (most recent call first):
frame #0: c10::Error::Error(c10::SourceLocation, std::__cxx11::basic_string<char, std::char_traits<char>, std::allocator<char> >) + 0x9d (0x7dcf2856933d in /home/devuser/conda/envs/py312/lib/python3.12/site-packages/torch/lib/libc10.so)
frame #1: <unknown function> + 0x6811231 (0x7dce86b5b231 in /home/devuser/conda/envs/py312/lib/python3.12/site-packages/torch/lib/libtorch_cpu.so)
frame #2: <unknown function> + 0x68123e1 (0x7dce86b5c3e1 in /home/devuser/conda/envs/py312/lib/python3.12/site-packages/torch/lib/libtorch_cpu.so)
frame #3: <unknown function> + 0x681258d (0x7dce86b5c58d in /home/devuser/conda/envs/py312/lib/python3.12/site-packages/torch/lib/libtorch_cpu.so)
frame #4: c10d::TCPStore::check(std::vector<std::__cxx11::basic_string<char, std::char_traits<char>, std::allocator<char> >, std::allocator<std::__cxx11::basic_string<char, std::char_traits<char>, std::allocator<char> > > > const&) + 0x35d (0x7dce86b551dd in /home/devuser/conda/envs/py312/lib/python3.12/site-packages/torch/lib/libtorch_cpu.so)
frame #5: c10d::ProcessGroupNCCL::HeartbeatMonitor::runLoop() + 0x436 (0x7dce6278d0e6 in /home/devuser/conda/envs/py312/lib/python3.12/site-packages/torch/lib/libtorch_cuda.so)
frame #6: <unknown function> + 0xef5e4 (0x7dcf280705e4 in /home/devuser/conda/envs/py312/bin/../lib/libstdc++.so.6)
frame #7: <unknown function> + 0x9caa4 (0x7dcf29462aa4 in /lib/x86_64-linux-gnu/libc.so.6)
frame #8: __clone + 0x44 (0x7dcf294efa64 in /lib/x86_64-linux-gnu/libc.so.6)

[rank5]:[W813 14:40:31.657476273 ProcessGroupNCCL.cpp:1900] [PG ID 0 PG GUID 0(default_pg) Rank 5] Failed to check the "should dump" flag on TCPStore, (maybe TCPStore server has shut down too early), with error: Broken pipe
[rank6]:[W813 14:40:31.872321439 TCPStore.cpp:106] [c10d] sendBytes failed on SocketImpl(fd=100, addr=[localhost]:49280, remote=[sgl-b300-inference.datacrunch.io]:33691): Broken pipe
Exception raised from sendBytes at /__w/pytorch/pytorch/torch/csrc/distributed/c10d/Utils.hpp:758 (most recent call first):
frame #0: c10::Error::Error(c10::SourceLocation, std::__cxx11::basic_string<char, std::char_traits<char>, std::allocator<char> >) + 0x9d (0x79e54e76933d in /home/devuser/conda/envs/py312/lib/python3.12/site-packages/torch/lib/libc10.so)
frame #1: <unknown function> + 0x6811231 (0x79e4dbb5b231 in /home/devuser/conda/envs/py312/lib/python3.12/site-packages/torch/lib/libtorch_cpu.so)
frame #2: <unknown function> + 0x68123e1 (0x79e4dbb5c3e1 in /home/devuser/conda/envs/py312/lib/python3.12/site-packages/torch/lib/libtorch_cpu.so)
frame #3: <unknown function> + 0x681258d (0x79e4dbb5c58d in /home/devuser/conda/envs/py312/lib/python3.12/site-packages/torch/lib/libtorch_cpu.so)
frame #4: c10d::TCPStore::check(std::vector<std::__cxx11::basic_string<char, std::char_traits<char>, std::allocator<char> >, std::allocator<std::__cxx11::basic_string<char, std::char_traits<char>, std::allocator<char> > > > const&) + 0x35d (0x79e4dbb551dd in /home/devuser/conda/envs/py312/lib/python3.12/site-packages/torch/lib/libtorch_cpu.so)
frame #5: c10d::ProcessGroupNCCL::HeartbeatMonitor::runLoop() + 0x436 (0x79e4b778d0e6 in /home/devuser/conda/envs/py312/lib/python3.12/site-packages/torch/lib/libtorch_cuda.so)
frame #6: <unknown function> + 0xef5e4 (0x79e57d0705e4 in /home/devuser/conda/envs/py312/bin/../lib/libstdc++.so.6)
frame #7: <unknown function> + 0x9caa4 (0x79e57e3cdaa4 in /lib/x86_64-linux-gnu/libc.so.6)
frame #8: __clone + 0x44 (0x79e57e45aa64 in /lib/x86_64-linux-gnu/libc.so.6)

[rank6]:[W813 14:40:31.874847933 ProcessGroupNCCL.cpp:1900] [PG ID 0 PG GUID 0(default_pg) Rank 6] Failed to check the "should dump" flag on TCPStore, (maybe TCPStore server has shut down too early), with error: Broken pipe
[rank2]:[W813 14:40:31.904932255 TCPStore.cpp:106] [c10d] sendBytes failed on SocketImpl(fd=100, addr=[localhost]:49326, remote=[sgl-b300-inference.datacrunch.io]:33691): Broken pipe
Exception raised from sendBytes at /__w/pytorch/pytorch/torch/csrc/distributed/c10d/Utils.hpp:758 (most recent call first):
frame #0: c10::Error::Error(c10::SourceLocation, std::__cxx11::basic_string<char, std::char_traits<char>, std::allocator<char> >) + 0x9d (0x7dc559d6933d in /home/devuser/conda/envs/py312/lib/python3.12/site-packages/torch/lib/libc10.so)
frame #1: <unknown function> + 0x6811231 (0x7dc4b835b231 in /home/devuser/conda/envs/py312/lib/python3.12/site-packages/torch/lib/libtorch_cpu.so)
frame #2: <unknown function> + 0x68123e1 (0x7dc4b835c3e1 in /home/devuser/conda/envs/py312/lib/python3.12/site-packages/torch/lib/libtorch_cpu.so)
frame #3: <unknown function> + 0x681258d (0x7dc4b835c58d in /home/devuser/conda/envs/py312/lib/python3.12/site-packages/torch/lib/libtorch_cpu.so)
frame #4: c10d::TCPStore::check(std::vector<std::__cxx11::basic_string<char, std::char_traits<char>, std::allocator<char> >, std::allocator<std::__cxx11::basic_string<char, std::char_traits<char>, std::allocator<char> > > > const&) + 0x35d (0x7dc4b83551dd in /home/devuser/conda/envs/py312/lib/python3.12/site-packages/torch/lib/libtorch_cpu.so)
frame #5: c10d::ProcessGroupNCCL::HeartbeatMonitor::runLoop() + 0x436 (0x7dc493f8d0e6 in /home/devuser/conda/envs/py312/lib/python3.12/site-packages/torch/lib/libtorch_cuda.so)
frame #6: <unknown function> + 0xef5e4 (0x7dc5598705e4 in /home/devuser/conda/envs/py312/bin/../lib/libstdc++.so.6)
frame #7: <unknown function> + 0x9caa4 (0x7dc55ac7aaa4 in /lib/x86_64-linux-gnu/libc.so.6)
frame #8: __clone + 0x44 (0x7dc55ad07a64 in /lib/x86_64-linux-gnu/libc.so.6)

[rank2]:[W813 14:40:31.907430869 ProcessGroupNCCL.cpp:1900] [PG ID 0 PG GUID 0(default_pg) Rank 2] Failed to check the "should dump" flag on TCPStore, (maybe TCPStore server has shut down too early), with error: Broken pipe
[rank4]:[W813 14:40:31.947153321 TCPStore.cpp:106] [c10d] sendBytes failed on SocketImpl(fd=100, addr=[localhost]:49282, remote=[sgl-b300-inference.datacrunch.io]:33691): Broken pipe
Exception raised from sendBytes at /__w/pytorch/pytorch/torch/csrc/distributed/c10d/Utils.hpp:758 (most recent call first):
frame #0: c10::Error::Error(c10::SourceLocation, std::__cxx11::basic_string<char, std::char_traits<char>, std::allocator<char> >) + 0x9d (0x75c75ab6933d in /home/devuser/conda/envs/py312/lib/python3.12/site-packages/torch/lib/libc10.so)
frame #1: <unknown function> + 0x6811231 (0x75c6b915b231 in /home/devuser/conda/envs/py312/lib/python3.12/site-packages/torch/lib/libtorch_cpu.so)
frame #2: <unknown function> + 0x68123e1 (0x75c6b915c3e1 in /home/devuser/conda/envs/py312/lib/python3.12/site-packages/torch/lib/libtorch_cpu.so)
frame #3: <unknown function> + 0x681258d (0x75c6b915c58d in /home/devuser/conda/envs/py312/lib/python3.12/site-packages/torch/lib/libtorch_cpu.so)
frame #4: c10d::TCPStore::check(std::vector<std::__cxx11::basic_string<char, std::char_traits<char>, std::allocator<char> >, std::allocator<std::__cxx11::basic_string<char, std::char_traits<char>, std::allocator<char> > > > const&) + 0x35d (0x75c6b91551dd in /home/devuser/conda/envs/py312/lib/python3.12/site-packages/torch/lib/libtorch_cpu.so)
frame #5: c10d::ProcessGroupNCCL::HeartbeatMonitor::runLoop() + 0x436 (0x75c694d8d0e6 in /home/devuser/conda/envs/py312/lib/python3.12/site-packages/torch/lib/libtorch_cuda.so)
frame #6: <unknown function> + 0xef5e4 (0x75c75a6705e4 in /home/devuser/conda/envs/py312/bin/../lib/libstdc++.so.6)
frame #7: <unknown function> + 0x9caa4 (0x75c75ba7caa4 in /lib/x86_64-linux-gnu/libc.so.6)
frame #8: __clone + 0x44 (0x75c75bb09a64 in /lib/x86_64-linux-gnu/libc.so.6)

[rank4]:[W813 14:40:31.949139181 ProcessGroupNCCL.cpp:1900] [PG ID 0 PG GUID 0(default_pg) Rank 4] Failed to check the "should dump" flag on TCPStore, (maybe TCPStore server has shut down too early), with error: Broken pipe
[rank7]:[W813 14:40:31.006702424 TCPStore.cpp:106] [c10d] sendBytes failed on SocketImpl(fd=100, addr=[localhost]:49310, remote=[sgl-b300-inference.datacrunch.io]:33691): Broken pipe
Exception raised from sendBytes at /__w/pytorch/pytorch/torch/csrc/distributed/c10d/Utils.hpp:758 (most recent call first):
frame #0: c10::Error::Error(c10::SourceLocation, std::__cxx11::basic_string<char, std::char_traits<char>, std::allocator<char> >) + 0x9d (0x78f0b036933d in /home/devuser/conda/envs/py312/lib/python3.12/site-packages/torch/lib/libc10.so)
frame #1: <unknown function> + 0x6811231 (0x78f00e95b231 in /home/devuser/conda/envs/py312/lib/python3.12/site-packages/torch/lib/libtorch_cpu.so)
frame #2: <unknown function> + 0x68123e1 (0x78f00e95c3e1 in /home/devuser/conda/envs/py312/lib/python3.12/site-packages/torch/lib/libtorch_cpu.so)
frame #3: <unknown function> + 0x681258d (0x78f00e95c58d in /home/devuser/conda/envs/py312/lib/python3.12/site-packages/torch/lib/libtorch_cpu.so)
frame #4: c10d::TCPStore::check(std::vector<std::__cxx11::basic_string<char, std::char_traits<char>, std::allocator<char> >, std::allocator<std::__cxx11::basic_string<char, std::char_traits<char>, std::allocator<char> > > > const&) + 0x35d (0x78f00e9551dd in /home/devuser/conda/envs/py312/lib/python3.12/site-packages/torch/lib/libtorch_cpu.so)
frame #5: c10d::ProcessGroupNCCL::HeartbeatMonitor::runLoop() + 0x436 (0x78efea58d0e6 in /home/devuser/conda/envs/py312/lib/python3.12/site-packages/torch/lib/libtorch_cuda.so)
frame #6: <unknown function> + 0xef5e4 (0x78f0afe705e4 in /home/devuser/conda/envs/py312/bin/../lib/libstdc++.so.6)
frame #7: <unknown function> + 0x9caa4 (0x78f0b12b7aa4 in /lib/x86_64-linux-gnu/libc.so.6)
frame #8: __clone + 0x44 (0x78f0b1344a64 in /lib/x86_64-linux-gnu/libc.so.6)

[rank7]:[W813 14:40:31.008949496 ProcessGroupNCCL.cpp:1900] [PG ID 0 PG GUID 0(default_pg) Rank 7] Failed to check the "should dump" flag on TCPStore, (maybe TCPStore server has shut down too early), with error: Broken pipe
[rank3]:[W813 14:40:31.161039616 TCPStore.cpp:106] [c10d] sendBytes failed on SocketImpl(fd=100, addr=[localhost]:49296, remote=[sgl-b300-inference.datacrunch.io]:33691): Broken pipe
Exception raised from sendBytes at /__w/pytorch/pytorch/torch/csrc/distributed/c10d/Utils.hpp:758 (most recent call first):
frame #0: c10::Error::Error(c10::SourceLocation, std::__cxx11::basic_string<char, std::char_traits<char>, std::allocator<char> >) + 0x9d (0x75604f96933d in /home/devuser/conda/envs/py312/lib/python3.12/site-packages/torch/lib/libc10.so)
frame #1: <unknown function> + 0x6811231 (0x755fadf5b231 in /home/devuser/conda/envs/py312/lib/python3.12/site-packages/torch/lib/libtorch_cpu.so)
frame #2: <unknown function> + 0x68123e1 (0x755fadf5c3e1 in /home/devuser/conda/envs/py312/lib/python3.12/site-packages/torch/lib/libtorch_cpu.so)
frame #3: <unknown function> + 0x681258d (0x755fadf5c58d in /home/devuser/conda/envs/py312/lib/python3.12/site-packages/torch/lib/libtorch_cpu.so)
frame #4: c10d::TCPStore::check(std::vector<std::__cxx11::basic_string<char, std::char_traits<char>, std::allocator<char> >, std::allocator<std::__cxx11::basic_string<char, std::char_traits<char>, std::allocator<char> > > > const&) + 0x35d (0x755fadf551dd in /home/devuser/conda/envs/py312/lib/python3.12/site-packages/torch/lib/libtorch_cpu.so)
frame #5: c10d::ProcessGroupNCCL::HeartbeatMonitor::runLoop() + 0x436 (0x755f89b8d0e6 in /home/devuser/conda/envs/py312/lib/python3.12/site-packages/torch/lib/libtorch_cuda.so)
frame #6: <unknown function> + 0xef5e4 (0x75604f4705e4 in /home/devuser/conda/envs/py312/bin/../lib/libstdc++.so.6)
frame #7: <unknown function> + 0x9caa4 (0x7560508c5aa4 in /lib/x86_64-linux-gnu/libc.so.6)
frame #8: __clone + 0x44 (0x756050952a64 in /lib/x86_64-linux-gnu/libc.so.6)

[rank3]:[W813 14:40:31.164320127 ProcessGroupNCCL.cpp:1900] [PG ID 0 PG GUID 0(default_pg) Rank 3] Failed to check the "should dump" flag on TCPStore, (maybe TCPStore server has shut down too early), with error: Broken pipe
[rank1]:[W813 14:40:31.215012207 TCPStore.cpp:106] [c10d] sendBytes failed on SocketImpl(fd=100, addr=[localhost]:49304, remote=[sgl-b300-inference.datacrunch.io]:33691): Broken pipe
Exception raised from sendBytes at /__w/pytorch/pytorch/torch/csrc/distributed/c10d/Utils.hpp:758 (most recent call first):
frame #0: c10::Error::Error(c10::SourceLocation, std::__cxx11::basic_string<char, std::char_traits<char>, std::allocator<char> >) + 0x9d (0x7d8dac76933d in /home/devuser/conda/envs/py312/lib/python3.12/site-packages/torch/lib/libc10.so)
frame #1: <unknown function> + 0x6811231 (0x7d8d0ad5b231 in /home/devuser/conda/envs/py312/lib/python3.12/site-packages/torch/lib/libtorch_cpu.so)
frame #2: <unknown function> + 0x68123e1 (0x7d8d0ad5c3e1 in /home/devuser/conda/envs/py312/lib/python3.12/site-packages/torch/lib/libtorch_cpu.so)
frame #3: <unknown function> + 0x681258d (0x7d8d0ad5c58d in /home/devuser/conda/envs/py312/lib/python3.12/site-packages/torch/lib/libtorch_cpu.so)
frame #4: c10d::TCPStore::check(std::vector<std::__cxx11::basic_string<char, std::char_traits<char>, std::allocator<char> >, std::allocator<std::__cxx11::basic_string<char, std::char_traits<char>, std::allocator<char> > > > const&) + 0x35d (0x7d8d0ad551dd in /home/devuser/conda/envs/py312/lib/python3.12/site-packages/torch/lib/libtorch_cpu.so)
frame #5: c10d::ProcessGroupNCCL::HeartbeatMonitor::runLoop() + 0x436 (0x7d8ce698d0e6 in /home/devuser/conda/envs/py312/lib/python3.12/site-packages/torch/lib/libtorch_cuda.so)
frame #6: <unknown function> + 0xef5e4 (0x7d8dac2705e4 in /home/devuser/conda/envs/py312/bin/../lib/libstdc++.so.6)
frame #7: <unknown function> + 0x9caa4 (0x7d8dad6c7aa4 in /lib/x86_64-linux-gnu/libc.so.6)
frame #8: __clone + 0x44 (0x7d8dad754a64 in /lib/x86_64-linux-gnu/libc.so.6)

[rank1]:[W813 14:40:31.217059615 ProcessGroupNCCL.cpp:1900] [PG ID 0 PG GUID 0(default_pg) Rank 1] Failed to check the "should dump" flag on TCPStore, (maybe TCPStore server has shut down too early), with error: Broken pipe
[rank0]:[W813 14:40:31.451430683 TCPStore.cpp:106] [c10d] sendBytes failed on SocketImpl(fd=100, addr=[localhost]:49270, remote=[sgl-b300-inference.datacrunch.io]:33691): Broken pipe
Exception raised from sendBytes at /__w/pytorch/pytorch/torch/csrc/distributed/c10d/Utils.hpp:758 (most recent call first):
frame #0: c10::Error::Error(c10::SourceLocation, std::__cxx11::basic_string<char, std::char_traits<char>, std::allocator<char> >) + 0x9d (0x76c6d456933d in /home/devuser/conda/envs/py312/lib/python3.12/site-packages/torch/lib/libc10.so)
frame #1: <unknown function> + 0x6811231 (0x76c66195b231 in /home/devuser/conda/envs/py312/lib/python3.12/site-packages/torch/lib/libtorch_cpu.so)
frame #2: <unknown function> + 0x68123e1 (0x76c66195c3e1 in /home/devuser/conda/envs/py312/lib/python3.12/site-packages/torch/lib/libtorch_cpu.so)
frame #3: <unknown function> + 0x681258d (0x76c66195c58d in /home/devuser/conda/envs/py312/lib/python3.12/site-packages/torch/lib/libtorch_cpu.so)
frame #4: c10d::TCPStore::check(std::vector<std::__cxx11::basic_string<char, std::char_traits<char>, std::allocator<char> >, std::allocator<std::__cxx11::basic_string<char, std::char_traits<char>, std::allocator<char> > > > const&) + 0x35d (0x76c6619551dd in /home/devuser/conda/envs/py312/lib/python3.12/site-packages/torch/lib/libtorch_cpu.so)
frame #5: c10d::ProcessGroupNCCL::HeartbeatMonitor::runLoop() + 0x436 (0x76c63d58d0e6 in /home/devuser/conda/envs/py312/lib/python3.12/site-packages/torch/lib/libtorch_cuda.so)
frame #6: <unknown function> + 0xef5e4 (0x76c702e705e4 in /home/devuser/conda/envs/py312/bin/../lib/libstdc++.so.6)
frame #7: <unknown function> + 0x9caa4 (0x76c70414faa4 in /lib/x86_64-linux-gnu/libc.so.6)
frame #8: __clone + 0x44 (0x76c7041dca64 in /lib/x86_64-linux-gnu/libc.so.6)

[rank0]:[W813 14:40:31.453973786 ProcessGroupNCCL.cpp:1900] [PG ID 0 PG GUID 0(default_pg) Rank 0] Failed to check the "should dump" flag on TCPStore, (maybe TCPStore server has shut down too early), with error: Broken pipe
[rank5]:[W813 14:40:32.657559854 TCPStore.cpp:106] [c10d] sendBytes failed on SocketImpl(fd=100, addr=[localhost]:49286, remote=[sgl-b300-inference.datacrunch.io]:33691): Broken pipe
Exception raised from sendBytes at /__w/pytorch/pytorch/torch/csrc/distributed/c10d/Utils.hpp:758 (most recent call first):
frame #0: c10::Error::Error(c10::SourceLocation, std::__cxx11::basic_string<char, std::char_traits<char>, std::allocator<char> >) + 0x9d (0x7dcf2856933d in /home/devuser/conda/envs/py312/lib/python3.12/site-packages/torch/lib/libc10.so)
frame #1: <unknown function> + 0x6811231 (0x7dce86b5b231 in /home/devuser/conda/envs/py312/lib/python3.12/site-packages/torch/lib/libtorch_cpu.so)
frame #2: <unknown function> + 0x68123e1 (0x7dce86b5c3e1 in /home/devuser/conda/envs/py312/lib/python3.12/site-packages/torch/lib/libtorch_cpu.so)
frame #3: <unknown function> + 0x681258d (0x7dce86b5c58d in /home/devuser/conda/envs/py312/lib/python3.12/site-packages/torch/lib/libtorch_cpu.so)
frame #4: c10d::TCPStore::check(std::vector<std::__cxx11::basic_string<char, std::char_traits<char>, std::allocator<char> >, std::allocator<std::__cxx11::basic_string<char, std::char_traits<char>, std::allocator<char> > > > const&) + 0x35d (0x7dce86b551dd in /home/devuser/conda/envs/py312/lib/python3.12/site-packages/torch/lib/libtorch_cpu.so)
frame #5: c10d::ProcessGroupNCCL::HeartbeatMonitor::runLoop() + 0x436 (0x7dce6278d0e6 in /home/devuser/conda/envs/py312/lib/python3.12/site-packages/torch/lib/libtorch_cuda.so)
frame #6: <unknown function> + 0xef5e4 (0x7dcf280705e4 in /home/devuser/conda/envs/py312/bin/../lib/libstdc++.so.6)
frame #7: <unknown function> + 0x9caa4 (0x7dcf29462aa4 in /lib/x86_64-linux-gnu/libc.so.6)
frame #8: __clone + 0x44 (0x7dcf294efa64 in /lib/x86_64-linux-gnu/libc.so.6)

[rank5]:[W813 14:40:32.660040419 ProcessGroupNCCL.cpp:1900] [PG ID 0 PG GUID 0(default_pg) Rank 5] Failed to check the "should dump" flag on TCPStore, (maybe TCPStore server has shut down too early), with error: Broken pipe
[rank6]:[W813 14:40:32.874959925 TCPStore.cpp:106] [c10d] sendBytes failed on SocketImpl(fd=100, addr=[localhost]:49280, remote=[sgl-b300-inference.datacrunch.io]:33691): Broken pipe
Exception raised from sendBytes at /__w/pytorch/pytorch/torch/csrc/distributed/c10d/Utils.hpp:758 (most recent call first):
frame #0: c10::Error::Error(c10::SourceLocation, std::__cxx11::basic_string<char, std::char_traits<char>, std::allocator<char> >) + 0x9d (0x79e54e76933d in /home/devuser/conda/envs/py312/lib/python3.12/site-packages/torch/lib/libc10.so)
frame #1: <unknown function> + 0x6811231 (0x79e4dbb5b231 in /home/devuser/conda/envs/py312/lib/python3.12/site-packages/torch/lib/libtorch_cpu.so)
frame #2: <unknown function> + 0x68123e1 (0x79e4dbb5c3e1 in /home/devuser/conda/envs/py312/lib/python3.12/site-packages/torch/lib/libtorch_cpu.so)
frame #3: <unknown function> + 0x681258d (0x79e4dbb5c58d in /home/devuser/conda/envs/py312/lib/python3.12/site-packages/torch/lib/libtorch_cpu.so)
frame #4: c10d::TCPStore::check(std::vector<std::__cxx11::basic_string<char, std::char_traits<char>, std::allocator<char> >, std::allocator<std::__cxx11::basic_string<char, std::char_traits<char>, std::allocator<char> > > > const&) + 0x35d (0x79e4dbb551dd in /home/devuser/conda/envs/py312/lib/python3.12/site-packages/torch/lib/libtorch_cpu.so)
frame #5: c10d::ProcessGroupNCCL::HeartbeatMonitor::runLoop() + 0x436 (0x79e4b778d0e6 in /home/devuser/conda/envs/py312/lib/python3.12/site-packages/torch/lib/libtorch_cuda.so)
frame #6: <unknown function> + 0xef5e4 (0x79e57d0705e4 in /home/devuser/conda/envs/py312/bin/../lib/libstdc++.so.6)
frame #7: <unknown function> + 0x9caa4 (0x79e57e3cdaa4 in /lib/x86_64-linux-gnu/libc.so.6)
frame #8: __clone + 0x44 (0x79e57e45aa64 in /lib/x86_64-linux-gnu/libc.so.6)

[rank6]:[W813 14:40:32.877634774 ProcessGroupNCCL.cpp:1900] [PG ID 0 PG GUID 0(default_pg) Rank 6] Failed to check the "should dump" flag on TCPStore, (maybe TCPStore server has shut down too early), with error: Broken pipe
[rank2]:[W813 14:40:32.907548522 TCPStore.cpp:106] [c10d] sendBytes failed on SocketImpl(fd=100, addr=[localhost]:49326, remote=[sgl-b300-inference.datacrunch.io]:33691): Broken pipe
Exception raised from sendBytes at /__w/pytorch/pytorch/torch/csrc/distributed/c10d/Utils.hpp:758 (most recent call first):
frame #0: c10::Error::Error(c10::SourceLocation, std::__cxx11::basic_string<char, std::char_traits<char>, std::allocator<char> >) + 0x9d (0x7dc559d6933d in /home/devuser/conda/envs/py312/lib/python3.12/site-packages/torch/lib/libc10.so)
frame #1: <unknown function> + 0x6811231 (0x7dc4b835b231 in /home/devuser/conda/envs/py312/lib/python3.12/site-packages/torch/lib/libtorch_cpu.so)
frame #2: <unknown function> + 0x68123e1 (0x7dc4b835c3e1 in /home/devuser/conda/envs/py312/lib/python3.12/site-packages/torch/lib/libtorch_cpu.so)
frame #3: <unknown function> + 0x681258d (0x7dc4b835c58d in /home/devuser/conda/envs/py312/lib/python3.12/site-packages/torch/lib/libtorch_cpu.so)
frame #4: c10d::TCPStore::check(std::vector<std::__cxx11::basic_string<char, std::char_traits<char>, std::allocator<char> >, std::allocator<std::__cxx11::basic_string<char, std::char_traits<char>, std::allocator<char> > > > const&) + 0x35d (0x7dc4b83551dd in /home/devuser/conda/envs/py312/lib/python3.12/site-packages/torch/lib/libtorch_cpu.so)
frame #5: c10d::ProcessGroupNCCL::HeartbeatMonitor::runLoop() + 0x436 (0x7dc493f8d0e6 in /home/devuser/conda/envs/py312/lib/python3.12/site-packages/torch/lib/libtorch_cuda.so)
frame #6: <unknown function> + 0xef5e4 (0x7dc5598705e4 in /home/devuser/conda/envs/py312/bin/../lib/libstdc++.so.6)
frame #7: <unknown function> + 0x9caa4 (0x7dc55ac7aaa4 in /lib/x86_64-linux-gnu/libc.so.6)
frame #8: __clone + 0x44 (0x7dc55ad07a64 in /lib/x86_64-linux-gnu/libc.so.6)

[rank2]:[W813 14:40:32.910060686 ProcessGroupNCCL.cpp:1900] [PG ID 0 PG GUID 0(default_pg) Rank 2] Failed to check the "should dump" flag on TCPStore, (maybe TCPStore server has shut down too early), with error: Broken pipe
[rank4]:[W813 14:40:32.949246514 TCPStore.cpp:106] [c10d] sendBytes failed on SocketImpl(fd=100, addr=[localhost]:49282, remote=[sgl-b300-inference.datacrunch.io]:33691): Broken pipe
Exception raised from sendBytes at /__w/pytorch/pytorch/torch/csrc/distributed/c10d/Utils.hpp:758 (most recent call first):
frame #0: c10::Error::Error(c10::SourceLocation, std::__cxx11::basic_string<char, std::char_traits<char>, std::allocator<char> >) + 0x9d (0x75c75ab6933d in /home/devuser/conda/envs/py312/lib/python3.12/site-packages/torch/lib/libc10.so)
frame #1: <unknown function> + 0x6811231 (0x75c6b915b231 in /home/devuser/conda/envs/py312/lib/python3.12/site-packages/torch/lib/libtorch_cpu.so)
frame #2: <unknown function> + 0x68123e1 (0x75c6b915c3e1 in /home/devuser/conda/envs/py312/lib/python3.12/site-packages/torch/lib/libtorch_cpu.so)
frame #3: <unknown function> + 0x681258d (0x75c6b915c58d in /home/devuser/conda/envs/py312/lib/python3.12/site-packages/torch/lib/libtorch_cpu.so)
frame #4: c10d::TCPStore::check(std::vector<std::__cxx11::basic_string<char, std::char_traits<char>, std::allocator<char> >, std::allocator<std::__cxx11::basic_string<char, std::char_traits<char>, std::allocator<char> > > > const&) + 0x35d (0x75c6b91551dd in /home/devuser/conda/envs/py312/lib/python3.12/site-packages/torch/lib/libtorch_cpu.so)
frame #5: c10d::ProcessGroupNCCL::HeartbeatMonitor::runLoop() + 0x436 (0x75c694d8d0e6 in /home/devuser/conda/envs/py312/lib/python3.12/site-packages/torch/lib/libtorch_cuda.so)
frame #6: <unknown function> + 0xef5e4 (0x75c75a6705e4 in /home/devuser/conda/envs/py312/bin/../lib/libstdc++.so.6)
frame #7: <unknown function> + 0x9caa4 (0x75c75ba7caa4 in /lib/x86_64-linux-gnu/libc.so.6)
frame #8: __clone + 0x44 (0x75c75bb09a64 in /lib/x86_64-linux-gnu/libc.so.6)

[rank4]:[W813 14:40:32.951355230 ProcessGroupNCCL.cpp:1900] [PG ID 0 PG GUID 0(default_pg) Rank 4] Failed to check the "should dump" flag on TCPStore, (maybe TCPStore server has shut down too early), with error: Broken pipe
[rank7]:[W813 14:40:32.009080909 TCPStore.cpp:106] [c10d] sendBytes failed on SocketImpl(fd=100, addr=[localhost]:49310, remote=[sgl-b300-inference.datacrunch.io]:33691): Broken pipe
Exception raised from sendBytes at /__w/pytorch/pytorch/torch/csrc/distributed/c10d/Utils.hpp:758 (most recent call first):
frame #0: c10::Error::Error(c10::SourceLocation, std::__cxx11::basic_string<char, std::char_traits<char>, std::allocator<char> >) + 0x9d (0x78f0b036933d in /home/devuser/conda/envs/py312/lib/python3.12/site-packages/torch/lib/libc10.so)
frame #1: <unknown function> + 0x6811231 (0x78f00e95b231 in /home/devuser/conda/envs/py312/lib/python3.12/site-packages/torch/lib/libtorch_cpu.so)
frame #2: <unknown function> + 0x68123e1 (0x78f00e95c3e1 in /home/devuser/conda/envs/py312/lib/python3.12/site-packages/torch/lib/libtorch_cpu.so)
frame #3: <unknown function> + 0x681258d (0x78f00e95c58d in /home/devuser/conda/envs/py312/lib/python3.12/site-packages/torch/lib/libtorch_cpu.so)
frame #4: c10d::TCPStore::check(std::vector<std::__cxx11::basic_string<char, std::char_traits<char>, std::allocator<char> >, std::allocator<std::__cxx11::basic_string<char, std::char_traits<char>, std::allocator<char> > > > const&) + 0x35d (0x78f00e9551dd in /home/devuser/conda/envs/py312/lib/python3.12/site-packages/torch/lib/libtorch_cpu.so)
frame #5: c10d::ProcessGroupNCCL::HeartbeatMonitor::runLoop() + 0x436 (0x78efea58d0e6 in /home/devuser/conda/envs/py312/lib/python3.12/site-packages/torch/lib/libtorch_cuda.so)
frame #6: <unknown function> + 0xef5e4 (0x78f0afe705e4 in /home/devuser/conda/envs/py312/bin/../lib/libstdc++.so.6)
frame #7: <unknown function> + 0x9caa4 (0x78f0b12b7aa4 in /lib/x86_64-linux-gnu/libc.so.6)
frame #8: __clone + 0x44 (0x78f0b1344a64 in /lib/x86_64-linux-gnu/libc.so.6)

[rank7]:[W813 14:40:32.011648151 ProcessGroupNCCL.cpp:1900] [PG ID 0 PG GUID 0(default_pg) Rank 7] Failed to check the "should dump" flag on TCPStore, (maybe TCPStore server has shut down too early), with error: Broken pipe
[rank3]:[W813 14:40:32.164410653 TCPStore.cpp:106] [c10d] sendBytes failed on SocketImpl(fd=100, addr=[localhost]:49296, remote=[sgl-b300-inference.datacrunch.io]:33691): Broken pipe
Exception raised from sendBytes at /__w/pytorch/pytorch/torch/csrc/distributed/c10d/Utils.hpp:758 (most recent call first):
frame #0: c10::Error::Error(c10::SourceLocation, std::__cxx11::basic_string<char, std::char_traits<char>, std::allocator<char> >) + 0x9d (0x75604f96933d in /home/devuser/conda/envs/py312/lib/python3.12/site-packages/torch/lib/libc10.so)
frame #1: <unknown function> + 0x6811231 (0x755fadf5b231 in /home/devuser/conda/envs/py312/lib/python3.12/site-packages/torch/lib/libtorch_cpu.so)
frame #2: <unknown function> + 0x68123e1 (0x755fadf5c3e1 in /home/devuser/conda/envs/py312/lib/python3.12/site-packages/torch/lib/libtorch_cpu.so)
frame #3: <unknown function> + 0x681258d (0x755fadf5c58d in /home/devuser/conda/envs/py312/lib/python3.12/site-packages/torch/lib/libtorch_cpu.so)
frame #4: c10d::TCPStore::check(std::vector<std::__cxx11::basic_string<char, std::char_traits<char>, std::allocator<char> >, std::allocator<std::__cxx11::basic_string<char, std::char_traits<char>, std::allocator<char> > > > const&) + 0x35d (0x755fadf551dd in /home/devuser/conda/envs/py312/lib/python3.12/site-packages/torch/lib/libtorch_cpu.so)
frame #5: c10d::ProcessGroupNCCL::HeartbeatMonitor::runLoop() + 0x436 (0x755f89b8d0e6 in /home/devuser/conda/envs/py312/lib/python3.12/site-packages/torch/lib/libtorch_cuda.so)
frame #6: <unknown function> + 0xef5e4 (0x75604f4705e4 in /home/devuser/conda/envs/py312/bin/../lib/libstdc++.so.6)
frame #7: <unknown function> + 0x9caa4 (0x7560508c5aa4 in /lib/x86_64-linux-gnu/libc.so.6)
frame #8: __clone + 0x44 (0x756050952a64 in /lib/x86_64-linux-gnu/libc.so.6)

[rank3]:[W813 14:40:32.167679244 ProcessGroupNCCL.cpp:1900] [PG ID 0 PG GUID 0(default_pg) Rank 3] Failed to check the "should dump" flag on TCPStore, (maybe TCPStore server has shut down too early), with error: Broken pipe
[rank1]:[W813 14:40:32.217217739 TCPStore.cpp:106] [c10d] sendBytes failed on SocketImpl(fd=100, addr=[localhost]:49304, remote=[sgl-b300-inference.datacrunch.io]:33691): Broken pipe
Exception raised from sendBytes at /__w/pytorch/pytorch/torch/csrc/distributed/c10d/Utils.hpp:758 (most recent call first):
frame #0: c10::Error::Error(c10::SourceLocation, std::__cxx11::basic_string<char, std::char_traits<char>, std::allocator<char> >) + 0x9d (0x7d8dac76933d in /home/devuser/conda/envs/py312/lib/python3.12/site-packages/torch/lib/libc10.so)
frame #1: <unknown function> + 0x6811231 (0x7d8d0ad5b231 in /home/devuser/conda/envs/py312/lib/python3.12/site-packages/torch/lib/libtorch_cpu.so)
frame #2: <unknown function> + 0x68123e1 (0x7d8d0ad5c3e1 in /home/devuser/conda/envs/py312/lib/python3.12/site-packages/torch/lib/libtorch_cpu.so)
frame #3: <unknown function> + 0x681258d (0x7d8d0ad5c58d in /home/devuser/conda/envs/py312/lib/python3.12/site-packages/torch/lib/libtorch_cpu.so)
frame #4: c10d::TCPStore::check(std::vector<std::__cxx11::basic_string<char, std::char_traits<char>, std::allocator<char> >, std::allocator<std::__cxx11::basic_string<char, std::char_traits<char>, std::allocator<char> > > > const&) + 0x35d (0x7d8d0ad551dd in /home/devuser/conda/envs/py312/lib/python3.12/site-packages/torch/lib/libtorch_cpu.so)
frame #5: c10d::ProcessGroupNCCL::HeartbeatMonitor::runLoop() + 0x436 (0x7d8ce698d0e6 in /home/devuser/conda/envs/py312/lib/python3.12/site-packages/torch/lib/libtorch_cuda.so)
frame #6: <unknown function> + 0xef5e4 (0x7d8dac2705e4 in /home/devuser/conda/envs/py312/bin/../lib/libstdc++.so.6)
frame #7: <unknown function> + 0x9caa4 (0x7d8dad6c7aa4 in /lib/x86_64-linux-gnu/libc.so.6)
frame #8: __clone + 0x44 (0x7d8dad754a64 in /lib/x86_64-linux-gnu/libc.so.6)

[rank1]:[W813 14:40:32.219236958 ProcessGroupNCCL.cpp:1900] [PG ID 0 PG GUID 0(default_pg) Rank 1] Failed to check the "should dump" flag on TCPStore, (maybe TCPStore server has shut down too early), with error: Broken pipe
[rank0]:[W813 14:40:32.454086413 TCPStore.cpp:106] [c10d] sendBytes failed on SocketImpl(fd=100, addr=[localhost]:49270, remote=[sgl-b300-inference.datacrunch.io]:33691): Broken pipe
Exception raised from sendBytes at /__w/pytorch/pytorch/torch/csrc/distributed/c10d/Utils.hpp:758 (most recent call first):
frame #0: c10::Error::Error(c10::SourceLocation, std::__cxx11::basic_string<char, std::char_traits<char>, std::allocator<char> >) + 0x9d (0x76c6d456933d in /home/devuser/conda/envs/py312/lib/python3.12/site-packages/torch/lib/libc10.so)
frame #1: <unknown function> + 0x6811231 (0x76c66195b231 in /home/devuser/conda/envs/py312/lib/python3.12/site-packages/torch/lib/libtorch_cpu.so)
frame #2: <unknown function> + 0x68123e1 (0x76c66195c3e1 in /home/devuser/conda/envs/py312/lib/python3.12/site-packages/torch/lib/libtorch_cpu.so)
frame #3: <unknown function> + 0x681258d (0x76c66195c58d in /home/devuser/conda/envs/py312/lib/python3.12/site-packages/torch/lib/libtorch_cpu.so)
frame #4: c10d::TCPStore::check(std::vector<std::__cxx11::basic_string<char, std::char_traits<char>, std::allocator<char> >, std::allocator<std::__cxx11::basic_string<char, std::char_traits<char>, std::allocator<char> > > > const&) + 0x35d (0x76c6619551dd in /home/devuser/conda/envs/py312/lib/python3.12/site-packages/torch/lib/libtorch_cpu.so)
frame #5: c10d::ProcessGroupNCCL::HeartbeatMonitor::runLoop() + 0x436 (0x76c63d58d0e6 in /home/devuser/conda/envs/py312/lib/python3.12/site-packages/torch/lib/libtorch_cuda.so)
frame #6: <unknown function> + 0xef5e4 (0x76c702e705e4 in /home/devuser/conda/envs/py312/bin/../lib/libstdc++.so.6)
frame #7: <unknown function> + 0x9caa4 (0x76c70414faa4 in /lib/x86_64-linux-gnu/libc.so.6)
frame #8: __clone + 0x44 (0x76c7041dca64 in /lib/x86_64-linux-gnu/libc.so.6)

[rank0]:[W813 14:40:32.456249638 ProcessGroupNCCL.cpp:1900] [PG ID 0 PG GUID 0(default_pg) Rank 0] Failed to check the "should dump" flag on TCPStore, (maybe TCPStore server has shut down too early), with error: Broken pipe
[rank5]:[W813 14:40:33.660125939 TCPStore.cpp:106] [c10d] sendBytes failed on SocketImpl(fd=100, addr=[localhost]:49286, remote=[sgl-b300-inference.datacrunch.io]:33691): Broken pipe
Exception raised from sendBytes at /__w/pytorch/pytorch/torch/csrc/distributed/c10d/Utils.hpp:758 (most recent call first):
frame #0: c10::Error::Error(c10::SourceLocation, std::__cxx11::basic_string<char, std::char_traits<char>, std::allocator<char> >) + 0x9d (0x7dcf2856933d in /home/devuser/conda/envs/py312/lib/python3.12/site-packages/torch/lib/libc10.so)
frame #1: <unknown function> + 0x6811231 (0x7dce86b5b231 in /home/devuser/conda/envs/py312/lib/python3.12/site-packages/torch/lib/libtorch_cpu.so)
frame #2: <unknown function> + 0x68123e1 (0x7dce86b5c3e1 in /home/devuser/conda/envs/py312/lib/python3.12/site-packages/torch/lib/libtorch_cpu.so)
frame #3: <unknown function> + 0x681258d (0x7dce86b5c58d in /home/devuser/conda/envs/py312/lib/python3.12/site-packages/torch/lib/libtorch_cpu.so)
frame #4: c10d::TCPStore::check(std::vector<std::__cxx11::basic_string<char, std::char_traits<char>, std::allocator<char> >, std::allocator<std::__cxx11::basic_string<char, std::char_traits<char>, std::allocator<char> > > > const&) + 0x35d (0x7dce86b551dd in /home/devuser/conda/envs/py312/lib/python3.12/site-packages/torch/lib/libtorch_cpu.so)
frame #5: c10d::ProcessGroupNCCL::HeartbeatMonitor::runLoop() + 0x436 (0x7dce6278d0e6 in /home/devuser/conda/envs/py312/lib/python3.12/site-packages/torch/lib/libtorch_cuda.so)
frame #6: <unknown function> + 0xef5e4 (0x7dcf280705e4 in /home/devuser/conda/envs/py312/bin/../lib/libstdc++.so.6)
frame #7: <unknown function> + 0x9caa4 (0x7dcf29462aa4 in /lib/x86_64-linux-gnu/libc.so.6)
frame #8: __clone + 0x44 (0x7dcf294efa64 in /lib/x86_64-linux-gnu/libc.so.6)

[rank5]:[W813 14:40:33.662630664 ProcessGroupNCCL.cpp:1900] [PG ID 0 PG GUID 0(default_pg) Rank 5] Failed to check the "should dump" flag on TCPStore, (maybe TCPStore server has shut down too early), with error: Broken pipe
[rank6]:[W813 14:40:33.877740256 TCPStore.cpp:106] [c10d] sendBytes failed on SocketImpl(fd=100, addr=[localhost]:49280, remote=[sgl-b300-inference.datacrunch.io]:33691): Broken pipe
Exception raised from sendBytes at /__w/pytorch/pytorch/torch/csrc/distributed/c10d/Utils.hpp:758 (most recent call first):
frame #0: c10::Error::Error(c10::SourceLocation, std::__cxx11::basic_string<char, std::char_traits<char>, std::allocator<char> >) + 0x9d (0x79e54e76933d in /home/devuser/conda/envs/py312/lib/python3.12/site-packages/torch/lib/libc10.so)
frame #1: <unknown function> + 0x6811231 (0x79e4dbb5b231 in /home/devuser/conda/envs/py312/lib/python3.12/site-packages/torch/lib/libtorch_cpu.so)
frame #2: <unknown function> + 0x68123e1 (0x79e4dbb5c3e1 in /home/devuser/conda/envs/py312/lib/python3.12/site-packages/torch/lib/libtorch_cpu.so)
frame #3: <unknown function> + 0x681258d (0x79e4dbb5c58d in /home/devuser/conda/envs/py312/lib/python3.12/site-packages/torch/lib/libtorch_cpu.so)
frame #4: c10d::TCPStore::check(std::vector<std::__cxx11::basic_string<char, std::char_traits<char>, std::allocator<char> >, std::allocator<std::__cxx11::basic_string<char, std::char_traits<char>, std::allocator<char> > > > const&) + 0x35d (0x79e4dbb551dd in /home/devuser/conda/envs/py312/lib/python3.12/site-packages/torch/lib/libtorch_cpu.so)
frame #5: c10d::ProcessGroupNCCL::HeartbeatMonitor::runLoop() + 0x436 (0x79e4b778d0e6 in /home/devuser/conda/envs/py312/lib/python3.12/site-packages/torch/lib/libtorch_cuda.so)
frame #6: <unknown function> + 0xef5e4 (0x79e57d0705e4 in /home/devuser/conda/envs/py312/bin/../lib/libstdc++.so.6)
frame #7: <unknown function> + 0x9caa4 (0x79e57e3cdaa4 in /lib/x86_64-linux-gnu/libc.so.6)
frame #8: __clone + 0x44 (0x79e57e45aa64 in /lib/x86_64-linux-gnu/libc.so.6)

[rank6]:[W813 14:40:33.880354717 ProcessGroupNCCL.cpp:1900] [PG ID 0 PG GUID 0(default_pg) Rank 6] Failed to check the "should dump" flag on TCPStore, (maybe TCPStore server has shut down too early), with error: Broken pipe
[rank2]:[W813 14:40:33.910166908 TCPStore.cpp:106] [c10d] sendBytes failed on SocketImpl(fd=100, addr=[localhost]:49326, remote=[sgl-b300-inference.datacrunch.io]:33691): Broken pipe
Exception raised from sendBytes at /__w/pytorch/pytorch/torch/csrc/distributed/c10d/Utils.hpp:758 (most recent call first):
frame #0: c10::Error::Error(c10::SourceLocation, std::__cxx11::basic_string<char, std::char_traits<char>, std::allocator<char> >) + 0x9d (0x7dc559d6933d in /home/devuser/conda/envs/py312/lib/python3.12/site-packages/torch/lib/libc10.so)
frame #1: <unknown function> + 0x6811231 (0x7dc4b835b231 in /home/devuser/conda/envs/py312/lib/python3.12/site-packages/torch/lib/libtorch_cpu.so)
frame #2: <unknown function> + 0x68123e1 (0x7dc4b835c3e1 in /home/devuser/conda/envs/py312/lib/python3.12/site-packages/torch/lib/libtorch_cpu.so)
frame #3: <unknown function> + 0x681258d (0x7dc4b835c58d in /home/devuser/conda/envs/py312/lib/python3.12/site-packages/torch/lib/libtorch_cpu.so)
frame #4: c10d::TCPStore::check(std::vector<std::__cxx11::basic_string<char, std::char_traits<char>, std::allocator<char> >, std::allocator<std::__cxx11::basic_string<char, std::char_traits<char>, std::allocator<char> > > > const&) + 0x35d (0x7dc4b83551dd in /home/devuser/conda/envs/py312/lib/python3.12/site-packages/torch/lib/libtorch_cpu.so)
frame #5: c10d::ProcessGroupNCCL::HeartbeatMonitor::runLoop() + 0x436 (0x7dc493f8d0e6 in /home/devuser/conda/envs/py312/lib/python3.12/site-packages/torch/lib/libtorch_cuda.so)
frame #6: <unknown function> + 0xef5e4 (0x7dc5598705e4 in /home/devuser/conda/envs/py312/bin/../lib/libstdc++.so.6)
frame #7: <unknown function> + 0x9caa4 (0x7dc55ac7aaa4 in /lib/x86_64-linux-gnu/libc.so.6)
frame #8: __clone + 0x44 (0x7dc55ad07a64 in /lib/x86_64-linux-gnu/libc.so.6)

[rank2]:[W813 14:40:33.912682702 ProcessGroupNCCL.cpp:1900] [PG ID 0 PG GUID 0(default_pg) Rank 2] Failed to check the "should dump" flag on TCPStore, (maybe TCPStore server has shut down too early), with error: Broken pipe
[rank4]:[W813 14:40:33.951509021 TCPStore.cpp:106] [c10d] sendBytes failed on SocketImpl(fd=100, addr=[localhost]:49282, remote=[sgl-b300-inference.datacrunch.io]:33691): Broken pipe
Exception raised from sendBytes at /__w/pytorch/pytorch/torch/csrc/distributed/c10d/Utils.hpp:758 (most recent call first):
frame #0: c10::Error::Error(c10::SourceLocation, std::__cxx11::basic_string<char, std::char_traits<char>, std::allocator<char> >) + 0x9d (0x75c75ab6933d in /home/devuser/conda/envs/py312/lib/python3.12/site-packages/torch/lib/libc10.so)
frame #1: <unknown function> + 0x6811231 (0x75c6b915b231 in /home/devuser/conda/envs/py312/lib/python3.12/site-packages/torch/lib/libtorch_cpu.so)
frame #2: <unknown function> + 0x68123e1 (0x75c6b915c3e1 in /home/devuser/conda/envs/py312/lib/python3.12/site-packages/torch/lib/libtorch_cpu.so)
frame #3: <unknown function> + 0x681258d (0x75c6b915c58d in /home/devuser/conda/envs/py312/lib/python3.12/site-packages/torch/lib/libtorch_cpu.so)
frame #4: c10d::TCPStore::check(std::vector<std::__cxx11::basic_string<char, std::char_traits<char>, std::allocator<char> >, std::allocator<std::__cxx11::basic_string<char, std::char_traits<char>, std::allocator<char> > > > const&) + 0x35d (0x75c6b91551dd in /home/devuser/conda/envs/py312/lib/python3.12/site-packages/torch/lib/libtorch_cpu.so)
frame #5: c10d::ProcessGroupNCCL::HeartbeatMonitor::runLoop() + 0x436 (0x75c694d8d0e6 in /home/devuser/conda/envs/py312/lib/python3.12/site-packages/torch/lib/libtorch_cuda.so)
frame #6: <unknown function> + 0xef5e4 (0x75c75a6705e4 in /home/devuser/conda/envs/py312/bin/../lib/libstdc++.so.6)
frame #7: <unknown function> + 0x9caa4 (0x75c75ba7caa4 in /lib/x86_64-linux-gnu/libc.so.6)
frame #8: __clone + 0x44 (0x75c75bb09a64 in /lib/x86_64-linux-gnu/libc.so.6)

[rank4]:[W813 14:40:33.953445883 ProcessGroupNCCL.cpp:1900] [PG ID 0 PG GUID 0(default_pg) Rank 4] Failed to check the "should dump" flag on TCPStore, (maybe TCPStore server has shut down too early), with error: Broken pipe
[rank7]:[W813 14:40:33.011766064 TCPStore.cpp:106] [c10d] sendBytes failed on SocketImpl(fd=100, addr=[localhost]:49310, remote=[sgl-b300-inference.datacrunch.io]:33691): Broken pipe
Exception raised from sendBytes at /__w/pytorch/pytorch/torch/csrc/distributed/c10d/Utils.hpp:758 (most recent call first):
frame #0: c10::Error::Error(c10::SourceLocation, std::__cxx11::basic_string<char, std::char_traits<char>, std::allocator<char> >) + 0x9d (0x78f0b036933d in /home/devuser/conda/envs/py312/lib/python3.12/site-packages/torch/lib/libc10.so)
frame #1: <unknown function> + 0x6811231 (0x78f00e95b231 in /home/devuser/conda/envs/py312/lib/python3.12/site-packages/torch/lib/libtorch_cpu.so)
frame #2: <unknown function> + 0x68123e1 (0x78f00e95c3e1 in /home/devuser/conda/envs/py312/lib/python3.12/site-packages/torch/lib/libtorch_cpu.so)
frame #3: <unknown function> + 0x681258d (0x78f00e95c58d in /home/devuser/conda/envs/py312/lib/python3.12/site-packages/torch/lib/libtorch_cpu.so)
frame #4: c10d::TCPStore::check(std::vector<std::__cxx11::basic_string<char, std::char_traits<char>, std::allocator<char> >, std::allocator<std::__cxx11::basic_string<char, std::char_traits<char>, std::allocator<char> > > > const&) + 0x35d (0x78f00e9551dd in /home/devuser/conda/envs/py312/lib/python3.12/site-packages/torch/lib/libtorch_cpu.so)
frame #5: c10d::ProcessGroupNCCL::HeartbeatMonitor::runLoop() + 0x436 (0x78efea58d0e6 in /home/devuser/conda/envs/py312/lib/python3.12/site-packages/torch/lib/libtorch_cuda.so)
frame #6: <unknown function> + 0xef5e4 (0x78f0afe705e4 in /home/devuser/conda/envs/py312/bin/../lib/libstdc++.so.6)
frame #7: <unknown function> + 0x9caa4 (0x78f0b12b7aa4 in /lib/x86_64-linux-gnu/libc.so.6)
frame #8: __clone + 0x44 (0x78f0b1344a64 in /lib/x86_64-linux-gnu/libc.so.6)

[rank7]:[W813 14:40:33.014354355 ProcessGroupNCCL.cpp:1900] [PG ID 0 PG GUID 0(default_pg) Rank 7] Failed to check the "should dump" flag on TCPStore, (maybe TCPStore server has shut down too early), with error: Broken pipe
[rank3]:[W813 14:40:33.167786828 TCPStore.cpp:106] [c10d] sendBytes failed on SocketImpl(fd=100, addr=[localhost]:49296, remote=[sgl-b300-inference.datacrunch.io]:33691): Broken pipe
Exception raised from sendBytes at /__w/pytorch/pytorch/torch/csrc/distributed/c10d/Utils.hpp:758 (most recent call first):
frame #0: c10::Error::Error(c10::SourceLocation, std::__cxx11::basic_string<char, std::char_traits<char>, std::allocator<char> >) + 0x9d (0x75604f96933d in /home/devuser/conda/envs/py312/lib/python3.12/site-packages/torch/lib/libc10.so)
frame #1: <unknown function> + 0x6811231 (0x755fadf5b231 in /home/devuser/conda/envs/py312/lib/python3.12/site-packages/torch/lib/libtorch_cpu.so)
frame #2: <unknown function> + 0x68123e1 (0x755fadf5c3e1 in /home/devuser/conda/envs/py312/lib/python3.12/site-packages/torch/lib/libtorch_cpu.so)
frame #3: <unknown function> + 0x681258d (0x755fadf5c58d in /home/devuser/conda/envs/py312/lib/python3.12/site-packages/torch/lib/libtorch_cpu.so)
frame #4: c10d::TCPStore::check(std::vector<std::__cxx11::basic_string<char, std::char_traits<char>, std::allocator<char> >, std::allocator<std::__cxx11::basic_string<char, std::char_traits<char>, std::allocator<char> > > > const&) + 0x35d (0x755fadf551dd in /home/devuser/conda/envs/py312/lib/python3.12/site-packages/torch/lib/libtorch_cpu.so)
frame #5: c10d::ProcessGroupNCCL::HeartbeatMonitor::runLoop() + 0x436 (0x755f89b8d0e6 in /home/devuser/conda/envs/py312/lib/python3.12/site-packages/torch/lib/libtorch_cuda.so)
frame #6: <unknown function> + 0xef5e4 (0x75604f4705e4 in /home/devuser/conda/envs/py312/bin/../lib/libstdc++.so.6)
frame #7: <unknown function> + 0x9caa4 (0x7560508c5aa4 in /lib/x86_64-linux-gnu/libc.so.6)
frame #8: __clone + 0x44 (0x756050952a64 in /lib/x86_64-linux-gnu/libc.so.6)

[rank3]:[W813 14:40:33.170079429 ProcessGroupNCCL.cpp:1900] [PG ID 0 PG GUID 0(default_pg) Rank 3] Failed to check the "should dump" flag on TCPStore, (maybe TCPStore server has shut down too early), with error: Broken pipe
[rank1]:[W813 14:40:33.219346213 TCPStore.cpp:106] [c10d] sendBytes failed on SocketImpl(fd=100, addr=[localhost]:49304, remote=[sgl-b300-inference.datacrunch.io]:33691): Broken pipe
Exception raised from sendBytes at /__w/pytorch/pytorch/torch/csrc/distributed/c10d/Utils.hpp:758 (most recent call first):
frame #0: c10::Error::Error(c10::SourceLocation, std::__cxx11::basic_string<char, std::char_traits<char>, std::allocator<char> >) + 0x9d (0x7d8dac76933d in /home/devuser/conda/envs/py312/lib/python3.12/site-packages/torch/lib/libc10.so)
frame #1: <unknown function> + 0x6811231 (0x7d8d0ad5b231 in /home/devuser/conda/envs/py312/lib/python3.12/site-packages/torch/lib/libtorch_cpu.so)
frame #2: <unknown function> + 0x68123e1 (0x7d8d0ad5c3e1 in /home/devuser/conda/envs/py312/lib/python3.12/site-packages/torch/lib/libtorch_cpu.so)
frame #3: <unknown function> + 0x681258d (0x7d8d0ad5c58d in /home/devuser/conda/envs/py312/lib/python3.12/site-packages/torch/lib/libtorch_cpu.so)
frame #4: c10d::TCPStore::check(std::vector<std::__cxx11::basic_string<char, std::char_traits<char>, std::allocator<char> >, std::allocator<std::__cxx11::basic_string<char, std::char_traits<char>, std::allocator<char> > > > const&) + 0x35d (0x7d8d0ad551dd in /home/devuser/conda/envs/py312/lib/python3.12/site-packages/torch/lib/libtorch_cpu.so)
frame #5: c10d::ProcessGroupNCCL::HeartbeatMonitor::runLoop() + 0x436 (0x7d8ce698d0e6 in /home/devuser/conda/envs/py312/lib/python3.12/site-packages/torch/lib/libtorch_cuda.so)
frame #6: <unknown function> + 0xef5e4 (0x7d8dac2705e4 in /home/devuser/conda/envs/py312/bin/../lib/libstdc++.so.6)
frame #7: <unknown function> + 0x9caa4 (0x7d8dad6c7aa4 in /lib/x86_64-linux-gnu/libc.so.6)
frame #8: __clone + 0x44 (0x7d8dad754a64 in /lib/x86_64-linux-gnu/libc.so.6)

[rank1]:[W813 14:40:33.221351352 ProcessGroupNCCL.cpp:1900] [PG ID 0 PG GUID 0(default_pg) Rank 1] Failed to check the "should dump" flag on TCPStore, (maybe TCPStore server has shut down too early), with error: Broken pipe
[rank0]:[W813 14:40:33.456357745 TCPStore.cpp:106] [c10d] sendBytes failed on SocketImpl(fd=100, addr=[localhost]:49270, remote=[sgl-b300-inference.datacrunch.io]:33691): Broken pipe
Exception raised from sendBytes at /__w/pytorch/pytorch/torch/csrc/distributed/c10d/Utils.hpp:758 (most recent call first):
frame #0: c10::Error::Error(c10::SourceLocation, std::__cxx11::basic_string<char, std::char_traits<char>, std::allocator<char> >) + 0x9d (0x76c6d456933d in /home/devuser/conda/envs/py312/lib/python3.12/site-packages/torch/lib/libc10.so)
frame #1: <unknown function> + 0x6811231 (0x76c66195b231 in /home/devuser/conda/envs/py312/lib/python3.12/site-packages/torch/lib/libtorch_cpu.so)
frame #2: <unknown function> + 0x68123e1 (0x76c66195c3e1 in /home/devuser/conda/envs/py312/lib/python3.12/site-packages/torch/lib/libtorch_cpu.so)
frame #3: <unknown function> + 0x681258d (0x76c66195c58d in /home/devuser/conda/envs/py312/lib/python3.12/site-packages/torch/lib/libtorch_cpu.so)
frame #4: c10d::TCPStore::check(std::vector<std::__cxx11::basic_string<char, std::char_traits<char>, std::allocator<char> >, std::allocator<std::__cxx11::basic_string<char, std::char_traits<char>, std::allocator<char> > > > const&) + 0x35d (0x76c6619551dd in /home/devuser/conda/envs/py312/lib/python3.12/site-packages/torch/lib/libtorch_cpu.so)
frame #5: c10d::ProcessGroupNCCL::HeartbeatMonitor::runLoop() + 0x436 (0x76c63d58d0e6 in /home/devuser/conda/envs/py312/lib/python3.12/site-packages/torch/lib/libtorch_cuda.so)
frame #6: <unknown function> + 0xef5e4 (0x76c702e705e4 in /home/devuser/conda/envs/py312/bin/../lib/libstdc++.so.6)
frame #7: <unknown function> + 0x9caa4 (0x76c70414faa4 in /lib/x86_64-linux-gnu/libc.so.6)
frame #8: __clone + 0x44 (0x76c7041dca64 in /lib/x86_64-linux-gnu/libc.so.6)

[rank0]:[W813 14:40:33.458684444 ProcessGroupNCCL.cpp:1900] [PG ID 0 PG GUID 0(default_pg) Rank 0] Failed to check the "should dump" flag on TCPStore, (maybe TCPStore server has shut down too early), with error: Broken pipe
[rank5]:[W813 14:40:34.662719052 TCPStore.cpp:106] [c10d] sendBytes failed on SocketImpl(fd=100, addr=[localhost]:49286, remote=[sgl-b300-inference.datacrunch.io]:33691): Broken pipe
Exception raised from sendBytes at /__w/pytorch/pytorch/torch/csrc/distributed/c10d/Utils.hpp:758 (most recent call first):
frame #0: c10::Error::Error(c10::SourceLocation, std::__cxx11::basic_string<char, std::char_traits<char>, std::allocator<char> >) + 0x9d (0x7dcf2856933d in /home/devuser/conda/envs/py312/lib/python3.12/site-packages/torch/lib/libc10.so)
frame #1: <unknown function> + 0x6811231 (0x7dce86b5b231 in /home/devuser/conda/envs/py312/lib/python3.12/site-packages/torch/lib/libtorch_cpu.so)
frame #2: <unknown function> + 0x68123e1 (0x7dce86b5c3e1 in /home/devuser/conda/envs/py312/lib/python3.12/site-packages/torch/lib/libtorch_cpu.so)
frame #3: <unknown function> + 0x681258d (0x7dce86b5c58d in /home/devuser/conda/envs/py312/lib/python3.12/site-packages/torch/lib/libtorch_cpu.so)
frame #4: c10d::TCPStore::check(std::vector<std::__cxx11::basic_string<char, std::char_traits<char>, std::allocator<char> >, std::allocator<std::__cxx11::basic_string<char, std::char_traits<char>, std::allocator<char> > > > const&) + 0x35d (0x7dce86b551dd in /home/devuser/conda/envs/py312/lib/python3.12/site-packages/torch/lib/libtorch_cpu.so)
frame #5: c10d::ProcessGroupNCCL::HeartbeatMonitor::runLoop() + 0x436 (0x7dce6278d0e6 in /home/devuser/conda/envs/py312/lib/python3.12/site-packages/torch/lib/libtorch_cuda.so)
frame #6: <unknown function> + 0xef5e4 (0x7dcf280705e4 in /home/devuser/conda/envs/py312/bin/../lib/libstdc++.so.6)
frame #7: <unknown function> + 0x9caa4 (0x7dcf29462aa4 in /lib/x86_64-linux-gnu/libc.so.6)
frame #8: __clone + 0x44 (0x7dcf294efa64 in /lib/x86_64-linux-gnu/libc.so.6)

[rank5]:[W813 14:40:34.665194608 ProcessGroupNCCL.cpp:1900] [PG ID 0 PG GUID 0(default_pg) Rank 5] Failed to check the "should dump" flag on TCPStore, (maybe TCPStore server has shut down too early), with error: Broken pipe
[rank6]:[W813 14:40:34.880450288 TCPStore.cpp:106] [c10d] sendBytes failed on SocketImpl(fd=100, addr=[localhost]:49280, remote=[sgl-b300-inference.datacrunch.io]:33691): Broken pipe
Exception raised from sendBytes at /__w/pytorch/pytorch/torch/csrc/distributed/c10d/Utils.hpp:758 (most recent call first):
frame #0: c10::Error::Error(c10::SourceLocation, std::__cxx11::basic_string<char, std::char_traits<char>, std::allocator<char> >) + 0x9d (0x79e54e76933d in /home/devuser/conda/envs/py312/lib/python3.12/site-packages/torch/lib/libc10.so)
frame #1: <unknown function> + 0x6811231 (0x79e4dbb5b231 in /home/devuser/conda/envs/py312/lib/python3.12/site-packages/torch/lib/libtorch_cpu.so)
frame #2: <unknown function> + 0x68123e1 (0x79e4dbb5c3e1 in /home/devuser/conda/envs/py312/lib/python3.12/site-packages/torch/lib/libtorch_cpu.so)
frame #3: <unknown function> + 0x681258d (0x79e4dbb5c58d in /home/devuser/conda/envs/py312/lib/python3.12/site-packages/torch/lib/libtorch_cpu.so)
frame #4: c10d::TCPStore::check(std::vector<std::__cxx11::basic_string<char, std::char_traits<char>, std::allocator<char> >, std::allocator<std::__cxx11::basic_string<char, std::char_traits<char>, std::allocator<char> > > > const&) + 0x35d (0x79e4dbb551dd in /home/devuser/conda/envs/py312/lib/python3.12/site-packages/torch/lib/libtorch_cpu.so)
frame #5: c10d::ProcessGroupNCCL::HeartbeatMonitor::runLoop() + 0x436 (0x79e4b778d0e6 in /home/devuser/conda/envs/py312/lib/python3.12/site-packages/torch/lib/libtorch_cuda.so)
frame #6: <unknown function> + 0xef5e4 (0x79e57d0705e4 in /home/devuser/conda/envs/py312/bin/../lib/libstdc++.so.6)
frame #7: <unknown function> + 0x9caa4 (0x79e57e3cdaa4 in /lib/x86_64-linux-gnu/libc.so.6)
frame #8: __clone + 0x44 (0x79e57e45aa64 in /lib/x86_64-linux-gnu/libc.so.6)

[rank6]:[W813 14:40:34.883035710 ProcessGroupNCCL.cpp:1900] [PG ID 0 PG GUID 0(default_pg) Rank 6] Failed to check the "should dump" flag on TCPStore, (maybe TCPStore server has shut down too early), with error: Broken pipe
[rank2]:[W813 14:40:34.912808962 TCPStore.cpp:106] [c10d] sendBytes failed on SocketImpl(fd=100, addr=[localhost]:49326, remote=[sgl-b300-inference.datacrunch.io]:33691): Broken pipe
Exception raised from sendBytes at /__w/pytorch/pytorch/torch/csrc/distributed/c10d/Utils.hpp:758 (most recent call first):
frame #0: c10::Error::Error(c10::SourceLocation, std::__cxx11::basic_string<char, std::char_traits<char>, std::allocator<char> >) + 0x9d (0x7dc559d6933d in /home/devuser/conda/envs/py312/lib/python3.12/site-packages/torch/lib/libc10.so)
frame #1: <unknown function> + 0x6811231 (0x7dc4b835b231 in /home/devuser/conda/envs/py312/lib/python3.12/site-packages/torch/lib/libtorch_cpu.so)
frame #2: <unknown function> + 0x68123e1 (0x7dc4b835c3e1 in /home/devuser/conda/envs/py312/lib/python3.12/site-packages/torch/lib/libtorch_cpu.so)
frame #3: <unknown function> + 0x681258d (0x7dc4b835c58d in /home/devuser/conda/envs/py312/lib/python3.12/site-packages/torch/lib/libtorch_cpu.so)
frame #4: c10d::TCPStore::check(std::vector<std::__cxx11::basic_string<char, std::char_traits<char>, std::allocator<char> >, std::allocator<std::__cxx11::basic_string<char, std::char_traits<char>, std::allocator<char> > > > const&) + 0x35d (0x7dc4b83551dd in /home/devuser/conda/envs/py312/lib/python3.12/site-packages/torch/lib/libtorch_cpu.so)
frame #5: c10d::ProcessGroupNCCL::HeartbeatMonitor::runLoop() + 0x436 (0x7dc493f8d0e6 in /home/devuser/conda/envs/py312/lib/python3.12/site-packages/torch/lib/libtorch_cuda.so)
frame #6: <unknown function> + 0xef5e4 (0x7dc5598705e4 in /home/devuser/conda/envs/py312/bin/../lib/libstdc++.so.6)
frame #7: <unknown function> + 0x9caa4 (0x7dc55ac7aaa4 in /lib/x86_64-linux-gnu/libc.so.6)
frame #8: __clone + 0x44 (0x7dc55ad07a64 in /lib/x86_64-linux-gnu/libc.so.6)

[rank2]:[W813 14:40:34.915278657 ProcessGroupNCCL.cpp:1900] [PG ID 0 PG GUID 0(default_pg) Rank 2] Failed to check the "should dump" flag on TCPStore, (maybe TCPStore server has shut down too early), with error: Broken pipe
[rank4]:[W813 14:40:34.953579353 TCPStore.cpp:106] [c10d] sendBytes failed on SocketImpl(fd=100, addr=[localhost]:49282, remote=[sgl-b300-inference.datacrunch.io]:33691): Broken pipe
Exception raised from sendBytes at /__w/pytorch/pytorch/torch/csrc/distributed/c10d/Utils.hpp:758 (most recent call first):
frame #0: c10::Error::Error(c10::SourceLocation, std::__cxx11::basic_string<char, std::char_traits<char>, std::allocator<char> >) + 0x9d (0x75c75ab6933d in /home/devuser/conda/envs/py312/lib/python3.12/site-packages/torch/lib/libc10.so)
frame #1: <unknown function> + 0x6811231 (0x75c6b915b231 in /home/devuser/conda/envs/py312/lib/python3.12/site-packages/torch/lib/libtorch_cpu.so)
frame #2: <unknown function> + 0x68123e1 (0x75c6b915c3e1 in /home/devuser/conda/envs/py312/lib/python3.12/site-packages/torch/lib/libtorch_cpu.so)
frame #3: <unknown function> + 0x681258d (0x75c6b915c58d in /home/devuser/conda/envs/py312/lib/python3.12/site-packages/torch/lib/libtorch_cpu.so)
frame #4: c10d::TCPStore::check(std::vector<std::__cxx11::basic_string<char, std::char_traits<char>, std::allocator<char> >, std::allocator<std::__cxx11::basic_string<char, std::char_traits<char>, std::allocator<char> > > > const&) + 0x35d (0x75c6b91551dd in /home/devuser/conda/envs/py312/lib/python3.12/site-packages/torch/lib/libtorch_cpu.so)
frame #5: c10d::ProcessGroupNCCL::HeartbeatMonitor::runLoop() + 0x436 (0x75c694d8d0e6 in /home/devuser/conda/envs/py312/lib/python3.12/site-packages/torch/lib/libtorch_cuda.so)
frame #6: <unknown function> + 0xef5e4 (0x75c75a6705e4 in /home/devuser/conda/envs/py312/bin/../lib/libstdc++.so.6)
frame #7: <unknown function> + 0x9caa4 (0x75c75ba7caa4 in /lib/x86_64-linux-gnu/libc.so.6)
frame #8: __clone + 0x44 (0x75c75bb09a64 in /lib/x86_64-linux-gnu/libc.so.6)

[rank4]:[W813 14:40:34.956267512 ProcessGroupNCCL.cpp:1900] [PG ID 0 PG GUID 0(default_pg) Rank 4] Failed to check the "should dump" flag on TCPStore, (maybe TCPStore server has shut down too early), with error: Broken pipe
[rank7]:[W813 14:40:34.014497636 TCPStore.cpp:106] [c10d] sendBytes failed on SocketImpl(fd=100, addr=[localhost]:49310, remote=[sgl-b300-inference.datacrunch.io]:33691): Broken pipe
Exception raised from sendBytes at /__w/pytorch/pytorch/torch/csrc/distributed/c10d/Utils.hpp:758 (most recent call first):
frame #0: c10::Error::Error(c10::SourceLocation, std::__cxx11::basic_string<char, std::char_traits<char>, std::allocator<char> >) + 0x9d (0x78f0b036933d in /home/devuser/conda/envs/py312/lib/python3.12/site-packages/torch/lib/libc10.so)
frame #1: <unknown function> + 0x6811231 (0x78f00e95b231 in /home/devuser/conda/envs/py312/lib/python3.12/site-packages/torch/lib/libtorch_cpu.so)
frame #2: <unknown function> + 0x68123e1 (0x78f00e95c3e1 in /home/devuser/conda/envs/py312/lib/python3.12/site-packages/torch/lib/libtorch_cpu.so)
frame #3: <unknown function> + 0x681258d (0x78f00e95c58d in /home/devuser/conda/envs/py312/lib/python3.12/site-packages/torch/lib/libtorch_cpu.so)
frame #4: c10d::TCPStore::check(std::vector<std::__cxx11::basic_string<char, std::char_traits<char>, std::allocator<char> >, std::allocator<std::__cxx11::basic_string<char, std::char_traits<char>, std::allocator<char> > > > const&) + 0x35d (0x78f00e9551dd in /home/devuser/conda/envs/py312/lib/python3.12/site-packages/torch/lib/libtorch_cpu.so)
frame #5: c10d::ProcessGroupNCCL::HeartbeatMonitor::runLoop() + 0x436 (0x78efea58d0e6 in /home/devuser/conda/envs/py312/lib/python3.12/site-packages/torch/lib/libtorch_cuda.so)
frame #6: <unknown function> + 0xef5e4 (0x78f0afe705e4 in /home/devuser/conda/envs/py312/bin/../lib/libstdc++.so.6)
frame #7: <unknown function> + 0x9caa4 (0x78f0b12b7aa4 in /lib/x86_64-linux-gnu/libc.so.6)
frame #8: __clone + 0x44 (0x78f0b1344a64 in /lib/x86_64-linux-gnu/libc.so.6)

[rank7]:[W813 14:40:34.017062959 ProcessGroupNCCL.cpp:1900] [PG ID 0 PG GUID 0(default_pg) Rank 7] Failed to check the "should dump" flag on TCPStore, (maybe TCPStore server has shut down too early), with error: Broken pipe
[rank3]:[W813 14:40:34.170176462 TCPStore.cpp:106] [c10d] sendBytes failed on SocketImpl(fd=100, addr=[localhost]:49296, remote=[sgl-b300-inference.datacrunch.io]:33691): Broken pipe
Exception raised from sendBytes at /__w/pytorch/pytorch/torch/csrc/distributed/c10d/Utils.hpp:758 (most recent call first):
frame #0: c10::Error::Error(c10::SourceLocation, std::__cxx11::basic_string<char, std::char_traits<char>, std::allocator<char> >) + 0x9d (0x75604f96933d in /home/devuser/conda/envs/py312/lib/python3.12/site-packages/torch/lib/libc10.so)
frame #1: <unknown function> + 0x6811231 (0x755fadf5b231 in /home/devuser/conda/envs/py312/lib/python3.12/site-packages/torch/lib/libtorch_cpu.so)
frame #2: <unknown function> + 0x68123e1 (0x755fadf5c3e1 in /home/devuser/conda/envs/py312/lib/python3.12/site-packages/torch/lib/libtorch_cpu.so)
frame #3: <unknown function> + 0x681258d (0x755fadf5c58d in /home/devuser/conda/envs/py312/lib/python3.12/site-packages/torch/lib/libtorch_cpu.so)
frame #4: c10d::TCPStore::check(std::vector<std::__cxx11::basic_string<char, std::char_traits<char>, std::allocator<char> >, std::allocator<std::__cxx11::basic_string<char, std::char_traits<char>, std::allocator<char> > > > const&) + 0x35d (0x755fadf551dd in /home/devuser/conda/envs/py312/lib/python3.12/site-packages/torch/lib/libtorch_cpu.so)
frame #5: c10d::ProcessGroupNCCL::HeartbeatMonitor::runLoop() + 0x436 (0x755f89b8d0e6 in /home/devuser/conda/envs/py312/lib/python3.12/site-packages/torch/lib/libtorch_cuda.so)
frame #6: <unknown function> + 0xef5e4 (0x75604f4705e4 in /home/devuser/conda/envs/py312/bin/../lib/libstdc++.so.6)
frame #7: <unknown function> + 0x9caa4 (0x7560508c5aa4 in /lib/x86_64-linux-gnu/libc.so.6)
frame #8: __clone + 0x44 (0x756050952a64 in /lib/x86_64-linux-gnu/libc.so.6)

[rank3]:[W813 14:40:34.173488012 ProcessGroupNCCL.cpp:1900] [PG ID 0 PG GUID 0(default_pg) Rank 3] Failed to check the "should dump" flag on TCPStore, (maybe TCPStore server has shut down too early), with error: Broken pipe
[rank1]:[W813 14:40:34.221501793 TCPStore.cpp:106] [c10d] sendBytes failed on SocketImpl(fd=100, addr=[localhost]:49304, remote=[sgl-b300-inference.datacrunch.io]:33691): Broken pipe
Exception raised from sendBytes at /__w/pytorch/pytorch/torch/csrc/distributed/c10d/Utils.hpp:758 (most recent call first):
frame #0: c10::Error::Error(c10::SourceLocation, std::__cxx11::basic_string<char, std::char_traits<char>, std::allocator<char> >) + 0x9d (0x7d8dac76933d in /home/devuser/conda/envs/py312/lib/python3.12/site-packages/torch/lib/libc10.so)
frame #1: <unknown function> + 0x6811231 (0x7d8d0ad5b231 in /home/devuser/conda/envs/py312/lib/python3.12/site-packages/torch/lib/libtorch_cpu.so)
frame #2: <unknown function> + 0x68123e1 (0x7d8d0ad5c3e1 in /home/devuser/conda/envs/py312/lib/python3.12/site-packages/torch/lib/libtorch_cpu.so)
frame #3: <unknown function> + 0x681258d (0x7d8d0ad5c58d in /home/devuser/conda/envs/py312/lib/python3.12/site-packages/torch/lib/libtorch_cpu.so)
frame #4: c10d::TCPStore::check(std::vector<std::__cxx11::basic_string<char, std::char_traits<char>, std::allocator<char> >, std::allocator<std::__cxx11::basic_string<char, std::char_traits<char>, std::allocator<char> > > > const&) + 0x35d (0x7d8d0ad551dd in /home/devuser/conda/envs/py312/lib/python3.12/site-packages/torch/lib/libtorch_cpu.so)
frame #5: c10d::ProcessGroupNCCL::HeartbeatMonitor::runLoop() + 0x436 (0x7d8ce698d0e6 in /home/devuser/conda/envs/py312/lib/python3.12/site-packages/torch/lib/libtorch_cuda.so)
frame #6: <unknown function> + 0xef5e4 (0x7d8dac2705e4 in /home/devuser/conda/envs/py312/bin/../lib/libstdc++.so.6)
frame #7: <unknown function> + 0x9caa4 (0x7d8dad6c7aa4 in /lib/x86_64-linux-gnu/libc.so.6)
frame #8: __clone + 0x44 (0x7d8dad754a64 in /lib/x86_64-linux-gnu/libc.so.6)

[rank1]:[W813 14:40:34.223490534 ProcessGroupNCCL.cpp:1900] [PG ID 0 PG GUID 0(default_pg) Rank 1] Failed to check the "should dump" flag on TCPStore, (maybe TCPStore server has shut down too early), with error: Broken pipe
[rank0]:[W813 14:40:34.458808049 TCPStore.cpp:106] [c10d] sendBytes failed on SocketImpl(fd=100, addr=[localhost]:49270, remote=[sgl-b300-inference.datacrunch.io]:33691): Broken pipe
Exception raised from sendBytes at /__w/pytorch/pytorch/torch/csrc/distributed/c10d/Utils.hpp:758 (most recent call first):
frame #0: c10::Error::Error(c10::SourceLocation, std::__cxx11::basic_string<char, std::char_traits<char>, std::allocator<char> >) + 0x9d (0x76c6d456933d in /home/devuser/conda/envs/py312/lib/python3.12/site-packages/torch/lib/libc10.so)
frame #1: <unknown function> + 0x6811231 (0x76c66195b231 in /home/devuser/conda/envs/py312/lib/python3.12/site-packages/torch/lib/libtorch_cpu.so)
frame #2: <unknown function> + 0x68123e1 (0x76c66195c3e1 in /home/devuser/conda/envs/py312/lib/python3.12/site-packages/torch/lib/libtorch_cpu.so)
frame #3: <unknown function> + 0x681258d (0x76c66195c58d in /home/devuser/conda/envs/py312/lib/python3.12/site-packages/torch/lib/libtorch_cpu.so)
frame #4: c10d::TCPStore::check(std::vector<std::__cxx11::basic_string<char, std::char_traits<char>, std::allocator<char> >, std::allocator<std::__cxx11::basic_string<char, std::char_traits<char>, std::allocator<char> > > > const&) + 0x35d (0x76c6619551dd in /home/devuser/conda/envs/py312/lib/python3.12/site-packages/torch/lib/libtorch_cpu.so)
frame #5: c10d::ProcessGroupNCCL::HeartbeatMonitor::runLoop() + 0x436 (0x76c63d58d0e6 in /home/devuser/conda/envs/py312/lib/python3.12/site-packages/torch/lib/libtorch_cuda.so)
frame #6: <unknown function> + 0xef5e4 (0x76c702e705e4 in /home/devuser/conda/envs/py312/bin/../lib/libstdc++.so.6)
frame #7: <unknown function> + 0x9caa4 (0x76c70414faa4 in /lib/x86_64-linux-gnu/libc.so.6)
frame #8: __clone + 0x44 (0x76c7041dca64 in /lib/x86_64-linux-gnu/libc.so.6)

[rank0]:[W813 14:40:34.461379961 ProcessGroupNCCL.cpp:1900] [PG ID 0 PG GUID 0(default_pg) Rank 0] Failed to check the "should dump" flag on TCPStore, (maybe TCPStore server has shut down too early), with error: Broken pipe
[rank5]:[W813 14:40:35.665281195 TCPStore.cpp:106] [c10d] sendBytes failed on SocketImpl(fd=100, addr=[localhost]:49286, remote=[sgl-b300-inference.datacrunch.io]:33691): Broken pipe
Exception raised from sendBytes at /__w/pytorch/pytorch/torch/csrc/distributed/c10d/Utils.hpp:758 (most recent call first):
frame #0: c10::Error::Error(c10::SourceLocation, std::__cxx11::basic_string<char, std::char_traits<char>, std::allocator<char> >) + 0x9d (0x7dcf2856933d in /home/devuser/conda/envs/py312/lib/python3.12/site-packages/torch/lib/libc10.so)
frame #1: <unknown function> + 0x6811231 (0x7dce86b5b231 in /home/devuser/conda/envs/py312/lib/python3.12/site-packages/torch/lib/libtorch_cpu.so)
frame #2: <unknown function> + 0x68123e1 (0x7dce86b5c3e1 in /home/devuser/conda/envs/py312/lib/python3.12/site-packages/torch/lib/libtorch_cpu.so)
frame #3: <unknown function> + 0x681258d (0x7dce86b5c58d in /home/devuser/conda/envs/py312/lib/python3.12/site-packages/torch/lib/libtorch_cpu.so)
frame #4: c10d::TCPStore::check(std::vector<std::__cxx11::basic_string<char, std::char_traits<char>, std::allocator<char> >, std::allocator<std::__cxx11::basic_string<char, std::char_traits<char>, std::allocator<char> > > > const&) + 0x35d (0x7dce86b551dd in /home/devuser/conda/envs/py312/lib/python3.12/site-packages/torch/lib/libtorch_cpu.so)
frame #5: c10d::ProcessGroupNCCL::HeartbeatMonitor::runLoop() + 0x436 (0x7dce6278d0e6 in /home/devuser/conda/envs/py312/lib/python3.12/site-packages/torch/lib/libtorch_cuda.so)
frame #6: <unknown function> + 0xef5e4 (0x7dcf280705e4 in /home/devuser/conda/envs/py312/bin/../lib/libstdc++.so.6)
frame #7: <unknown function> + 0x9caa4 (0x7dcf29462aa4 in /lib/x86_64-linux-gnu/libc.so.6)
frame #8: __clone + 0x44 (0x7dcf294efa64 in /lib/x86_64-linux-gnu/libc.so.6)

[rank5]:[W813 14:40:35.667738752 ProcessGroupNCCL.cpp:1900] [PG ID 0 PG GUID 0(default_pg) Rank 5] Failed to check the "should dump" flag on TCPStore, (maybe TCPStore server has shut down too early), with error: Broken pipe
[rank6]:[W813 14:40:35.883125948 TCPStore.cpp:106] [c10d] sendBytes failed on SocketImpl(fd=100, addr=[localhost]:49280, remote=[sgl-b300-inference.datacrunch.io]:33691): Broken pipe
Exception raised from sendBytes at /__w/pytorch/pytorch/torch/csrc/distributed/c10d/Utils.hpp:758 (most recent call first):
frame #0: c10::Error::Error(c10::SourceLocation, std::__cxx11::basic_string<char, std::char_traits<char>, std::allocator<char> >) + 0x9d (0x79e54e76933d in /home/devuser/conda/envs/py312/lib/python3.12/site-packages/torch/lib/libc10.so)
frame #1: <unknown function> + 0x6811231 (0x79e4dbb5b231 in /home/devuser/conda/envs/py312/lib/python3.12/site-packages/torch/lib/libtorch_cpu.so)
frame #2: <unknown function> + 0x68123e1 (0x79e4dbb5c3e1 in /home/devuser/conda/envs/py312/lib/python3.12/site-packages/torch/lib/libtorch_cpu.so)
frame #3: <unknown function> + 0x681258d (0x79e4dbb5c58d in /home/devuser/conda/envs/py312/lib/python3.12/site-packages/torch/lib/libtorch_cpu.so)
frame #4: c10d::TCPStore::check(std::vector<std::__cxx11::basic_string<char, std::char_traits<char>, std::allocator<char> >, std::allocator<std::__cxx11::basic_string<char, std::char_traits<char>, std::allocator<char> > > > const&) + 0x35d (0x79e4dbb551dd in /home/devuser/conda/envs/py312/lib/python3.12/site-packages/torch/lib/libtorch_cpu.so)
frame #5: c10d::ProcessGroupNCCL::HeartbeatMonitor::runLoop() + 0x436 (0x79e4b778d0e6 in /home/devuser/conda/envs/py312/lib/python3.12/site-packages/torch/lib/libtorch_cuda.so)
frame #6: <unknown function> + 0xef5e4 (0x79e57d0705e4 in /home/devuser/conda/envs/py312/bin/../lib/libstdc++.so.6)
frame #7: <unknown function> + 0x9caa4 (0x79e57e3cdaa4 in /lib/x86_64-linux-gnu/libc.so.6)
frame #8: __clone + 0x44 (0x79e57e45aa64 in /lib/x86_64-linux-gnu/libc.so.6)

[rank6]:[W813 14:40:35.885702451 ProcessGroupNCCL.cpp:1900] [PG ID 0 PG GUID 0(default_pg) Rank 6] Failed to check the "should dump" flag on TCPStore, (maybe TCPStore server has shut down too early), with error: Broken pipe
[rank2]:[W813 14:40:35.915377676 TCPStore.cpp:106] [c10d] sendBytes failed on SocketImpl(fd=100, addr=[localhost]:49326, remote=[sgl-b300-inference.datacrunch.io]:33691): Broken pipe
Exception raised from sendBytes at /__w/pytorch/pytorch/torch/csrc/distributed/c10d/Utils.hpp:758 (most recent call first):
frame #0: c10::Error::Error(c10::SourceLocation, std::__cxx11::basic_string<char, std::char_traits<char>, std::allocator<char> >) + 0x9d (0x7dc559d6933d in /home/devuser/conda/envs/py312/lib/python3.12/site-packages/torch/lib/libc10.so)
frame #1: <unknown function> + 0x6811231 (0x7dc4b835b231 in /home/devuser/conda/envs/py312/lib/python3.12/site-packages/torch/lib/libtorch_cpu.so)
frame #2: <unknown function> + 0x68123e1 (0x7dc4b835c3e1 in /home/devuser/conda/envs/py312/lib/python3.12/site-packages/torch/lib/libtorch_cpu.so)
frame #3: <unknown function> + 0x681258d (0x7dc4b835c58d in /home/devuser/conda/envs/py312/lib/python3.12/site-packages/torch/lib/libtorch_cpu.so)
frame #4: c10d::TCPStore::check(std::vector<std::__cxx11::basic_string<char, std::char_traits<char>, std::allocator<char> >, std::allocator<std::__cxx11::basic_string<char, std::char_traits<char>, std::allocator<char> > > > const&) + 0x35d (0x7dc4b83551dd in /home/devuser/conda/envs/py312/lib/python3.12/site-packages/torch/lib/libtorch_cpu.so)
frame #5: c10d::ProcessGroupNCCL::HeartbeatMonitor::runLoop() + 0x436 (0x7dc493f8d0e6 in /home/devuser/conda/envs/py312/lib/python3.12/site-packages/torch/lib/libtorch_cuda.so)
frame #6: <unknown function> + 0xef5e4 (0x7dc5598705e4 in /home/devuser/conda/envs/py312/bin/../lib/libstdc++.so.6)
frame #7: <unknown function> + 0x9caa4 (0x7dc55ac7aaa4 in /lib/x86_64-linux-gnu/libc.so.6)
frame #8: __clone + 0x44 (0x7dc55ad07a64 in /lib/x86_64-linux-gnu/libc.so.6)

[rank2]:[W813 14:40:35.917888972 ProcessGroupNCCL.cpp:1900] [PG ID 0 PG GUID 0(default_pg) Rank 2] Failed to check the "should dump" flag on TCPStore, (maybe TCPStore server has shut down too early), with error: Broken pipe
[rank4]:[W813 14:40:35.956375721 TCPStore.cpp:106] [c10d] sendBytes failed on SocketImpl(fd=100, addr=[localhost]:49282, remote=[sgl-b300-inference.datacrunch.io]:33691): Broken pipe
Exception raised from sendBytes at /__w/pytorch/pytorch/torch/csrc/distributed/c10d/Utils.hpp:758 (most recent call first):
frame #0: c10::Error::Error(c10::SourceLocation, std::__cxx11::basic_string<char, std::char_traits<char>, std::allocator<char> >) + 0x9d (0x75c75ab6933d in /home/devuser/conda/envs/py312/lib/python3.12/site-packages/torch/lib/libc10.so)
frame #1: <unknown function> + 0x6811231 (0x75c6b915b231 in /home/devuser/conda/envs/py312/lib/python3.12/site-packages/torch/lib/libtorch_cpu.so)
frame #2: <unknown function> + 0x68123e1 (0x75c6b915c3e1 in /home/devuser/conda/envs/py312/lib/python3.12/site-packages/torch/lib/libtorch_cpu.so)
frame #3: <unknown function> + 0x681258d (0x75c6b915c58d in /home/devuser/conda/envs/py312/lib/python3.12/site-packages/torch/lib/libtorch_cpu.so)
frame #4: c10d::TCPStore::check(std::vector<std::__cxx11::basic_string<char, std::char_traits<char>, std::allocator<char> >, std::allocator<std::__cxx11::basic_string<char, std::char_traits<char>, std::allocator<char> > > > const&) + 0x35d (0x75c6b91551dd in /home/devuser/conda/envs/py312/lib/python3.12/site-packages/torch/lib/libtorch_cpu.so)
frame #5: c10d::ProcessGroupNCCL::HeartbeatMonitor::runLoop() + 0x436 (0x75c694d8d0e6 in /home/devuser/conda/envs/py312/lib/python3.12/site-packages/torch/lib/libtorch_cuda.so)
frame #6: <unknown function> + 0xef5e4 (0x75c75a6705e4 in /home/devuser/conda/envs/py312/bin/../lib/libstdc++.so.6)
frame #7: <unknown function> + 0x9caa4 (0x75c75ba7caa4 in /lib/x86_64-linux-gnu/libc.so.6)
frame #8: __clone + 0x44 (0x75c75bb09a64 in /lib/x86_64-linux-gnu/libc.so.6)

[rank4]:[W813 14:40:35.958333182 ProcessGroupNCCL.cpp:1900] [PG ID 0 PG GUID 0(default_pg) Rank 4] Failed to check the "should dump" flag on TCPStore, (maybe TCPStore server has shut down too early), with error: Broken pipe
[rank7]:[W813 14:40:35.017185099 TCPStore.cpp:106] [c10d] sendBytes failed on SocketImpl(fd=100, addr=[localhost]:49310, remote=[sgl-b300-inference.datacrunch.io]:33691): Broken pipe
Exception raised from sendBytes at /__w/pytorch/pytorch/torch/csrc/distributed/c10d/Utils.hpp:758 (most recent call first):
frame #0: c10::Error::Error(c10::SourceLocation, std::__cxx11::basic_string<char, std::char_traits<char>, std::allocator<char> >) + 0x9d (0x78f0b036933d in /home/devuser/conda/envs/py312/lib/python3.12/site-packages/torch/lib/libc10.so)
frame #1: <unknown function> + 0x6811231 (0x78f00e95b231 in /home/devuser/conda/envs/py312/lib/python3.12/site-packages/torch/lib/libtorch_cpu.so)
frame #2: <unknown function> + 0x68123e1 (0x78f00e95c3e1 in /home/devuser/conda/envs/py312/lib/python3.12/site-packages/torch/lib/libtorch_cpu.so)
frame #3: <unknown function> + 0x681258d (0x78f00e95c58d in /home/devuser/conda/envs/py312/lib/python3.12/site-packages/torch/lib/libtorch_cpu.so)
frame #4: c10d::TCPStore::check(std::vector<std::__cxx11::basic_string<char, std::char_traits<char>, std::allocator<char> >, std::allocator<std::__cxx11::basic_string<char, std::char_traits<char>, std::allocator<char> > > > const&) + 0x35d (0x78f00e9551dd in /home/devuser/conda/envs/py312/lib/python3.12/site-packages/torch/lib/libtorch_cpu.so)
frame #5: c10d::ProcessGroupNCCL::HeartbeatMonitor::runLoop() + 0x436 (0x78efea58d0e6 in /home/devuser/conda/envs/py312/lib/python3.12/site-packages/torch/lib/libtorch_cuda.so)
frame #6: <unknown function> + 0xef5e4 (0x78f0afe705e4 in /home/devuser/conda/envs/py312/bin/../lib/libstdc++.so.6)
frame #7: <unknown function> + 0x9caa4 (0x78f0b12b7aa4 in /lib/x86_64-linux-gnu/libc.so.6)
frame #8: __clone + 0x44 (0x78f0b1344a64 in /lib/x86_64-linux-gnu/libc.so.6)

[rank7]:[W813 14:40:35.019703583 ProcessGroupNCCL.cpp:1900] [PG ID 0 PG GUID 0(default_pg) Rank 7] Failed to check the "should dump" flag on TCPStore, (maybe TCPStore server has shut down too early), with error: Broken pipe
[rank3]:[W813 14:40:35.173601593 TCPStore.cpp:106] [c10d] sendBytes failed on SocketImpl(fd=100, addr=[localhost]:49296, remote=[sgl-b300-inference.datacrunch.io]:33691): Broken pipe
Exception raised from sendBytes at /__w/pytorch/pytorch/torch/csrc/distributed/c10d/Utils.hpp:758 (most recent call first):
frame #0: c10::Error::Error(c10::SourceLocation, std::__cxx11::basic_string<char, std::char_traits<char>, std::allocator<char> >) + 0x9d (0x75604f96933d in /home/devuser/conda/envs/py312/lib/python3.12/site-packages/torch/lib/libc10.so)
frame #1: <unknown function> + 0x6811231 (0x755fadf5b231 in /home/devuser/conda/envs/py312/lib/python3.12/site-packages/torch/lib/libtorch_cpu.so)
frame #2: <unknown function> + 0x68123e1 (0x755fadf5c3e1 in /home/devuser/conda/envs/py312/lib/python3.12/site-packages/torch/lib/libtorch_cpu.so)
frame #3: <unknown function> + 0x681258d (0x755fadf5c58d in /home/devuser/conda/envs/py312/lib/python3.12/site-packages/torch/lib/libtorch_cpu.so)
frame #4: c10d::TCPStore::check(std::vector<std::__cxx11::basic_string<char, std::char_traits<char>, std::allocator<char> >, std::allocator<std::__cxx11::basic_string<char, std::char_traits<char>, std::allocator<char> > > > const&) + 0x35d (0x755fadf551dd in /home/devuser/conda/envs/py312/lib/python3.12/site-packages/torch/lib/libtorch_cpu.so)
frame #5: c10d::ProcessGroupNCCL::HeartbeatMonitor::runLoop() + 0x436 (0x755f89b8d0e6 in /home/devuser/conda/envs/py312/lib/python3.12/site-packages/torch/lib/libtorch_cuda.so)
frame #6: <unknown function> + 0xef5e4 (0x75604f4705e4 in /home/devuser/conda/envs/py312/bin/../lib/libstdc++.so.6)
frame #7: <unknown function> + 0x9caa4 (0x7560508c5aa4 in /lib/x86_64-linux-gnu/libc.so.6)
frame #8: __clone + 0x44 (0x756050952a64 in /lib/x86_64-linux-gnu/libc.so.6)

[rank3]:[W813 14:40:35.176707819 ProcessGroupNCCL.cpp:1900] [PG ID 0 PG GUID 0(default_pg) Rank 3] Failed to check the "should dump" flag on TCPStore, (maybe TCPStore server has shut down too early), with error: Broken pipe
[rank1]:[W813 14:40:35.223628545 TCPStore.cpp:106] [c10d] sendBytes failed on SocketImpl(fd=100, addr=[localhost]:49304, remote=[sgl-b300-inference.datacrunch.io]:33691): Broken pipe
Exception raised from sendBytes at /__w/pytorch/pytorch/torch/csrc/distributed/c10d/Utils.hpp:758 (most recent call first):
frame #0: c10::Error::Error(c10::SourceLocation, std::__cxx11::basic_string<char, std::char_traits<char>, std::allocator<char> >) + 0x9d (0x7d8dac76933d in /home/devuser/conda/envs/py312/lib/python3.12/site-packages/torch/lib/libc10.so)
frame #1: <unknown function> + 0x6811231 (0x7d8d0ad5b231 in /home/devuser/conda/envs/py312/lib/python3.12/site-packages/torch/lib/libtorch_cpu.so)
frame #2: <unknown function> + 0x68123e1 (0x7d8d0ad5c3e1 in /home/devuser/conda/envs/py312/lib/python3.12/site-packages/torch/lib/libtorch_cpu.so)
frame #3: <unknown function> + 0x681258d (0x7d8d0ad5c58d in /home/devuser/conda/envs/py312/lib/python3.12/site-packages/torch/lib/libtorch_cpu.so)
frame #4: c10d::TCPStore::check(std::vector<std::__cxx11::basic_string<char, std::char_traits<char>, std::allocator<char> >, std::allocator<std::__cxx11::basic_string<char, std::char_traits<char>, std::allocator<char> > > > const&) + 0x35d (0x7d8d0ad551dd in /home/devuser/conda/envs/py312/lib/python3.12/site-packages/torch/lib/libtorch_cpu.so)
frame #5: c10d::ProcessGroupNCCL::HeartbeatMonitor::runLoop() + 0x436 (0x7d8ce698d0e6 in /home/devuser/conda/envs/py312/lib/python3.12/site-packages/torch/lib/libtorch_cuda.so)
frame #6: <unknown function> + 0xef5e4 (0x7d8dac2705e4 in /home/devuser/conda/envs/py312/bin/../lib/libstdc++.so.6)
frame #7: <unknown function> + 0x9caa4 (0x7d8dad6c7aa4 in /lib/x86_64-linux-gnu/libc.so.6)
frame #8: __clone + 0x44 (0x7d8dad754a64 in /lib/x86_64-linux-gnu/libc.so.6)

[rank1]:[W813 14:40:35.225586246 ProcessGroupNCCL.cpp:1900] [PG ID 0 PG GUID 0(default_pg) Rank 1] Failed to check the "should dump" flag on TCPStore, (maybe TCPStore server has shut down too early), with error: Broken pipe
[rank0]:[W813 14:40:35.461482736 TCPStore.cpp:106] [c10d] sendBytes failed on SocketImpl(fd=100, addr=[localhost]:49270, remote=[sgl-b300-inference.datacrunch.io]:33691): Broken pipe
Exception raised from sendBytes at /__w/pytorch/pytorch/torch/csrc/distributed/c10d/Utils.hpp:758 (most recent call first):
frame #0: c10::Error::Error(c10::SourceLocation, std::__cxx11::basic_string<char, std::char_traits<char>, std::allocator<char> >) + 0x9d (0x76c6d456933d in /home/devuser/conda/envs/py312/lib/python3.12/site-packages/torch/lib/libc10.so)
frame #1: <unknown function> + 0x6811231 (0x76c66195b231 in /home/devuser/conda/envs/py312/lib/python3.12/site-packages/torch/lib/libtorch_cpu.so)
frame #2: <unknown function> + 0x68123e1 (0x76c66195c3e1 in /home/devuser/conda/envs/py312/lib/python3.12/site-packages/torch/lib/libtorch_cpu.so)
frame #3: <unknown function> + 0x681258d (0x76c66195c58d in /home/devuser/conda/envs/py312/lib/python3.12/site-packages/torch/lib/libtorch_cpu.so)
frame #4: c10d::TCPStore::check(std::vector<std::__cxx11::basic_string<char, std::char_traits<char>, std::allocator<char> >, std::allocator<std::__cxx11::basic_string<char, std::char_traits<char>, std::allocator<char> > > > const&) + 0x35d (0x76c6619551dd in /home/devuser/conda/envs/py312/lib/python3.12/site-packages/torch/lib/libtorch_cpu.so)
frame #5: c10d::ProcessGroupNCCL::HeartbeatMonitor::runLoop() + 0x436 (0x76c63d58d0e6 in /home/devuser/conda/envs/py312/lib/python3.12/site-packages/torch/lib/libtorch_cuda.so)
frame #6: <unknown function> + 0xef5e4 (0x76c702e705e4 in /home/devuser/conda/envs/py312/bin/../lib/libstdc++.so.6)
frame #7: <unknown function> + 0x9caa4 (0x76c70414faa4 in /lib/x86_64-linux-gnu/libc.so.6)
frame #8: __clone + 0x44 (0x76c7041dca64 in /lib/x86_64-linux-gnu/libc.so.6)

[rank0]:[W813 14:40:36.464014970 ProcessGroupNCCL.cpp:1900] [PG ID 0 PG GUID 0(default_pg) Rank 0] Failed to check the "should dump" flag on TCPStore, (maybe TCPStore server has shut down too early), with error: Broken pipe
[rank5]:[W813 14:40:36.667821509 TCPStore.cpp:106] [c10d] sendBytes failed on SocketImpl(fd=100, addr=[localhost]:49286, remote=[sgl-b300-inference.datacrunch.io]:33691): Broken pipe
Exception raised from sendBytes at /__w/pytorch/pytorch/torch/csrc/distributed/c10d/Utils.hpp:758 (most recent call first):
frame #0: c10::Error::Error(c10::SourceLocation, std::__cxx11::basic_string<char, std::char_traits<char>, std::allocator<char> >) + 0x9d (0x7dcf2856933d in /home/devuser/conda/envs/py312/lib/python3.12/site-packages/torch/lib/libc10.so)
frame #1: <unknown function> + 0x6811231 (0x7dce86b5b231 in /home/devuser/conda/envs/py312/lib/python3.12/site-packages/torch/lib/libtorch_cpu.so)
frame #2: <unknown function> + 0x68123e1 (0x7dce86b5c3e1 in /home/devuser/conda/envs/py312/lib/python3.12/site-packages/torch/lib/libtorch_cpu.so)
frame #3: <unknown function> + 0x681258d (0x7dce86b5c58d in /home/devuser/conda/envs/py312/lib/python3.12/site-packages/torch/lib/libtorch_cpu.so)
frame #4: c10d::TCPStore::check(std::vector<std::__cxx11::basic_string<char, std::char_traits<char>, std::allocator<char> >, std::allocator<std::__cxx11::basic_string<char, std::char_traits<char>, std::allocator<char> > > > const&) + 0x35d (0x7dce86b551dd in /home/devuser/conda/envs/py312/lib/python3.12/site-packages/torch/lib/libtorch_cpu.so)
frame #5: c10d::ProcessGroupNCCL::HeartbeatMonitor::runLoop() + 0x436 (0x7dce6278d0e6 in /home/devuser/conda/envs/py312/lib/python3.12/site-packages/torch/lib/libtorch_cuda.so)
frame #6: <unknown function> + 0xef5e4 (0x7dcf280705e4 in /home/devuser/conda/envs/py312/bin/../lib/libstdc++.so.6)
frame #7: <unknown function> + 0x9caa4 (0x7dcf29462aa4 in /lib/x86_64-linux-gnu/libc.so.6)
frame #8: __clone + 0x44 (0x7dcf294efa64 in /lib/x86_64-linux-gnu/libc.so.6)

[rank5]:[W813 14:40:36.670262135 ProcessGroupNCCL.cpp:1900] [PG ID 0 PG GUID 0(default_pg) Rank 5] Failed to check the "should dump" flag on TCPStore, (maybe TCPStore server has shut down too early), with error: Broken pipe
[rank6]:[W813 14:40:36.885803849 TCPStore.cpp:106] [c10d] sendBytes failed on SocketImpl(fd=100, addr=[localhost]:49280, remote=[sgl-b300-inference.datacrunch.io]:33691): Broken pipe
Exception raised from sendBytes at /__w/pytorch/pytorch/torch/csrc/distributed/c10d/Utils.hpp:758 (most recent call first):
frame #0: c10::Error::Error(c10::SourceLocation, std::__cxx11::basic_string<char, std::char_traits<char>, std::allocator<char> >) + 0x9d (0x79e54e76933d in /home/devuser/conda/envs/py312/lib/python3.12/site-packages/torch/lib/libc10.so)
frame #1: <unknown function> + 0x6811231 (0x79e4dbb5b231 in /home/devuser/conda/envs/py312/lib/python3.12/site-packages/torch/lib/libtorch_cpu.so)
frame #2: <unknown function> + 0x68123e1 (0x79e4dbb5c3e1 in /home/devuser/conda/envs/py312/lib/python3.12/site-packages/torch/lib/libtorch_cpu.so)
frame #3: <unknown function> + 0x681258d (0x79e4dbb5c58d in /home/devuser/conda/envs/py312/lib/python3.12/site-packages/torch/lib/libtorch_cpu.so)
frame #4: c10d::TCPStore::check(std::vector<std::__cxx11::basic_string<char, std::char_traits<char>, std::allocator<char> >, std::allocator<std::__cxx11::basic_string<char, std::char_traits<char>, std::allocator<char> > > > const&) + 0x35d (0x79e4dbb551dd in /home/devuser/conda/envs/py312/lib/python3.12/site-packages/torch/lib/libtorch_cpu.so)
frame #5: c10d::ProcessGroupNCCL::HeartbeatMonitor::runLoop() + 0x436 (0x79e4b778d0e6 in /home/devuser/conda/envs/py312/lib/python3.12/site-packages/torch/lib/libtorch_cuda.so)
frame #6: <unknown function> + 0xef5e4 (0x79e57d0705e4 in /home/devuser/conda/envs/py312/bin/../lib/libstdc++.so.6)
frame #7: <unknown function> + 0x9caa4 (0x79e57e3cdaa4 in /lib/x86_64-linux-gnu/libc.so.6)
frame #8: __clone + 0x44 (0x79e57e45aa64 in /lib/x86_64-linux-gnu/libc.so.6)

[rank6]:[W813 14:40:36.888270986 ProcessGroupNCCL.cpp:1900] [PG ID 0 PG GUID 0(default_pg) Rank 6] Failed to check the "should dump" flag on TCPStore, (maybe TCPStore server has shut down too early), with error: Broken pipe
[rank2]:[W813 14:40:36.917988599 TCPStore.cpp:106] [c10d] sendBytes failed on SocketImpl(fd=100, addr=[localhost]:49326, remote=[sgl-b300-inference.datacrunch.io]:33691): Broken pipe
Exception raised from sendBytes at /__w/pytorch/pytorch/torch/csrc/distributed/c10d/Utils.hpp:758 (most recent call first):
frame #0: c10::Error::Error(c10::SourceLocation, std::__cxx11::basic_string<char, std::char_traits<char>, std::allocator<char> >) + 0x9d (0x7dc559d6933d in /home/devuser/conda/envs/py312/lib/python3.12/site-packages/torch/lib/libc10.so)
frame #1: <unknown function> + 0x6811231 (0x7dc4b835b231 in /home/devuser/conda/envs/py312/lib/python3.12/site-packages/torch/lib/libtorch_cpu.so)
frame #2: <unknown function> + 0x68123e1 (0x7dc4b835c3e1 in /home/devuser/conda/envs/py312/lib/python3.12/site-packages/torch/lib/libtorch_cpu.so)
frame #3: <unknown function> + 0x681258d (0x7dc4b835c58d in /home/devuser/conda/envs/py312/lib/python3.12/site-packages/torch/lib/libtorch_cpu.so)
frame #4: c10d::TCPStore::check(std::vector<std::__cxx11::basic_string<char, std::char_traits<char>, std::allocator<char> >, std::allocator<std::__cxx11::basic_string<char, std::char_traits<char>, std::allocator<char> > > > const&) + 0x35d (0x7dc4b83551dd in /home/devuser/conda/envs/py312/lib/python3.12/site-packages/torch/lib/libtorch_cpu.so)
frame #5: c10d::ProcessGroupNCCL::HeartbeatMonitor::runLoop() + 0x436 (0x7dc493f8d0e6 in /home/devuser/conda/envs/py312/lib/python3.12/site-packages/torch/lib/libtorch_cuda.so)
frame #6: <unknown function> + 0xef5e4 (0x7dc5598705e4 in /home/devuser/conda/envs/py312/bin/../lib/libstdc++.so.6)
frame #7: <unknown function> + 0x9caa4 (0x7dc55ac7aaa4 in /lib/x86_64-linux-gnu/libc.so.6)
frame #8: __clone + 0x44 (0x7dc55ad07a64 in /lib/x86_64-linux-gnu/libc.so.6)

[rank2]:[W813 14:40:36.920430777 ProcessGroupNCCL.cpp:1900] [PG ID 0 PG GUID 0(default_pg) Rank 2] Failed to check the "should dump" flag on TCPStore, (maybe TCPStore server has shut down too early), with error: Broken pipe
[rank4]:[W813 14:40:36.958441452 TCPStore.cpp:106] [c10d] sendBytes failed on SocketImpl(fd=100, addr=[localhost]:49282, remote=[sgl-b300-inference.datacrunch.io]:33691): Broken pipe
Exception raised from sendBytes at /__w/pytorch/pytorch/torch/csrc/distributed/c10d/Utils.hpp:758 (most recent call first):
frame #0: c10::Error::Error(c10::SourceLocation, std::__cxx11::basic_string<char, std::char_traits<char>, std::allocator<char> >) + 0x9d (0x75c75ab6933d in /home/devuser/conda/envs/py312/lib/python3.12/site-packages/torch/lib/libc10.so)
frame #1: <unknown function> + 0x6811231 (0x75c6b915b231 in /home/devuser/conda/envs/py312/lib/python3.12/site-packages/torch/lib/libtorch_cpu.so)
frame #2: <unknown function> + 0x68123e1 (0x75c6b915c3e1 in /home/devuser/conda/envs/py312/lib/python3.12/site-packages/torch/lib/libtorch_cpu.so)
frame #3: <unknown function> + 0x681258d (0x75c6b915c58d in /home/devuser/conda/envs/py312/lib/python3.12/site-packages/torch/lib/libtorch_cpu.so)
frame #4: c10d::TCPStore::check(std::vector<std::__cxx11::basic_string<char, std::char_traits<char>, std::allocator<char> >, std::allocator<std::__cxx11::basic_string<char, std::char_traits<char>, std::allocator<char> > > > const&) + 0x35d (0x75c6b91551dd in /home/devuser/conda/envs/py312/lib/python3.12/site-packages/torch/lib/libtorch_cpu.so)
frame #5: c10d::ProcessGroupNCCL::HeartbeatMonitor::runLoop() + 0x436 (0x75c694d8d0e6 in /home/devuser/conda/envs/py312/lib/python3.12/site-packages/torch/lib/libtorch_cuda.so)
frame #6: <unknown function> + 0xef5e4 (0x75c75a6705e4 in /home/devuser/conda/envs/py312/bin/../lib/libstdc++.so.6)
frame #7: <unknown function> + 0x9caa4 (0x75c75ba7caa4 in /lib/x86_64-linux-gnu/libc.so.6)
frame #8: __clone + 0x44 (0x75c75bb09a64 in /lib/x86_64-linux-gnu/libc.so.6)

[rank4]:[W813 14:40:36.960405692 ProcessGroupNCCL.cpp:1900] [PG ID 0 PG GUID 0(default_pg) Rank 4] Failed to check the "should dump" flag on TCPStore, (maybe TCPStore server has shut down too early), with error: Broken pipe
[rank7]:[W813 14:40:36.019845550 TCPStore.cpp:106] [c10d] sendBytes failed on SocketImpl(fd=100, addr=[localhost]:49310, remote=[sgl-b300-inference.datacrunch.io]:33691): Broken pipe
Exception raised from sendBytes at /__w/pytorch/pytorch/torch/csrc/distributed/c10d/Utils.hpp:758 (most recent call first):
frame #0: c10::Error::Error(c10::SourceLocation, std::__cxx11::basic_string<char, std::char_traits<char>, std::allocator<char> >) + 0x9d (0x78f0b036933d in /home/devuser/conda/envs/py312/lib/python3.12/site-packages/torch/lib/libc10.so)
frame #1: <unknown function> + 0x6811231 (0x78f00e95b231 in /home/devuser/conda/envs/py312/lib/python3.12/site-packages/torch/lib/libtorch_cpu.so)
frame #2: <unknown function> + 0x68123e1 (0x78f00e95c3e1 in /home/devuser/conda/envs/py312/lib/python3.12/site-packages/torch/lib/libtorch_cpu.so)
frame #3: <unknown function> + 0x681258d (0x78f00e95c58d in /home/devuser/conda/envs/py312/lib/python3.12/site-packages/torch/lib/libtorch_cpu.so)
frame #4: c10d::TCPStore::check(std::vector<std::__cxx11::basic_string<char, std::char_traits<char>, std::allocator<char> >, std::allocator<std::__cxx11::basic_string<char, std::char_traits<char>, std::allocator<char> > > > const&) + 0x35d (0x78f00e9551dd in /home/devuser/conda/envs/py312/lib/python3.12/site-packages/torch/lib/libtorch_cpu.so)
frame #5: c10d::ProcessGroupNCCL::HeartbeatMonitor::runLoop() + 0x436 (0x78efea58d0e6 in /home/devuser/conda/envs/py312/lib/python3.12/site-packages/torch/lib/libtorch_cuda.so)
frame #6: <unknown function> + 0xef5e4 (0x78f0afe705e4 in /home/devuser/conda/envs/py312/bin/../lib/libstdc++.so.6)
frame #7: <unknown function> + 0x9caa4 (0x78f0b12b7aa4 in /lib/x86_64-linux-gnu/libc.so.6)
frame #8: __clone + 0x44 (0x78f0b1344a64 in /lib/x86_64-linux-gnu/libc.so.6)

[rank7]:[W813 14:40:36.022382814 ProcessGroupNCCL.cpp:1900] [PG ID 0 PG GUID 0(default_pg) Rank 7] Failed to check the "should dump" flag on TCPStore, (maybe TCPStore server has shut down too early), with error: Broken pipe
[rank3]:[W813 14:40:36.176797411 TCPStore.cpp:106] [c10d] sendBytes failed on SocketImpl(fd=100, addr=[localhost]:49296, remote=[sgl-b300-inference.datacrunch.io]:33691): Broken pipe
Exception raised from sendBytes at /__w/pytorch/pytorch/torch/csrc/distributed/c10d/Utils.hpp:758 (most recent call first):
frame #0: c10::Error::Error(c10::SourceLocation, std::__cxx11::basic_string<char, std::char_traits<char>, std::allocator<char> >) + 0x9d (0x75604f96933d in /home/devuser/conda/envs/py312/lib/python3.12/site-packages/torch/lib/libc10.so)
frame #1: <unknown function> + 0x6811231 (0x755fadf5b231 in /home/devuser/conda/envs/py312/lib/python3.12/site-packages/torch/lib/libtorch_cpu.so)
frame #2: <unknown function> + 0x68123e1 (0x755fadf5c3e1 in /home/devuser/conda/envs/py312/lib/python3.12/site-packages/torch/lib/libtorch_cpu.so)
frame #3: <unknown function> + 0x681258d (0x755fadf5c58d in /home/devuser/conda/envs/py312/lib/python3.12/site-packages/torch/lib/libtorch_cpu.so)
frame #4: c10d::TCPStore::check(std::vector<std::__cxx11::basic_string<char, std::char_traits<char>, std::allocator<char> >, std::allocator<std::__cxx11::basic_string<char, std::char_traits<char>, std::allocator<char> > > > const&) + 0x35d (0x755fadf551dd in /home/devuser/conda/envs/py312/lib/python3.12/site-packages/torch/lib/libtorch_cpu.so)
frame #5: c10d::ProcessGroupNCCL::HeartbeatMonitor::runLoop() + 0x436 (0x755f89b8d0e6 in /home/devuser/conda/envs/py312/lib/python3.12/site-packages/torch/lib/libtorch_cuda.so)
frame #6: <unknown function> + 0xef5e4 (0x75604f4705e4 in /home/devuser/conda/envs/py312/bin/../lib/libstdc++.so.6)
frame #7: <unknown function> + 0x9caa4 (0x7560508c5aa4 in /lib/x86_64-linux-gnu/libc.so.6)
frame #8: __clone + 0x44 (0x756050952a64 in /lib/x86_64-linux-gnu/libc.so.6)

[rank3]:[W813 14:40:36.179741352 ProcessGroupNCCL.cpp:1900] [PG ID 0 PG GUID 0(default_pg) Rank 3] Failed to check the "should dump" flag on TCPStore, (maybe TCPStore server has shut down too early), with error: Broken pipe
[rank1]:[W813 14:40:36.225685818 TCPStore.cpp:106] [c10d] sendBytes failed on SocketImpl(fd=100, addr=[localhost]:49304, remote=[sgl-b300-inference.datacrunch.io]:33691): Broken pipe
Exception raised from sendBytes at /__w/pytorch/pytorch/torch/csrc/distributed/c10d/Utils.hpp:758 (most recent call first):
frame #0: c10::Error::Error(c10::SourceLocation, std::__cxx11::basic_string<char, std::char_traits<char>, std::allocator<char> >) + 0x9d (0x7d8dac76933d in /home/devuser/conda/envs/py312/lib/python3.12/site-packages/torch/lib/libc10.so)
frame #1: <unknown function> + 0x6811231 (0x7d8d0ad5b231 in /home/devuser/conda/envs/py312/lib/python3.12/site-packages/torch/lib/libtorch_cpu.so)
frame #2: <unknown function> + 0x68123e1 (0x7d8d0ad5c3e1 in /home/devuser/conda/envs/py312/lib/python3.12/site-packages/torch/lib/libtorch_cpu.so)
frame #3: <unknown function> + 0x681258d (0x7d8d0ad5c58d in /home/devuser/conda/envs/py312/lib/python3.12/site-packages/torch/lib/libtorch_cpu.so)
frame #4: c10d::TCPStore::check(std::vector<std::__cxx11::basic_string<char, std::char_traits<char>, std::allocator<char> >, std::allocator<std::__cxx11::basic_string<char, std::char_traits<char>, std::allocator<char> > > > const&) + 0x35d (0x7d8d0ad551dd in /home/devuser/conda/envs/py312/lib/python3.12/site-packages/torch/lib/libtorch_cpu.so)
frame #5: c10d::ProcessGroupNCCL::HeartbeatMonitor::runLoop() + 0x436 (0x7d8ce698d0e6 in /home/devuser/conda/envs/py312/lib/python3.12/site-packages/torch/lib/libtorch_cuda.so)
frame #6: <unknown function> + 0xef5e4 (0x7d8dac2705e4 in /home/devuser/conda/envs/py312/bin/../lib/libstdc++.so.6)
frame #7: <unknown function> + 0x9caa4 (0x7d8dad6c7aa4 in /lib/x86_64-linux-gnu/libc.so.6)
frame #8: __clone + 0x44 (0x7d8dad754a64 in /lib/x86_64-linux-gnu/libc.so.6)

[rank1]:[W813 14:40:36.227674838 ProcessGroupNCCL.cpp:1900] [PG ID 0 PG GUID 0(default_pg) Rank 1] Failed to check the "should dump" flag on TCPStore, (maybe TCPStore server has shut down too early), with error: Broken pipe
[rank0]:[W813 14:40:37.464112063 TCPStore.cpp:106] [c10d] sendBytes failed on SocketImpl(fd=100, addr=[localhost]:49270, remote=[sgl-b300-inference.datacrunch.io]:33691): Broken pipe
Exception raised from sendBytes at /__w/pytorch/pytorch/torch/csrc/distributed/c10d/Utils.hpp:758 (most recent call first):
frame #0: c10::Error::Error(c10::SourceLocation, std::__cxx11::basic_string<char, std::char_traits<char>, std::allocator<char> >) + 0x9d (0x76c6d456933d in /home/devuser/conda/envs/py312/lib/python3.12/site-packages/torch/lib/libc10.so)
frame #1: <unknown function> + 0x6811231 (0x76c66195b231 in /home/devuser/conda/envs/py312/lib/python3.12/site-packages/torch/lib/libtorch_cpu.so)
frame #2: <unknown function> + 0x68123e1 (0x76c66195c3e1 in /home/devuser/conda/envs/py312/lib/python3.12/site-packages/torch/lib/libtorch_cpu.so)
frame #3: <unknown function> + 0x681258d (0x76c66195c58d in /home/devuser/conda/envs/py312/lib/python3.12/site-packages/torch/lib/libtorch_cpu.so)
frame #4: c10d::TCPStore::check(std::vector<std::__cxx11::basic_string<char, std::char_traits<char>, std::allocator<char> >, std::allocator<std::__cxx11::basic_string<char, std::char_traits<char>, std::allocator<char> > > > const&) + 0x35d (0x76c6619551dd in /home/devuser/conda/envs/py312/lib/python3.12/site-packages/torch/lib/libtorch_cpu.so)
frame #5: c10d::ProcessGroupNCCL::HeartbeatMonitor::runLoop() + 0x436 (0x76c63d58d0e6 in /home/devuser/conda/envs/py312/lib/python3.12/site-packages/torch/lib/libtorch_cuda.so)
frame #6: <unknown function> + 0xef5e4 (0x76c702e705e4 in /home/devuser/conda/envs/py312/bin/../lib/libstdc++.so.6)
frame #7: <unknown function> + 0x9caa4 (0x76c70414faa4 in /lib/x86_64-linux-gnu/libc.so.6)
frame #8: __clone + 0x44 (0x76c7041dca64 in /lib/x86_64-linux-gnu/libc.so.6)

[rank0]:[W813 14:40:37.466638747 ProcessGroupNCCL.cpp:1900] [PG ID 0 PG GUID 0(default_pg) Rank 0] Failed to check the "should dump" flag on TCPStore, (maybe TCPStore server has shut down too early), with error: Broken pipe
[rank5]:[W813 14:40:37.670345070 TCPStore.cpp:106] [c10d] sendBytes failed on SocketImpl(fd=100, addr=[localhost]:49286, remote=[sgl-b300-inference.datacrunch.io]:33691): Broken pipe
Exception raised from sendBytes at /__w/pytorch/pytorch/torch/csrc/distributed/c10d/Utils.hpp:758 (most recent call first):
frame #0: c10::Error::Error(c10::SourceLocation, std::__cxx11::basic_string<char, std::char_traits<char>, std::allocator<char> >) + 0x9d (0x7dcf2856933d in /home/devuser/conda/envs/py312/lib/python3.12/site-packages/torch/lib/libc10.so)
frame #1: <unknown function> + 0x6811231 (0x7dce86b5b231 in /home/devuser/conda/envs/py312/lib/python3.12/site-packages/torch/lib/libtorch_cpu.so)
frame #2: <unknown function> + 0x68123e1 (0x7dce86b5c3e1 in /home/devuser/conda/envs/py312/lib/python3.12/site-packages/torch/lib/libtorch_cpu.so)
frame #3: <unknown function> + 0x681258d (0x7dce86b5c58d in /home/devuser/conda/envs/py312/lib/python3.12/site-packages/torch/lib/libtorch_cpu.so)
frame #4: c10d::TCPStore::check(std::vector<std::__cxx11::basic_string<char, std::char_traits<char>, std::allocator<char> >, std::allocator<std::__cxx11::basic_string<char, std::char_traits<char>, std::allocator<char> > > > const&) + 0x35d (0x7dce86b551dd in /home/devuser/conda/envs/py312/lib/python3.12/site-packages/torch/lib/libtorch_cpu.so)
frame #5: c10d::ProcessGroupNCCL::HeartbeatMonitor::runLoop() + 0x436 (0x7dce6278d0e6 in /home/devuser/conda/envs/py312/lib/python3.12/site-packages/torch/lib/libtorch_cuda.so)
frame #6: <unknown function> + 0xef5e4 (0x7dcf280705e4 in /home/devuser/conda/envs/py312/bin/../lib/libstdc++.so.6)
frame #7: <unknown function> + 0x9caa4 (0x7dcf29462aa4 in /lib/x86_64-linux-gnu/libc.so.6)
frame #8: __clone + 0x44 (0x7dcf294efa64 in /lib/x86_64-linux-gnu/libc.so.6)

[rank5]:[W813 14:40:37.672785907 ProcessGroupNCCL.cpp:1900] [PG ID 0 PG GUID 0(default_pg) Rank 5] Failed to check the "should dump" flag on TCPStore, (maybe TCPStore server has shut down too early), with error: Broken pipe
[rank6]:[W813 14:40:37.888358123 TCPStore.cpp:106] [c10d] sendBytes failed on SocketImpl(fd=100, addr=[localhost]:49280, remote=[sgl-b300-inference.datacrunch.io]:33691): Broken pipe
Exception raised from sendBytes at /__w/pytorch/pytorch/torch/csrc/distributed/c10d/Utils.hpp:758 (most recent call first):
frame #0: c10::Error::Error(c10::SourceLocation, std::__cxx11::basic_string<char, std::char_traits<char>, std::allocator<char> >) + 0x9d (0x79e54e76933d in /home/devuser/conda/envs/py312/lib/python3.12/site-packages/torch/lib/libc10.so)
frame #1: <unknown function> + 0x6811231 (0x79e4dbb5b231 in /home/devuser/conda/envs/py312/lib/python3.12/site-packages/torch/lib/libtorch_cpu.so)
frame #2: <unknown function> + 0x68123e1 (0x79e4dbb5c3e1 in /home/devuser/conda/envs/py312/lib/python3.12/site-packages/torch/lib/libtorch_cpu.so)
frame #3: <unknown function> + 0x681258d (0x79e4dbb5c58d in /home/devuser/conda/envs/py312/lib/python3.12/site-packages/torch/lib/libtorch_cpu.so)
frame #4: c10d::TCPStore::check(std::vector<std::__cxx11::basic_string<char, std::char_traits<char>, std::allocator<char> >, std::allocator<std::__cxx11::basic_string<char, std::char_traits<char>, std::allocator<char> > > > const&) + 0x35d (0x79e4dbb551dd in /home/devuser/conda/envs/py312/lib/python3.12/site-packages/torch/lib/libtorch_cpu.so)
frame #5: c10d::ProcessGroupNCCL::HeartbeatMonitor::runLoop() + 0x436 (0x79e4b778d0e6 in /home/devuser/conda/envs/py312/lib/python3.12/site-packages/torch/lib/libtorch_cuda.so)
frame #6: <unknown function> + 0xef5e4 (0x79e57d0705e4 in /home/devuser/conda/envs/py312/bin/../lib/libstdc++.so.6)
frame #7: <unknown function> + 0x9caa4 (0x79e57e3cdaa4 in /lib/x86_64-linux-gnu/libc.so.6)
frame #8: __clone + 0x44 (0x79e57e45aa64 in /lib/x86_64-linux-gnu/libc.so.6)

[rank6]:[W813 14:40:37.890918186 ProcessGroupNCCL.cpp:1900] [PG ID 0 PG GUID 0(default_pg) Rank 6] Failed to check the "should dump" flag on TCPStore, (maybe TCPStore server has shut down too early), with error: Broken pipe
[rank2]:[W813 14:40:37.920540223 TCPStore.cpp:106] [c10d] sendBytes failed on SocketImpl(fd=100, addr=[localhost]:49326, remote=[sgl-b300-inference.datacrunch.io]:33691): Broken pipe
Exception raised from sendBytes at /__w/pytorch/pytorch/torch/csrc/distributed/c10d/Utils.hpp:758 (most recent call first):
frame #0: c10::Error::Error(c10::SourceLocation, std::__cxx11::basic_string<char, std::char_traits<char>, std::allocator<char> >) + 0x9d (0x7dc559d6933d in /home/devuser/conda/envs/py312/lib/python3.12/site-packages/torch/lib/libc10.so)
frame #1: <unknown function> + 0x6811231 (0x7dc4b835b231 in /home/devuser/conda/envs/py312/lib/python3.12/site-packages/torch/lib/libtorch_cpu.so)
frame #2: <unknown function> + 0x68123e1 (0x7dc4b835c3e1 in /home/devuser/conda/envs/py312/lib/python3.12/site-packages/torch/lib/libtorch_cpu.so)
frame #3: <unknown function> + 0x681258d (0x7dc4b835c58d in /home/devuser/conda/envs/py312/lib/python3.12/site-packages/torch/lib/libtorch_cpu.so)
frame #4: c10d::TCPStore::check(std::vector<std::__cxx11::basic_string<char, std::char_traits<char>, std::allocator<char> >, std::allocator<std::__cxx11::basic_string<char, std::char_traits<char>, std::allocator<char> > > > const&) + 0x35d (0x7dc4b83551dd in /home/devuser/conda/envs/py312/lib/python3.12/site-packages/torch/lib/libtorch_cpu.so)
frame #5: c10d::ProcessGroupNCCL::HeartbeatMonitor::runLoop() + 0x436 (0x7dc493f8d0e6 in /home/devuser/conda/envs/py312/lib/python3.12/site-packages/torch/lib/libtorch_cuda.so)
frame #6: <unknown function> + 0xef5e4 (0x7dc5598705e4 in /home/devuser/conda/envs/py312/bin/../lib/libstdc++.so.6)
frame #7: <unknown function> + 0x9caa4 (0x7dc55ac7aaa4 in /lib/x86_64-linux-gnu/libc.so.6)
frame #8: __clone + 0x44 (0x7dc55ad07a64 in /lib/x86_64-linux-gnu/libc.so.6)

[rank2]:[W813 14:40:37.923040468 ProcessGroupNCCL.cpp:1900] [PG ID 0 PG GUID 0(default_pg) Rank 2] Failed to check the "should dump" flag on TCPStore, (maybe TCPStore server has shut down too early), with error: Broken pipe
[rank4]:[W813 14:40:37.960502550 TCPStore.cpp:106] [c10d] sendBytes failed on SocketImpl(fd=100, addr=[localhost]:49282, remote=[sgl-b300-inference.datacrunch.io]:33691): Broken pipe
Exception raised from sendBytes at /__w/pytorch/pytorch/torch/csrc/distributed/c10d/Utils.hpp:758 (most recent call first):
frame #0: c10::Error::Error(c10::SourceLocation, std::__cxx11::basic_string<char, std::char_traits<char>, std::allocator<char> >) + 0x9d (0x75c75ab6933d in /home/devuser/conda/envs/py312/lib/python3.12/site-packages/torch/lib/libc10.so)
frame #1: <unknown function> + 0x6811231 (0x75c6b915b231 in /home/devuser/conda/envs/py312/lib/python3.12/site-packages/torch/lib/libtorch_cpu.so)
frame #2: <unknown function> + 0x68123e1 (0x75c6b915c3e1 in /home/devuser/conda/envs/py312/lib/python3.12/site-packages/torch/lib/libtorch_cpu.so)
frame #3: <unknown function> + 0x681258d (0x75c6b915c58d in /home/devuser/conda/envs/py312/lib/python3.12/site-packages/torch/lib/libtorch_cpu.so)
frame #4: c10d::TCPStore::check(std::vector<std::__cxx11::basic_string<char, std::char_traits<char>, std::allocator<char> >, std::allocator<std::__cxx11::basic_string<char, std::char_traits<char>, std::allocator<char> > > > const&) + 0x35d (0x75c6b91551dd in /home/devuser/conda/envs/py312/lib/python3.12/site-packages/torch/lib/libtorch_cpu.so)
frame #5: c10d::ProcessGroupNCCL::HeartbeatMonitor::runLoop() + 0x436 (0x75c694d8d0e6 in /home/devuser/conda/envs/py312/lib/python3.12/site-packages/torch/lib/libtorch_cuda.so)
frame #6: <unknown function> + 0xef5e4 (0x75c75a6705e4 in /home/devuser/conda/envs/py312/bin/../lib/libstdc++.so.6)
frame #7: <unknown function> + 0x9caa4 (0x75c75ba7caa4 in /lib/x86_64-linux-gnu/libc.so.6)
frame #8: __clone + 0x44 (0x75c75bb09a64 in /lib/x86_64-linux-gnu/libc.so.6)

[rank4]:[W813 14:40:37.962453491 ProcessGroupNCCL.cpp:1900] [PG ID 0 PG GUID 0(default_pg) Rank 4] Failed to check the "should dump" flag on TCPStore, (maybe TCPStore server has shut down too early), with error: Broken pipe
[rank7]:[W813 14:40:37.022489862 TCPStore.cpp:106] [c10d] sendBytes failed on SocketImpl(fd=100, addr=[localhost]:49310, remote=[sgl-b300-inference.datacrunch.io]:33691): Broken pipe
Exception raised from sendBytes at /__w/pytorch/pytorch/torch/csrc/distributed/c10d/Utils.hpp:758 (most recent call first):
frame #0: c10::Error::Error(c10::SourceLocation, std::__cxx11::basic_string<char, std::char_traits<char>, std::allocator<char> >) + 0x9d (0x78f0b036933d in /home/devuser/conda/envs/py312/lib/python3.12/site-packages/torch/lib/libc10.so)
frame #1: <unknown function> + 0x6811231 (0x78f00e95b231 in /home/devuser/conda/envs/py312/lib/python3.12/site-packages/torch/lib/libtorch_cpu.so)
frame #2: <unknown function> + 0x68123e1 (0x78f00e95c3e1 in /home/devuser/conda/envs/py312/lib/python3.12/site-packages/torch/lib/libtorch_cpu.so)
frame #3: <unknown function> + 0x681258d (0x78f00e95c58d in /home/devuser/conda/envs/py312/lib/python3.12/site-packages/torch/lib/libtorch_cpu.so)
frame #4: c10d::TCPStore::check(std::vector<std::__cxx11::basic_string<char, std::char_traits<char>, std::allocator<char> >, std::allocator<std::__cxx11::basic_string<char, std::char_traits<char>, std::allocator<char> > > > const&) + 0x35d (0x78f00e9551dd in /home/devuser/conda/envs/py312/lib/python3.12/site-packages/torch/lib/libtorch_cpu.so)
frame #5: c10d::ProcessGroupNCCL::HeartbeatMonitor::runLoop() + 0x436 (0x78efea58d0e6 in /home/devuser/conda/envs/py312/lib/python3.12/site-packages/torch/lib/libtorch_cuda.so)
frame #6: <unknown function> + 0xef5e4 (0x78f0afe705e4 in /home/devuser/conda/envs/py312/bin/../lib/libstdc++.so.6)
frame #7: <unknown function> + 0x9caa4 (0x78f0b12b7aa4 in /lib/x86_64-linux-gnu/libc.so.6)
frame #8: __clone + 0x44 (0x78f0b1344a64 in /lib/x86_64-linux-gnu/libc.so.6)

[rank7]:[W813 14:40:37.025036965 ProcessGroupNCCL.cpp:1900] [PG ID 0 PG GUID 0(default_pg) Rank 7] Failed to check the "should dump" flag on TCPStore, (maybe TCPStore server has shut down too early), with error: Broken pipe
[rank3]:[W813 14:40:37.179836232 TCPStore.cpp:106] [c10d] sendBytes failed on SocketImpl(fd=100, addr=[localhost]:49296, remote=[sgl-b300-inference.datacrunch.io]:33691): Broken pipe
Exception raised from sendBytes at /__w/pytorch/pytorch/torch/csrc/distributed/c10d/Utils.hpp:758 (most recent call first):
frame #0: c10::Error::Error(c10::SourceLocation, std::__cxx11::basic_string<char, std::char_traits<char>, std::allocator<char> >) + 0x9d (0x75604f96933d in /home/devuser/conda/envs/py312/lib/python3.12/site-packages/torch/lib/libc10.so)
frame #1: <unknown function> + 0x6811231 (0x755fadf5b231 in /home/devuser/conda/envs/py312/lib/python3.12/site-packages/torch/lib/libtorch_cpu.so)
frame #2: <unknown function> + 0x68123e1 (0x755fadf5c3e1 in /home/devuser/conda/envs/py312/lib/python3.12/site-packages/torch/lib/libtorch_cpu.so)
frame #3: <unknown function> + 0x681258d (0x755fadf5c58d in /home/devuser/conda/envs/py312/lib/python3.12/site-packages/torch/lib/libtorch_cpu.so)
frame #4: c10d::TCPStore::check(std::vector<std::__cxx11::basic_string<char, std::char_traits<char>, std::allocator<char> >, std::allocator<std::__cxx11::basic_string<char, std::char_traits<char>, std::allocator<char> > > > const&) + 0x35d (0x755fadf551dd in /home/devuser/conda/envs/py312/lib/python3.12/site-packages/torch/lib/libtorch_cpu.so)
frame #5: c10d::ProcessGroupNCCL::HeartbeatMonitor::runLoop() + 0x436 (0x755f89b8d0e6 in /home/devuser/conda/envs/py312/lib/python3.12/site-packages/torch/lib/libtorch_cuda.so)
frame #6: <unknown function> + 0xef5e4 (0x75604f4705e4 in /home/devuser/conda/envs/py312/bin/../lib/libstdc++.so.6)
frame #7: <unknown function> + 0x9caa4 (0x7560508c5aa4 in /lib/x86_64-linux-gnu/libc.so.6)
frame #8: __clone + 0x44 (0x756050952a64 in /lib/x86_64-linux-gnu/libc.so.6)

[rank3]:[W813 14:40:37.182984427 ProcessGroupNCCL.cpp:1900] [PG ID 0 PG GUID 0(default_pg) Rank 3] Failed to check the "should dump" flag on TCPStore, (maybe TCPStore server has shut down too early), with error: Broken pipe
[rank1]:[W813 14:40:37.227818457 TCPStore.cpp:106] [c10d] sendBytes failed on SocketImpl(fd=100, addr=[localhost]:49304, remote=[sgl-b300-inference.datacrunch.io]:33691): Broken pipe
Exception raised from sendBytes at /__w/pytorch/pytorch/torch/csrc/distributed/c10d/Utils.hpp:758 (most recent call first):
frame #0: c10::Error::Error(c10::SourceLocation, std::__cxx11::basic_string<char, std::char_traits<char>, std::allocator<char> >) + 0x9d (0x7d8dac76933d in /home/devuser/conda/envs/py312/lib/python3.12/site-packages/torch/lib/libc10.so)
frame #1: <unknown function> + 0x6811231 (0x7d8d0ad5b231 in /home/devuser/conda/envs/py312/lib/python3.12/site-packages/torch/lib/libtorch_cpu.so)
frame #2: <unknown function> + 0x68123e1 (0x7d8d0ad5c3e1 in /home/devuser/conda/envs/py312/lib/python3.12/site-packages/torch/lib/libtorch_cpu.so)
frame #3: <unknown function> + 0x681258d (0x7d8d0ad5c58d in /home/devuser/conda/envs/py312/lib/python3.12/site-packages/torch/lib/libtorch_cpu.so)
frame #4: c10d::TCPStore::check(std::vector<std::__cxx11::basic_string<char, std::char_traits<char>, std::allocator<char> >, std::allocator<std::__cxx11::basic_string<char, std::char_traits<char>, std::allocator<char> > > > const&) + 0x35d (0x7d8d0ad551dd in /home/devuser/conda/envs/py312/lib/python3.12/site-packages/torch/lib/libtorch_cpu.so)
frame #5: c10d::ProcessGroupNCCL::HeartbeatMonitor::runLoop() + 0x436 (0x7d8ce698d0e6 in /home/devuser/conda/envs/py312/lib/python3.12/site-packages/torch/lib/libtorch_cuda.so)
frame #6: <unknown function> + 0xef5e4 (0x7d8dac2705e4 in /home/devuser/conda/envs/py312/bin/../lib/libstdc++.so.6)
frame #7: <unknown function> + 0x9caa4 (0x7d8dad6c7aa4 in /lib/x86_64-linux-gnu/libc.so.6)
frame #8: __clone + 0x44 (0x7d8dad754a64 in /lib/x86_64-linux-gnu/libc.so.6)

[rank1]:[W813 14:40:37.229800937 ProcessGroupNCCL.cpp:1900] [PG ID 0 PG GUID 0(default_pg) Rank 1] Failed to check the "should dump" flag on TCPStore, (maybe TCPStore server has shut down too early), with error: Broken pipe
[rank0]:[W813 14:40:38.466757439 TCPStore.cpp:106] [c10d] sendBytes failed on SocketImpl(fd=100, addr=[localhost]:49270, remote=[sgl-b300-inference.datacrunch.io]:33691): Broken pipe
Exception raised from sendBytes at /__w/pytorch/pytorch/torch/csrc/distributed/c10d/Utils.hpp:758 (most recent call first):
frame #0: c10::Error::Error(c10::SourceLocation, std::__cxx11::basic_string<char, std::char_traits<char>, std::allocator<char> >) + 0x9d (0x76c6d456933d in /home/devuser/conda/envs/py312/lib/python3.12/site-packages/torch/lib/libc10.so)
frame #1: <unknown function> + 0x6811231 (0x76c66195b231 in /home/devuser/conda/envs/py312/lib/python3.12/site-packages/torch/lib/libtorch_cpu.so)
frame #2: <unknown function> + 0x68123e1 (0x76c66195c3e1 in /home/devuser/conda/envs/py312/lib/python3.12/site-packages/torch/lib/libtorch_cpu.so)
frame #3: <unknown function> + 0x681258d (0x76c66195c58d in /home/devuser/conda/envs/py312/lib/python3.12/site-packages/torch/lib/libtorch_cpu.so)
frame #4: c10d::TCPStore::check(std::vector<std::__cxx11::basic_string<char, std::char_traits<char>, std::allocator<char> >, std::allocator<std::__cxx11::basic_string<char, std::char_traits<char>, std::allocator<char> > > > const&) + 0x35d (0x76c6619551dd in /home/devuser/conda/envs/py312/lib/python3.12/site-packages/torch/lib/libtorch_cpu.so)
frame #5: c10d::ProcessGroupNCCL::HeartbeatMonitor::runLoop() + 0x436 (0x76c63d58d0e6 in /home/devuser/conda/envs/py312/lib/python3.12/site-packages/torch/lib/libtorch_cuda.so)
frame #6: <unknown function> + 0xef5e4 (0x76c702e705e4 in /home/devuser/conda/envs/py312/bin/../lib/libstdc++.so.6)
frame #7: <unknown function> + 0x9caa4 (0x76c70414faa4 in /lib/x86_64-linux-gnu/libc.so.6)
frame #8: __clone + 0x44 (0x76c7041dca64 in /lib/x86_64-linux-gnu/libc.so.6)

[rank0]:[W813 14:40:38.468959663 ProcessGroupNCCL.cpp:1900] [PG ID 0 PG GUID 0(default_pg) Rank 0] Failed to check the "should dump" flag on TCPStore, (maybe TCPStore server has shut down too early), with error: Broken pipe
[rank5]:[W813 14:40:38.672873312 TCPStore.cpp:106] [c10d] sendBytes failed on SocketImpl(fd=100, addr=[localhost]:49286, remote=[sgl-b300-inference.datacrunch.io]:33691): Broken pipe
Exception raised from sendBytes at /__w/pytorch/pytorch/torch/csrc/distributed/c10d/Utils.hpp:758 (most recent call first):
frame #0: c10::Error::Error(c10::SourceLocation, std::__cxx11::basic_string<char, std::char_traits<char>, std::allocator<char> >) + 0x9d (0x7dcf2856933d in /home/devuser/conda/envs/py312/lib/python3.12/site-packages/torch/lib/libc10.so)
frame #1: <unknown function> + 0x6811231 (0x7dce86b5b231 in /home/devuser/conda/envs/py312/lib/python3.12/site-packages/torch/lib/libtorch_cpu.so)
frame #2: <unknown function> + 0x68123e1 (0x7dce86b5c3e1 in /home/devuser/conda/envs/py312/lib/python3.12/site-packages/torch/lib/libtorch_cpu.so)
frame #3: <unknown function> + 0x681258d (0x7dce86b5c58d in /home/devuser/conda/envs/py312/lib/python3.12/site-packages/torch/lib/libtorch_cpu.so)
frame #4: c10d::TCPStore::check(std::vector<std::__cxx11::basic_string<char, std::char_traits<char>, std::allocator<char> >, std::allocator<std::__cxx11::basic_string<char, std::char_traits<char>, std::allocator<char> > > > const&) + 0x35d (0x7dce86b551dd in /home/devuser/conda/envs/py312/lib/python3.12/site-packages/torch/lib/libtorch_cpu.so)
frame #5: c10d::ProcessGroupNCCL::HeartbeatMonitor::runLoop() + 0x436 (0x7dce6278d0e6 in /home/devuser/conda/envs/py312/lib/python3.12/site-packages/torch/lib/libtorch_cuda.so)
frame #6: <unknown function> + 0xef5e4 (0x7dcf280705e4 in /home/devuser/conda/envs/py312/bin/../lib/libstdc++.so.6)
frame #7: <unknown function> + 0x9caa4 (0x7dcf29462aa4 in /lib/x86_64-linux-gnu/libc.so.6)
frame #8: __clone + 0x44 (0x7dcf294efa64 in /lib/x86_64-linux-gnu/libc.so.6)

[rank5]:[W813 14:40:38.675344607 ProcessGroupNCCL.cpp:1900] [PG ID 0 PG GUID 0(default_pg) Rank 5] Failed to check the "should dump" flag on TCPStore, (maybe TCPStore server has shut down too early), with error: Broken pipe
[rank6]:[W813 14:40:38.891039871 TCPStore.cpp:106] [c10d] sendBytes failed on SocketImpl(fd=100, addr=[localhost]:49280, remote=[sgl-b300-inference.datacrunch.io]:33691): Broken pipe
Exception raised from sendBytes at /__w/pytorch/pytorch/torch/csrc/distributed/c10d/Utils.hpp:758 (most recent call first):
frame #0: c10::Error::Error(c10::SourceLocation, std::__cxx11::basic_string<char, std::char_traits<char>, std::allocator<char> >) + 0x9d (0x79e54e76933d in /home/devuser/conda/envs/py312/lib/python3.12/site-packages/torch/lib/libc10.so)
frame #1: <unknown function> + 0x6811231 (0x79e4dbb5b231 in /home/devuser/conda/envs/py312/lib/python3.12/site-packages/torch/lib/libtorch_cpu.so)
frame #2: <unknown function> + 0x68123e1 (0x79e4dbb5c3e1 in /home/devuser/conda/envs/py312/lib/python3.12/site-packages/torch/lib/libtorch_cpu.so)
frame #3: <unknown function> + 0x681258d (0x79e4dbb5c58d in /home/devuser/conda/envs/py312/lib/python3.12/site-packages/torch/lib/libtorch_cpu.so)
frame #4: c10d::TCPStore::check(std::vector<std::__cxx11::basic_string<char, std::char_traits<char>, std::allocator<char> >, std::allocator<std::__cxx11::basic_string<char, std::char_traits<char>, std::allocator<char> > > > const&) + 0x35d (0x79e4dbb551dd in /home/devuser/conda/envs/py312/lib/python3.12/site-packages/torch/lib/libtorch_cpu.so)
frame #5: c10d::ProcessGroupNCCL::HeartbeatMonitor::runLoop() + 0x436 (0x79e4b778d0e6 in /home/devuser/conda/envs/py312/lib/python3.12/site-packages/torch/lib/libtorch_cuda.so)
frame #6: <unknown function> + 0xef5e4 (0x79e57d0705e4 in /home/devuser/conda/envs/py312/bin/../lib/libstdc++.so.6)
frame #7: <unknown function> + 0x9caa4 (0x79e57e3cdaa4 in /lib/x86_64-linux-gnu/libc.so.6)
frame #8: __clone + 0x44 (0x79e57e45aa64 in /lib/x86_64-linux-gnu/libc.so.6)

[rank6]:[W813 14:40:38.893595185 ProcessGroupNCCL.cpp:1900] [PG ID 0 PG GUID 0(default_pg) Rank 6] Failed to check the "should dump" flag on TCPStore, (maybe TCPStore server has shut down too early), with error: Broken pipe
[rank2]:[W813 14:40:38.923154024 TCPStore.cpp:106] [c10d] sendBytes failed on SocketImpl(fd=100, addr=[localhost]:49326, remote=[sgl-b300-inference.datacrunch.io]:33691): Broken pipe
Exception raised from sendBytes at /__w/pytorch/pytorch/torch/csrc/distributed/c10d/Utils.hpp:758 (most recent call first):
frame #0: c10::Error::Error(c10::SourceLocation, std::__cxx11::basic_string<char, std::char_traits<char>, std::allocator<char> >) + 0x9d (0x7dc559d6933d in /home/devuser/conda/envs/py312/lib/python3.12/site-packages/torch/lib/libc10.so)
frame #1: <unknown function> + 0x6811231 (0x7dc4b835b231 in /home/devuser/conda/envs/py312/lib/python3.12/site-packages/torch/lib/libtorch_cpu.so)
frame #2: <unknown function> + 0x68123e1 (0x7dc4b835c3e1 in /home/devuser/conda/envs/py312/lib/python3.12/site-packages/torch/lib/libtorch_cpu.so)
frame #3: <unknown function> + 0x681258d (0x7dc4b835c58d in /home/devuser/conda/envs/py312/lib/python3.12/site-packages/torch/lib/libtorch_cpu.so)
frame #4: c10d::TCPStore::check(std::vector<std::__cxx11::basic_string<char, std::char_traits<char>, std::allocator<char> >, std::allocator<std::__cxx11::basic_string<char, std::char_traits<char>, std::allocator<char> > > > const&) + 0x35d (0x7dc4b83551dd in /home/devuser/conda/envs/py312/lib/python3.12/site-packages/torch/lib/libtorch_cpu.so)
frame #5: c10d::ProcessGroupNCCL::HeartbeatMonitor::runLoop() + 0x436 (0x7dc493f8d0e6 in /home/devuser/conda/envs/py312/lib/python3.12/site-packages/torch/lib/libtorch_cuda.so)
frame #6: <unknown function> + 0xef5e4 (0x7dc5598705e4 in /home/devuser/conda/envs/py312/bin/../lib/libstdc++.so.6)
frame #7: <unknown function> + 0x9caa4 (0x7dc55ac7aaa4 in /lib/x86_64-linux-gnu/libc.so.6)
frame #8: __clone + 0x44 (0x7dc55ad07a64 in /lib/x86_64-linux-gnu/libc.so.6)

[rank2]:[W813 14:40:38.925606161 ProcessGroupNCCL.cpp:1900] [PG ID 0 PG GUID 0(default_pg) Rank 2] Failed to check the "should dump" flag on TCPStore, (maybe TCPStore server has shut down too early), with error: Broken pipe
[rank4]:[W813 14:40:38.962563667 TCPStore.cpp:106] [c10d] sendBytes failed on SocketImpl(fd=100, addr=[localhost]:49282, remote=[sgl-b300-inference.datacrunch.io]:33691): Broken pipe
Exception raised from sendBytes at /__w/pytorch/pytorch/torch/csrc/distributed/c10d/Utils.hpp:758 (most recent call first):
frame #0: c10::Error::Error(c10::SourceLocation, std::__cxx11::basic_string<char, std::char_traits<char>, std::allocator<char> >) + 0x9d (0x75c75ab6933d in /home/devuser/conda/envs/py312/lib/python3.12/site-packages/torch/lib/libc10.so)
frame #1: <unknown function> + 0x6811231 (0x75c6b915b231 in /home/devuser/conda/envs/py312/lib/python3.12/site-packages/torch/lib/libtorch_cpu.so)
frame #2: <unknown function> + 0x68123e1 (0x75c6b915c3e1 in /home/devuser/conda/envs/py312/lib/python3.12/site-packages/torch/lib/libtorch_cpu.so)
frame #3: <unknown function> + 0x681258d (0x75c6b915c58d in /home/devuser/conda/envs/py312/lib/python3.12/site-packages/torch/lib/libtorch_cpu.so)
frame #4: c10d::TCPStore::check(std::vector<std::__cxx11::basic_string<char, std::char_traits<char>, std::allocator<char> >, std::allocator<std::__cxx11::basic_string<char, std::char_traits<char>, std::allocator<char> > > > const&) + 0x35d (0x75c6b91551dd in /home/devuser/conda/envs/py312/lib/python3.12/site-packages/torch/lib/libtorch_cpu.so)
frame #5: c10d::ProcessGroupNCCL::HeartbeatMonitor::runLoop() + 0x436 (0x75c694d8d0e6 in /home/devuser/conda/envs/py312/lib/python3.12/site-packages/torch/lib/libtorch_cuda.so)
frame #6: <unknown function> + 0xef5e4 (0x75c75a6705e4 in /home/devuser/conda/envs/py312/bin/../lib/libstdc++.so.6)
frame #7: <unknown function> + 0x9caa4 (0x75c75ba7caa4 in /lib/x86_64-linux-gnu/libc.so.6)
frame #8: __clone + 0x44 (0x75c75bb09a64 in /lib/x86_64-linux-gnu/libc.so.6)

[rank4]:[W813 14:40:38.964561307 ProcessGroupNCCL.cpp:1900] [PG ID 0 PG GUID 0(default_pg) Rank 4] Failed to check the "should dump" flag on TCPStore, (maybe TCPStore server has shut down too early), with error: Broken pipe
[rank7]:[W813 14:40:38.025162702 TCPStore.cpp:106] [c10d] sendBytes failed on SocketImpl(fd=100, addr=[localhost]:49310, remote=[sgl-b300-inference.datacrunch.io]:33691): Broken pipe
Exception raised from sendBytes at /__w/pytorch/pytorch/torch/csrc/distributed/c10d/Utils.hpp:758 (most recent call first):
frame #0: c10::Error::Error(c10::SourceLocation, std::__cxx11::basic_string<char, std::char_traits<char>, std::allocator<char> >) + 0x9d (0x78f0b036933d in /home/devuser/conda/envs/py312/lib/python3.12/site-packages/torch/lib/libc10.so)
frame #1: <unknown function> + 0x6811231 (0x78f00e95b231 in /home/devuser/conda/envs/py312/lib/python3.12/site-packages/torch/lib/libtorch_cpu.so)
frame #2: <unknown function> + 0x68123e1 (0x78f00e95c3e1 in /home/devuser/conda/envs/py312/lib/python3.12/site-packages/torch/lib/libtorch_cpu.so)
frame #3: <unknown function> + 0x681258d (0x78f00e95c58d in /home/devuser/conda/envs/py312/lib/python3.12/site-packages/torch/lib/libtorch_cpu.so)
frame #4: c10d::TCPStore::check(std::vector<std::__cxx11::basic_string<char, std::char_traits<char>, std::allocator<char> >, std::allocator<std::__cxx11::basic_string<char, std::char_traits<char>, std::allocator<char> > > > const&) + 0x35d (0x78f00e9551dd in /home/devuser/conda/envs/py312/lib/python3.12/site-packages/torch/lib/libtorch_cpu.so)
frame #5: c10d::ProcessGroupNCCL::HeartbeatMonitor::runLoop() + 0x436 (0x78efea58d0e6 in /home/devuser/conda/envs/py312/lib/python3.12/site-packages/torch/lib/libtorch_cuda.so)
frame #6: <unknown function> + 0xef5e4 (0x78f0afe705e4 in /home/devuser/conda/envs/py312/bin/../lib/libstdc++.so.6)
frame #7: <unknown function> + 0x9caa4 (0x78f0b12b7aa4 in /lib/x86_64-linux-gnu/libc.so.6)
frame #8: __clone + 0x44 (0x78f0b1344a64 in /lib/x86_64-linux-gnu/libc.so.6)

[rank7]:[W813 14:40:38.027682766 ProcessGroupNCCL.cpp:1900] [PG ID 0 PG GUID 0(default_pg) Rank 7] Failed to check the "should dump" flag on TCPStore, (maybe TCPStore server has shut down too early), with error: Broken pipe
[rank3]:[W813 14:40:38.183077867 TCPStore.cpp:106] [c10d] sendBytes failed on SocketImpl(fd=100, addr=[localhost]:49296, remote=[sgl-b300-inference.datacrunch.io]:33691): Broken pipe
Exception raised from sendBytes at /__w/pytorch/pytorch/torch/csrc/distributed/c10d/Utils.hpp:758 (most recent call first):
frame #0: c10::Error::Error(c10::SourceLocation, std::__cxx11::basic_string<char, std::char_traits<char>, std::allocator<char> >) + 0x9d (0x75604f96933d in /home/devuser/conda/envs/py312/lib/python3.12/site-packages/torch/lib/libc10.so)
frame #1: <unknown function> + 0x6811231 (0x755fadf5b231 in /home/devuser/conda/envs/py312/lib/python3.12/site-packages/torch/lib/libtorch_cpu.so)
frame #2: <unknown function> + 0x68123e1 (0x755fadf5c3e1 in /home/devuser/conda/envs/py312/lib/python3.12/site-packages/torch/lib/libtorch_cpu.so)
frame #3: <unknown function> + 0x681258d (0x755fadf5c58d in /home/devuser/conda/envs/py312/lib/python3.12/site-packages/torch/lib/libtorch_cpu.so)
frame #4: c10d::TCPStore::check(std::vector<std::__cxx11::basic_string<char, std::char_traits<char>, std::allocator<char> >, std::allocator<std::__cxx11::basic_string<char, std::char_traits<char>, std::allocator<char> > > > const&) + 0x35d (0x755fadf551dd in /home/devuser/conda/envs/py312/lib/python3.12/site-packages/torch/lib/libtorch_cpu.so)
frame #5: c10d::ProcessGroupNCCL::HeartbeatMonitor::runLoop() + 0x436 (0x755f89b8d0e6 in /home/devuser/conda/envs/py312/lib/python3.12/site-packages/torch/lib/libtorch_cuda.so)
frame #6: <unknown function> + 0xef5e4 (0x75604f4705e4 in /home/devuser/conda/envs/py312/bin/../lib/libstdc++.so.6)
frame #7: <unknown function> + 0x9caa4 (0x7560508c5aa4 in /lib/x86_64-linux-gnu/libc.so.6)
frame #8: __clone + 0x44 (0x756050952a64 in /lib/x86_64-linux-gnu/libc.so.6)

[rank3]:[W813 14:40:38.186280690 ProcessGroupNCCL.cpp:1900] [PG ID 0 PG GUID 0(default_pg) Rank 3] Failed to check the "should dump" flag on TCPStore, (maybe TCPStore server has shut down too early), with error: Broken pipe
[rank1]:[W813 14:40:38.229939735 TCPStore.cpp:106] [c10d] sendBytes failed on SocketImpl(fd=100, addr=[localhost]:49304, remote=[sgl-b300-inference.datacrunch.io]:33691): Broken pipe
Exception raised from sendBytes at /__w/pytorch/pytorch/torch/csrc/distributed/c10d/Utils.hpp:758 (most recent call first):
frame #0: c10::Error::Error(c10::SourceLocation, std::__cxx11::basic_string<char, std::char_traits<char>, std::allocator<char> >) + 0x9d (0x7d8dac76933d in /home/devuser/conda/envs/py312/lib/python3.12/site-packages/torch/lib/libc10.so)
frame #1: <unknown function> + 0x6811231 (0x7d8d0ad5b231 in /home/devuser/conda/envs/py312/lib/python3.12/site-packages/torch/lib/libtorch_cpu.so)
frame #2: <unknown function> + 0x68123e1 (0x7d8d0ad5c3e1 in /home/devuser/conda/envs/py312/lib/python3.12/site-packages/torch/lib/libtorch_cpu.so)
frame #3: <unknown function> + 0x681258d (0x7d8d0ad5c58d in /home/devuser/conda/envs/py312/lib/python3.12/site-packages/torch/lib/libtorch_cpu.so)
frame #4: c10d::TCPStore::check(std::vector<std::__cxx11::basic_string<char, std::char_traits<char>, std::allocator<char> >, std::allocator<std::__cxx11::basic_string<char, std::char_traits<char>, std::allocator<char> > > > const&) + 0x35d (0x7d8d0ad551dd in /home/devuser/conda/envs/py312/lib/python3.12/site-packages/torch/lib/libtorch_cpu.so)
frame #5: c10d::ProcessGroupNCCL::HeartbeatMonitor::runLoop() + 0x436 (0x7d8ce698d0e6 in /home/devuser/conda/envs/py312/lib/python3.12/site-packages/torch/lib/libtorch_cuda.so)
frame #6: <unknown function> + 0xef5e4 (0x7d8dac2705e4 in /home/devuser/conda/envs/py312/bin/../lib/libstdc++.so.6)
frame #7: <unknown function> + 0x9caa4 (0x7d8dad6c7aa4 in /lib/x86_64-linux-gnu/libc.so.6)
frame #8: __clone + 0x44 (0x7d8dad754a64 in /lib/x86_64-linux-gnu/libc.so.6)

[rank1]:[W813 14:40:38.231969164 ProcessGroupNCCL.cpp:1900] [PG ID 0 PG GUID 0(default_pg) Rank 1] Failed to check the "should dump" flag on TCPStore, (maybe TCPStore server has shut down too early), with error: Broken pipe
[rank0]:[W813 14:40:39.469070354 TCPStore.cpp:106] [c10d] sendBytes failed on SocketImpl(fd=100, addr=[localhost]:49270, remote=[sgl-b300-inference.datacrunch.io]:33691): Broken pipe
Exception raised from sendBytes at /__w/pytorch/pytorch/torch/csrc/distributed/c10d/Utils.hpp:758 (most recent call first):
frame #0: c10::Error::Error(c10::SourceLocation, std::__cxx11::basic_string<char, std::char_traits<char>, std::allocator<char> >) + 0x9d (0x76c6d456933d in /home/devuser/conda/envs/py312/lib/python3.12/site-packages/torch/lib/libc10.so)
frame #1: <unknown function> + 0x6811231 (0x76c66195b231 in /home/devuser/conda/envs/py312/lib/python3.12/site-packages/torch/lib/libtorch_cpu.so)
frame #2: <unknown function> + 0x68123e1 (0x76c66195c3e1 in /home/devuser/conda/envs/py312/lib/python3.12/site-packages/torch/lib/libtorch_cpu.so)
frame #3: <unknown function> + 0x681258d (0x76c66195c58d in /home/devuser/conda/envs/py312/lib/python3.12/site-packages/torch/lib/libtorch_cpu.so)
frame #4: c10d::TCPStore::check(std::vector<std::__cxx11::basic_string<char, std::char_traits<char>, std::allocator<char> >, std::allocator<std::__cxx11::basic_string<char, std::char_traits<char>, std::allocator<char> > > > const&) + 0x35d (0x76c6619551dd in /home/devuser/conda/envs/py312/lib/python3.12/site-packages/torch/lib/libtorch_cpu.so)
frame #5: c10d::ProcessGroupNCCL::HeartbeatMonitor::runLoop() + 0x436 (0x76c63d58d0e6 in /home/devuser/conda/envs/py312/lib/python3.12/site-packages/torch/lib/libtorch_cuda.so)
frame #6: <unknown function> + 0xef5e4 (0x76c702e705e4 in /home/devuser/conda/envs/py312/bin/../lib/libstdc++.so.6)
frame #7: <unknown function> + 0x9caa4 (0x76c70414faa4 in /lib/x86_64-linux-gnu/libc.so.6)
frame #8: __clone + 0x44 (0x76c7041dca64 in /lib/x86_64-linux-gnu/libc.so.6)

[rank0]:[W813 14:40:39.471602858 ProcessGroupNCCL.cpp:1900] [PG ID 0 PG GUID 0(default_pg) Rank 0] Failed to check the "should dump" flag on TCPStore, (maybe TCPStore server has shut down too early), with error: Broken pipe
[rank5]:[W813 14:40:39.675430471 TCPStore.cpp:106] [c10d] sendBytes failed on SocketImpl(fd=100, addr=[localhost]:49286, remote=[sgl-b300-inference.datacrunch.io]:33691): Broken pipe
Exception raised from sendBytes at /__w/pytorch/pytorch/torch/csrc/distributed/c10d/Utils.hpp:758 (most recent call first):
frame #0: c10::Error::Error(c10::SourceLocation, std::__cxx11::basic_string<char, std::char_traits<char>, std::allocator<char> >) + 0x9d (0x7dcf2856933d in /home/devuser/conda/envs/py312/lib/python3.12/site-packages/torch/lib/libc10.so)
frame #1: <unknown function> + 0x6811231 (0x7dce86b5b231 in /home/devuser/conda/envs/py312/lib/python3.12/site-packages/torch/lib/libtorch_cpu.so)
frame #2: <unknown function> + 0x68123e1 (0x7dce86b5c3e1 in /home/devuser/conda/envs/py312/lib/python3.12/site-packages/torch/lib/libtorch_cpu.so)
frame #3: <unknown function> + 0x681258d (0x7dce86b5c58d in /home/devuser/conda/envs/py312/lib/python3.12/site-packages/torch/lib/libtorch_cpu.so)
frame #4: c10d::TCPStore::check(std::vector<std::__cxx11::basic_string<char, std::char_traits<char>, std::allocator<char> >, std::allocator<std::__cxx11::basic_string<char, std::char_traits<char>, std::allocator<char> > > > const&) + 0x35d (0x7dce86b551dd in /home/devuser/conda/envs/py312/lib/python3.12/site-packages/torch/lib/libtorch_cpu.so)
frame #5: c10d::ProcessGroupNCCL::HeartbeatMonitor::runLoop() + 0x436 (0x7dce6278d0e6 in /home/devuser/conda/envs/py312/lib/python3.12/site-packages/torch/lib/libtorch_cuda.so)
frame #6: <unknown function> + 0xef5e4 (0x7dcf280705e4 in /home/devuser/conda/envs/py312/bin/../lib/libstdc++.so.6)
frame #7: <unknown function> + 0x9caa4 (0x7dcf29462aa4 in /lib/x86_64-linux-gnu/libc.so.6)
frame #8: __clone + 0x44 (0x7dcf294efa64 in /lib/x86_64-linux-gnu/libc.so.6)

[rank5]:[W813 14:40:39.677892127 ProcessGroupNCCL.cpp:1900] [PG ID 0 PG GUID 0(default_pg) Rank 5] Failed to check the "should dump" flag on TCPStore, (maybe TCPStore server has shut down too early), with error: Broken pipe
[rank6]:[W813 14:40:39.893709019 TCPStore.cpp:106] [c10d] sendBytes failed on SocketImpl(fd=100, addr=[localhost]:49280, remote=[sgl-b300-inference.datacrunch.io]:33691): Broken pipe
Exception raised from sendBytes at /__w/pytorch/pytorch/torch/csrc/distributed/c10d/Utils.hpp:758 (most recent call first):
frame #0: c10::Error::Error(c10::SourceLocation, std::__cxx11::basic_string<char, std::char_traits<char>, std::allocator<char> >) + 0x9d (0x79e54e76933d in /home/devuser/conda/envs/py312/lib/python3.12/site-packages/torch/lib/libc10.so)
frame #1: <unknown function> + 0x6811231 (0x79e4dbb5b231 in /home/devuser/conda/envs/py312/lib/python3.12/site-packages/torch/lib/libtorch_cpu.so)
frame #2: <unknown function> + 0x68123e1 (0x79e4dbb5c3e1 in /home/devuser/conda/envs/py312/lib/python3.12/site-packages/torch/lib/libtorch_cpu.so)
frame #3: <unknown function> + 0x681258d (0x79e4dbb5c58d in /home/devuser/conda/envs/py312/lib/python3.12/site-packages/torch/lib/libtorch_cpu.so)
frame #4: c10d::TCPStore::check(std::vector<std::__cxx11::basic_string<char, std::char_traits<char>, std::allocator<char> >, std::allocator<std::__cxx11::basic_string<char, std::char_traits<char>, std::allocator<char> > > > const&) + 0x35d (0x79e4dbb551dd in /home/devuser/conda/envs/py312/lib/python3.12/site-packages/torch/lib/libtorch_cpu.so)
frame #5: c10d::ProcessGroupNCCL::HeartbeatMonitor::runLoop() + 0x436 (0x79e4b778d0e6 in /home/devuser/conda/envs/py312/lib/python3.12/site-packages/torch/lib/libtorch_cuda.so)
frame #6: <unknown function> + 0xef5e4 (0x79e57d0705e4 in /home/devuser/conda/envs/py312/bin/../lib/libstdc++.so.6)
frame #7: <unknown function> + 0x9caa4 (0x79e57e3cdaa4 in /lib/x86_64-linux-gnu/libc.so.6)
frame #8: __clone + 0x44 (0x79e57e45aa64 in /lib/x86_64-linux-gnu/libc.so.6)

[rank6]:[W813 14:40:39.896326481 ProcessGroupNCCL.cpp:1900] [PG ID 0 PG GUID 0(default_pg) Rank 6] Failed to check the "should dump" flag on TCPStore, (maybe TCPStore server has shut down too early), with error: Broken pipe
[rank2]:[W813 14:40:39.925724096 TCPStore.cpp:106] [c10d] sendBytes failed on SocketImpl(fd=100, addr=[localhost]:49326, remote=[sgl-b300-inference.datacrunch.io]:33691): Broken pipe
Exception raised from sendBytes at /__w/pytorch/pytorch/torch/csrc/distributed/c10d/Utils.hpp:758 (most recent call first):
frame #0: c10::Error::Error(c10::SourceLocation, std::__cxx11::basic_string<char, std::char_traits<char>, std::allocator<char> >) + 0x9d (0x7dc559d6933d in /home/devuser/conda/envs/py312/lib/python3.12/site-packages/torch/lib/libc10.so)
frame #1: <unknown function> + 0x6811231 (0x7dc4b835b231 in /home/devuser/conda/envs/py312/lib/python3.12/site-packages/torch/lib/libtorch_cpu.so)
frame #2: <unknown function> + 0x68123e1 (0x7dc4b835c3e1 in /home/devuser/conda/envs/py312/lib/python3.12/site-packages/torch/lib/libtorch_cpu.so)
frame #3: <unknown function> + 0x681258d (0x7dc4b835c58d in /home/devuser/conda/envs/py312/lib/python3.12/site-packages/torch/lib/libtorch_cpu.so)
frame #4: c10d::TCPStore::check(std::vector<std::__cxx11::basic_string<char, std::char_traits<char>, std::allocator<char> >, std::allocator<std::__cxx11::basic_string<char, std::char_traits<char>, std::allocator<char> > > > const&) + 0x35d (0x7dc4b83551dd in /home/devuser/conda/envs/py312/lib/python3.12/site-packages/torch/lib/libtorch_cpu.so)
frame #5: c10d::ProcessGroupNCCL::HeartbeatMonitor::runLoop() + 0x436 (0x7dc493f8d0e6 in /home/devuser/conda/envs/py312/lib/python3.12/site-packages/torch/lib/libtorch_cuda.so)
frame #6: <unknown function> + 0xef5e4 (0x7dc5598705e4 in /home/devuser/conda/envs/py312/bin/../lib/libstdc++.so.6)
frame #7: <unknown function> + 0x9caa4 (0x7dc55ac7aaa4 in /lib/x86_64-linux-gnu/libc.so.6)
frame #8: __clone + 0x44 (0x7dc55ad07a64 in /lib/x86_64-linux-gnu/libc.so.6)

[rank2]:[W813 14:40:39.928229830 ProcessGroupNCCL.cpp:1900] [PG ID 0 PG GUID 0(default_pg) Rank 2] Failed to check the "should dump" flag on TCPStore, (maybe TCPStore server has shut down too early), with error: Broken pipe
[rank4]:[W813 14:40:39.964686983 TCPStore.cpp:106] [c10d] sendBytes failed on SocketImpl(fd=100, addr=[localhost]:49282, remote=[sgl-b300-inference.datacrunch.io]:33691): Broken pipe
Exception raised from sendBytes at /__w/pytorch/pytorch/torch/csrc/distributed/c10d/Utils.hpp:758 (most recent call first):
frame #0: c10::Error::Error(c10::SourceLocation, std::__cxx11::basic_string<char, std::char_traits<char>, std::allocator<char> >) + 0x9d (0x75c75ab6933d in /home/devuser/conda/envs/py312/lib/python3.12/site-packages/torch/lib/libc10.so)
frame #1: <unknown function> + 0x6811231 (0x75c6b915b231 in /home/devuser/conda/envs/py312/lib/python3.12/site-packages/torch/lib/libtorch_cpu.so)
frame #2: <unknown function> + 0x68123e1 (0x75c6b915c3e1 in /home/devuser/conda/envs/py312/lib/python3.12/site-packages/torch/lib/libtorch_cpu.so)
frame #3: <unknown function> + 0x681258d (0x75c6b915c58d in /home/devuser/conda/envs/py312/lib/python3.12/site-packages/torch/lib/libtorch_cpu.so)
frame #4: c10d::TCPStore::check(std::vector<std::__cxx11::basic_string<char, std::char_traits<char>, std::allocator<char> >, std::allocator<std::__cxx11::basic_string<char, std::char_traits<char>, std::allocator<char> > > > const&) + 0x35d (0x75c6b91551dd in /home/devuser/conda/envs/py312/lib/python3.12/site-packages/torch/lib/libtorch_cpu.so)
frame #5: c10d::ProcessGroupNCCL::HeartbeatMonitor::runLoop() + 0x436 (0x75c694d8d0e6 in /home/devuser/conda/envs/py312/lib/python3.12/site-packages/torch/lib/libtorch_cuda.so)
frame #6: <unknown function> + 0xef5e4 (0x75c75a6705e4 in /home/devuser/conda/envs/py312/bin/../lib/libstdc++.so.6)
frame #7: <unknown function> + 0x9caa4 (0x75c75ba7caa4 in /lib/x86_64-linux-gnu/libc.so.6)
frame #8: __clone + 0x44 (0x75c75bb09a64 in /lib/x86_64-linux-gnu/libc.so.6)

[rank4]:[W813 14:40:39.966674823 ProcessGroupNCCL.cpp:1900] [PG ID 0 PG GUID 0(default_pg) Rank 4] Failed to check the "should dump" flag on TCPStore, (maybe TCPStore server has shut down too early), with error: Broken pipe
[rank7]:[W813 14:40:39.027809602 TCPStore.cpp:106] [c10d] sendBytes failed on SocketImpl(fd=100, addr=[localhost]:49310, remote=[sgl-b300-inference.datacrunch.io]:33691): Broken pipe
Exception raised from sendBytes at /__w/pytorch/pytorch/torch/csrc/distributed/c10d/Utils.hpp:758 (most recent call first):
frame #0: c10::Error::Error(c10::SourceLocation, std::__cxx11::basic_string<char, std::char_traits<char>, std::allocator<char> >) + 0x9d (0x78f0b036933d in /home/devuser/conda/envs/py312/lib/python3.12/site-packages/torch/lib/libc10.so)
frame #1: <unknown function> + 0x6811231 (0x78f00e95b231 in /home/devuser/conda/envs/py312/lib/python3.12/site-packages/torch/lib/libtorch_cpu.so)
frame #2: <unknown function> + 0x68123e1 (0x78f00e95c3e1 in /home/devuser/conda/envs/py312/lib/python3.12/site-packages/torch/lib/libtorch_cpu.so)
frame #3: <unknown function> + 0x681258d (0x78f00e95c58d in /home/devuser/conda/envs/py312/lib/python3.12/site-packages/torch/lib/libtorch_cpu.so)
frame #4: c10d::TCPStore::check(std::vector<std::__cxx11::basic_string<char, std::char_traits<char>, std::allocator<char> >, std::allocator<std::__cxx11::basic_string<char, std::char_traits<char>, std::allocator<char> > > > const&) + 0x35d (0x78f00e9551dd in /home/devuser/conda/envs/py312/lib/python3.12/site-packages/torch/lib/libtorch_cpu.so)
frame #5: c10d::ProcessGroupNCCL::HeartbeatMonitor::runLoop() + 0x436 (0x78efea58d0e6 in /home/devuser/conda/envs/py312/lib/python3.12/site-packages/torch/lib/libtorch_cuda.so)
frame #6: <unknown function> + 0xef5e4 (0x78f0afe705e4 in /home/devuser/conda/envs/py312/bin/../lib/libstdc++.so.6)
frame #7: <unknown function> + 0x9caa4 (0x78f0b12b7aa4 in /lib/x86_64-linux-gnu/libc.so.6)
frame #8: __clone + 0x44 (0x78f0b1344a64 in /lib/x86_64-linux-gnu/libc.so.6)

[rank7]:[W813 14:40:39.030377045 ProcessGroupNCCL.cpp:1900] [PG ID 0 PG GUID 0(default_pg) Rank 7] Failed to check the "should dump" flag on TCPStore, (maybe TCPStore server has shut down too early), with error: Broken pipe
[rank3]:[W813 14:40:39.186368298 TCPStore.cpp:106] [c10d] sendBytes failed on SocketImpl(fd=100, addr=[localhost]:49296, remote=[sgl-b300-inference.datacrunch.io]:33691): Broken pipe
Exception raised from sendBytes at /__w/pytorch/pytorch/torch/csrc/distributed/c10d/Utils.hpp:758 (most recent call first):
frame #0: c10::Error::Error(c10::SourceLocation, std::__cxx11::basic_string<char, std::char_traits<char>, std::allocator<char> >) + 0x9d (0x75604f96933d in /home/devuser/conda/envs/py312/lib/python3.12/site-packages/torch/lib/libc10.so)
frame #1: <unknown function> + 0x6811231 (0x755fadf5b231 in /home/devuser/conda/envs/py312/lib/python3.12/site-packages/torch/lib/libtorch_cpu.so)
frame #2: <unknown function> + 0x68123e1 (0x755fadf5c3e1 in /home/devuser/conda/envs/py312/lib/python3.12/site-packages/torch/lib/libtorch_cpu.so)
frame #3: <unknown function> + 0x681258d (0x755fadf5c58d in /home/devuser/conda/envs/py312/lib/python3.12/site-packages/torch/lib/libtorch_cpu.so)
frame #4: c10d::TCPStore::check(std::vector<std::__cxx11::basic_string<char, std::char_traits<char>, std::allocator<char> >, std::allocator<std::__cxx11::basic_string<char, std::char_traits<char>, std::allocator<char> > > > const&) + 0x35d (0x755fadf551dd in /home/devuser/conda/envs/py312/lib/python3.12/site-packages/torch/lib/libtorch_cpu.so)
frame #5: c10d::ProcessGroupNCCL::HeartbeatMonitor::runLoop() + 0x436 (0x755f89b8d0e6 in /home/devuser/conda/envs/py312/lib/python3.12/site-packages/torch/lib/libtorch_cuda.so)
frame #6: <unknown function> + 0xef5e4 (0x75604f4705e4 in /home/devuser/conda/envs/py312/bin/../lib/libstdc++.so.6)
frame #7: <unknown function> + 0x9caa4 (0x7560508c5aa4 in /lib/x86_64-linux-gnu/libc.so.6)
frame #8: __clone + 0x44 (0x756050952a64 in /lib/x86_64-linux-gnu/libc.so.6)

[rank3]:[W813 14:40:39.189596911 ProcessGroupNCCL.cpp:1900] [PG ID 0 PG GUID 0(default_pg) Rank 3] Failed to check the "should dump" flag on TCPStore, (maybe TCPStore server has shut down too early), with error: Broken pipe
[rank1]:[W813 14:40:39.232076612 TCPStore.cpp:106] [c10d] sendBytes failed on SocketImpl(fd=100, addr=[localhost]:49304, remote=[sgl-b300-inference.datacrunch.io]:33691): Broken pipe
Exception raised from sendBytes at /__w/pytorch/pytorch/torch/csrc/distributed/c10d/Utils.hpp:758 (most recent call first):
frame #0: c10::Error::Error(c10::SourceLocation, std::__cxx11::basic_string<char, std::char_traits<char>, std::allocator<char> >) + 0x9d (0x7d8dac76933d in /home/devuser/conda/envs/py312/lib/python3.12/site-packages/torch/lib/libc10.so)
frame #1: <unknown function> + 0x6811231 (0x7d8d0ad5b231 in /home/devuser/conda/envs/py312/lib/python3.12/site-packages/torch/lib/libtorch_cpu.so)
frame #2: <unknown function> + 0x68123e1 (0x7d8d0ad5c3e1 in /home/devuser/conda/envs/py312/lib/python3.12/site-packages/torch/lib/libtorch_cpu.so)
frame #3: <unknown function> + 0x681258d (0x7d8d0ad5c58d in /home/devuser/conda/envs/py312/lib/python3.12/site-packages/torch/lib/libtorch_cpu.so)
frame #4: c10d::TCPStore::check(std::vector<std::__cxx11::basic_string<char, std::char_traits<char>, std::allocator<char> >, std::allocator<std::__cxx11::basic_string<char, std::char_traits<char>, std::allocator<char> > > > const&) + 0x35d (0x7d8d0ad551dd in /home/devuser/conda/envs/py312/lib/python3.12/site-packages/torch/lib/libtorch_cpu.so)
frame #5: c10d::ProcessGroupNCCL::HeartbeatMonitor::runLoop() + 0x436 (0x7d8ce698d0e6 in /home/devuser/conda/envs/py312/lib/python3.12/site-packages/torch/lib/libtorch_cuda.so)
frame #6: <unknown function> + 0xef5e4 (0x7d8dac2705e4 in /home/devuser/conda/envs/py312/bin/../lib/libstdc++.so.6)
frame #7: <unknown function> + 0x9caa4 (0x7d8dad6c7aa4 in /lib/x86_64-linux-gnu/libc.so.6)
frame #8: __clone + 0x44 (0x7d8dad754a64 in /lib/x86_64-linux-gnu/libc.so.6)

[rank1]:[W813 14:40:39.234017144 ProcessGroupNCCL.cpp:1900] [PG ID 0 PG GUID 0(default_pg) Rank 1] Failed to check the "should dump" flag on TCPStore, (maybe TCPStore server has shut down too early), with error: Broken pipe
[rank0]:[W813 14:40:40.471707108 TCPStore.cpp:106] [c10d] sendBytes failed on SocketImpl(fd=100, addr=[localhost]:49270, remote=[sgl-b300-inference.datacrunch.io]:33691): Broken pipe
Exception raised from sendBytes at /__w/pytorch/pytorch/torch/csrc/distributed/c10d/Utils.hpp:758 (most recent call first):
frame #0: c10::Error::Error(c10::SourceLocation, std::__cxx11::basic_string<char, std::char_traits<char>, std::allocator<char> >) + 0x9d (0x76c6d456933d in /home/devuser/conda/envs/py312/lib/python3.12/site-packages/torch/lib/libc10.so)
frame #1: <unknown function> + 0x6811231 (0x76c66195b231 in /home/devuser/conda/envs/py312/lib/python3.12/site-packages/torch/lib/libtorch_cpu.so)
frame #2: <unknown function> + 0x68123e1 (0x76c66195c3e1 in /home/devuser/conda/envs/py312/lib/python3.12/site-packages/torch/lib/libtorch_cpu.so)
frame #3: <unknown function> + 0x681258d (0x76c66195c58d in /home/devuser/conda/envs/py312/lib/python3.12/site-packages/torch/lib/libtorch_cpu.so)
frame #4: c10d::TCPStore::check(std::vector<std::__cxx11::basic_string<char, std::char_traits<char>, std::allocator<char> >, std::allocator<std::__cxx11::basic_string<char, std::char_traits<char>, std::allocator<char> > > > const&) + 0x35d (0x76c6619551dd in /home/devuser/conda/envs/py312/lib/python3.12/site-packages/torch/lib/libtorch_cpu.so)
frame #5: c10d::ProcessGroupNCCL::HeartbeatMonitor::runLoop() + 0x436 (0x76c63d58d0e6 in /home/devuser/conda/envs/py312/lib/python3.12/site-packages/torch/lib/libtorch_cuda.so)
frame #6: <unknown function> + 0xef5e4 (0x76c702e705e4 in /home/devuser/conda/envs/py312/bin/../lib/libstdc++.so.6)
frame #7: <unknown function> + 0x9caa4 (0x76c70414faa4 in /lib/x86_64-linux-gnu/libc.so.6)
frame #8: __clone + 0x44 (0x76c7041dca64 in /lib/x86_64-linux-gnu/libc.so.6)

[rank0]:[W813 14:40:40.473850114 ProcessGroupNCCL.cpp:1900] [PG ID 0 PG GUID 0(default_pg) Rank 0] Failed to check the "should dump" flag on TCPStore, (maybe TCPStore server has shut down too early), with error: Broken pipe
[rank5]:[W813 14:40:40.677984410 TCPStore.cpp:106] [c10d] sendBytes failed on SocketImpl(fd=100, addr=[localhost]:49286, remote=[sgl-b300-inference.datacrunch.io]:33691): Broken pipe
Exception raised from sendBytes at /__w/pytorch/pytorch/torch/csrc/distributed/c10d/Utils.hpp:758 (most recent call first):
frame #0: c10::Error::Error(c10::SourceLocation, std::__cxx11::basic_string<char, std::char_traits<char>, std::allocator<char> >) + 0x9d (0x7dcf2856933d in /home/devuser/conda/envs/py312/lib/python3.12/site-packages/torch/lib/libc10.so)
frame #1: <unknown function> + 0x6811231 (0x7dce86b5b231 in /home/devuser/conda/envs/py312/lib/python3.12/site-packages/torch/lib/libtorch_cpu.so)
frame #2: <unknown function> + 0x68123e1 (0x7dce86b5c3e1 in /home/devuser/conda/envs/py312/lib/python3.12/site-packages/torch/lib/libtorch_cpu.so)
frame #3: <unknown function> + 0x681258d (0x7dce86b5c58d in /home/devuser/conda/envs/py312/lib/python3.12/site-packages/torch/lib/libtorch_cpu.so)
frame #4: c10d::TCPStore::check(std::vector<std::__cxx11::basic_string<char, std::char_traits<char>, std::allocator<char> >, std::allocator<std::__cxx11::basic_string<char, std::char_traits<char>, std::allocator<char> > > > const&) + 0x35d (0x7dce86b551dd in /home/devuser/conda/envs/py312/lib/python3.12/site-packages/torch/lib/libtorch_cpu.so)
frame #5: c10d::ProcessGroupNCCL::HeartbeatMonitor::runLoop() + 0x436 (0x7dce6278d0e6 in /home/devuser/conda/envs/py312/lib/python3.12/site-packages/torch/lib/libtorch_cuda.so)
frame #6: <unknown function> + 0xef5e4 (0x7dcf280705e4 in /home/devuser/conda/envs/py312/bin/../lib/libstdc++.so.6)
frame #7: <unknown function> + 0x9caa4 (0x7dcf29462aa4 in /lib/x86_64-linux-gnu/libc.so.6)
frame #8: __clone + 0x44 (0x7dcf294efa64 in /lib/x86_64-linux-gnu/libc.so.6)

[rank5]:[W813 14:40:40.680511953 ProcessGroupNCCL.cpp:1900] [PG ID 0 PG GUID 0(default_pg) Rank 5] Failed to check the "should dump" flag on TCPStore, (maybe TCPStore server has shut down too early), with error: Broken pipe
[rank6]:[W813 14:40:40.896461804 TCPStore.cpp:106] [c10d] sendBytes failed on SocketImpl(fd=100, addr=[localhost]:49280, remote=[sgl-b300-inference.datacrunch.io]:33691): Broken pipe
Exception raised from sendBytes at /__w/pytorch/pytorch/torch/csrc/distributed/c10d/Utils.hpp:758 (most recent call first):
frame #0: c10::Error::Error(c10::SourceLocation, std::__cxx11::basic_string<char, std::char_traits<char>, std::allocator<char> >) + 0x9d (0x79e54e76933d in /home/devuser/conda/envs/py312/lib/python3.12/site-packages/torch/lib/libc10.so)
frame #1: <unknown function> + 0x6811231 (0x79e4dbb5b231 in /home/devuser/conda/envs/py312/lib/python3.12/site-packages/torch/lib/libtorch_cpu.so)
frame #2: <unknown function> + 0x68123e1 (0x79e4dbb5c3e1 in /home/devuser/conda/envs/py312/lib/python3.12/site-packages/torch/lib/libtorch_cpu.so)
frame #3: <unknown function> + 0x681258d (0x79e4dbb5c58d in /home/devuser/conda/envs/py312/lib/python3.12/site-packages/torch/lib/libtorch_cpu.so)
frame #4: c10d::TCPStore::check(std::vector<std::__cxx11::basic_string<char, std::char_traits<char>, std::allocator<char> >, std::allocator<std::__cxx11::basic_string<char, std::char_traits<char>, std::allocator<char> > > > const&) + 0x35d (0x79e4dbb551dd in /home/devuser/conda/envs/py312/lib/python3.12/site-packages/torch/lib/libtorch_cpu.so)
frame #5: c10d::ProcessGroupNCCL::HeartbeatMonitor::runLoop() + 0x436 (0x79e4b778d0e6 in /home/devuser/conda/envs/py312/lib/python3.12/site-packages/torch/lib/libtorch_cuda.so)
frame #6: <unknown function> + 0xef5e4 (0x79e57d0705e4 in /home/devuser/conda/envs/py312/bin/../lib/libstdc++.so.6)
frame #7: <unknown function> + 0x9caa4 (0x79e57e3cdaa4 in /lib/x86_64-linux-gnu/libc.so.6)
frame #8: __clone + 0x44 (0x79e57e45aa64 in /lib/x86_64-linux-gnu/libc.so.6)

[rank6]:[W813 14:40:40.899084365 ProcessGroupNCCL.cpp:1900] [PG ID 0 PG GUID 0(default_pg) Rank 6] Failed to check the "should dump" flag on TCPStore, (maybe TCPStore server has shut down too early), with error: Broken pipe
[rank2]:[W813 14:40:40.928364144 TCPStore.cpp:106] [c10d] sendBytes failed on SocketImpl(fd=100, addr=[localhost]:49326, remote=[sgl-b300-inference.datacrunch.io]:33691): Broken pipe
Exception raised from sendBytes at /__w/pytorch/pytorch/torch/csrc/distributed/c10d/Utils.hpp:758 (most recent call first):
frame #0: c10::Error::Error(c10::SourceLocation, std::__cxx11::basic_string<char, std::char_traits<char>, std::allocator<char> >) + 0x9d (0x7dc559d6933d in /home/devuser/conda/envs/py312/lib/python3.12/site-packages/torch/lib/libc10.so)
frame #1: <unknown function> + 0x6811231 (0x7dc4b835b231 in /home/devuser/conda/envs/py312/lib/python3.12/site-packages/torch/lib/libtorch_cpu.so)
frame #2: <unknown function> + 0x68123e1 (0x7dc4b835c3e1 in /home/devuser/conda/envs/py312/lib/python3.12/site-packages/torch/lib/libtorch_cpu.so)
frame #3: <unknown function> + 0x681258d (0x7dc4b835c58d in /home/devuser/conda/envs/py312/lib/python3.12/site-packages/torch/lib/libtorch_cpu.so)
frame #4: c10d::TCPStore::check(std::vector<std::__cxx11::basic_string<char, std::char_traits<char>, std::allocator<char> >, std::allocator<std::__cxx11::basic_string<char, std::char_traits<char>, std::allocator<char> > > > const&) + 0x35d (0x7dc4b83551dd in /home/devuser/conda/envs/py312/lib/python3.12/site-packages/torch/lib/libtorch_cpu.so)
frame #5: c10d::ProcessGroupNCCL::HeartbeatMonitor::runLoop() + 0x436 (0x7dc493f8d0e6 in /home/devuser/conda/envs/py312/lib/python3.12/site-packages/torch/lib/libtorch_cuda.so)
frame #6: <unknown function> + 0xef5e4 (0x7dc5598705e4 in /home/devuser/conda/envs/py312/bin/../lib/libstdc++.so.6)
frame #7: <unknown function> + 0x9caa4 (0x7dc55ac7aaa4 in /lib/x86_64-linux-gnu/libc.so.6)
frame #8: __clone + 0x44 (0x7dc55ad07a64 in /lib/x86_64-linux-gnu/libc.so.6)

[rank2]:[W813 14:40:40.930847279 ProcessGroupNCCL.cpp:1900] [PG ID 0 PG GUID 0(default_pg) Rank 2] Failed to check the "should dump" flag on TCPStore, (maybe TCPStore server has shut down too early), with error: Broken pipe
[rank4]:[W813 14:40:40.966778837 TCPStore.cpp:106] [c10d] sendBytes failed on SocketImpl(fd=100, addr=[localhost]:49282, remote=[sgl-b300-inference.datacrunch.io]:33691): Broken pipe
Exception raised from sendBytes at /__w/pytorch/pytorch/torch/csrc/distributed/c10d/Utils.hpp:758 (most recent call first):
frame #0: c10::Error::Error(c10::SourceLocation, std::__cxx11::basic_string<char, std::char_traits<char>, std::allocator<char> >) + 0x9d (0x75c75ab6933d in /home/devuser/conda/envs/py312/lib/python3.12/site-packages/torch/lib/libc10.so)
frame #1: <unknown function> + 0x6811231 (0x75c6b915b231 in /home/devuser/conda/envs/py312/lib/python3.12/site-packages/torch/lib/libtorch_cpu.so)
frame #2: <unknown function> + 0x68123e1 (0x75c6b915c3e1 in /home/devuser/conda/envs/py312/lib/python3.12/site-packages/torch/lib/libtorch_cpu.so)
frame #3: <unknown function> + 0x681258d (0x75c6b915c58d in /home/devuser/conda/envs/py312/lib/python3.12/site-packages/torch/lib/libtorch_cpu.so)
frame #4: c10d::TCPStore::check(std::vector<std::__cxx11::basic_string<char, std::char_traits<char>, std::allocator<char> >, std::allocator<std::__cxx11::basic_string<char, std::char_traits<char>, std::allocator<char> > > > const&) + 0x35d (0x75c6b91551dd in /home/devuser/conda/envs/py312/lib/python3.12/site-packages/torch/lib/libtorch_cpu.so)
frame #5: c10d::ProcessGroupNCCL::HeartbeatMonitor::runLoop() + 0x436 (0x75c694d8d0e6 in /home/devuser/conda/envs/py312/lib/python3.12/site-packages/torch/lib/libtorch_cuda.so)
frame #6: <unknown function> + 0xef5e4 (0x75c75a6705e4 in /home/devuser/conda/envs/py312/bin/../lib/libstdc++.so.6)
frame #7: <unknown function> + 0x9caa4 (0x75c75ba7caa4 in /lib/x86_64-linux-gnu/libc.so.6)
frame #8: __clone + 0x44 (0x75c75bb09a64 in /lib/x86_64-linux-gnu/libc.so.6)

[rank4]:[W813 14:40:40.968764688 ProcessGroupNCCL.cpp:1900] [PG ID 0 PG GUID 0(default_pg) Rank 4] Failed to check the "should dump" flag on TCPStore, (maybe TCPStore server has shut down too early), with error: Broken pipe
[rank7]:[W813 14:40:40.030485700 TCPStore.cpp:106] [c10d] sendBytes failed on SocketImpl(fd=100, addr=[localhost]:49310, remote=[sgl-b300-inference.datacrunch.io]:33691): Broken pipe
Exception raised from sendBytes at /__w/pytorch/pytorch/torch/csrc/distributed/c10d/Utils.hpp:758 (most recent call first):
frame #0: c10::Error::Error(c10::SourceLocation, std::__cxx11::basic_string<char, std::char_traits<char>, std::allocator<char> >) + 0x9d (0x78f0b036933d in /home/devuser/conda/envs/py312/lib/python3.12/site-packages/torch/lib/libc10.so)
frame #1: <unknown function> + 0x6811231 (0x78f00e95b231 in /home/devuser/conda/envs/py312/lib/python3.12/site-packages/torch/lib/libtorch_cpu.so)
frame #2: <unknown function> + 0x68123e1 (0x78f00e95c3e1 in /home/devuser/conda/envs/py312/lib/python3.12/site-packages/torch/lib/libtorch_cpu.so)
frame #3: <unknown function> + 0x681258d (0x78f00e95c58d in /home/devuser/conda/envs/py312/lib/python3.12/site-packages/torch/lib/libtorch_cpu.so)
frame #4: c10d::TCPStore::check(std::vector<std::__cxx11::basic_string<char, std::char_traits<char>, std::allocator<char> >, std::allocator<std::__cxx11::basic_string<char, std::char_traits<char>, std::allocator<char> > > > const&) + 0x35d (0x78f00e9551dd in /home/devuser/conda/envs/py312/lib/python3.12/site-packages/torch/lib/libtorch_cpu.so)
frame #5: c10d::ProcessGroupNCCL::HeartbeatMonitor::runLoop() + 0x436 (0x78efea58d0e6 in /home/devuser/conda/envs/py312/lib/python3.12/site-packages/torch/lib/libtorch_cuda.so)
frame #6: <unknown function> + 0xef5e4 (0x78f0afe705e4 in /home/devuser/conda/envs/py312/bin/../lib/libstdc++.so.6)
frame #7: <unknown function> + 0x9caa4 (0x78f0b12b7aa4 in /lib/x86_64-linux-gnu/libc.so.6)
frame #8: __clone + 0x44 (0x78f0b1344a64 in /lib/x86_64-linux-gnu/libc.so.6)

[rank7]:[W813 14:40:40.033036113 ProcessGroupNCCL.cpp:1900] [PG ID 0 PG GUID 0(default_pg) Rank 7] Failed to check the "should dump" flag on TCPStore, (maybe TCPStore server has shut down too early), with error: Broken pipe
[rank3]:[W813 14:40:40.189686338 TCPStore.cpp:106] [c10d] sendBytes failed on SocketImpl(fd=100, addr=[localhost]:49296, remote=[sgl-b300-inference.datacrunch.io]:33691): Broken pipe
Exception raised from sendBytes at /__w/pytorch/pytorch/torch/csrc/distributed/c10d/Utils.hpp:758 (most recent call first):
frame #0: c10::Error::Error(c10::SourceLocation, std::__cxx11::basic_string<char, std::char_traits<char>, std::allocator<char> >) + 0x9d (0x75604f96933d in /home/devuser/conda/envs/py312/lib/python3.12/site-packages/torch/lib/libc10.so)
frame #1: <unknown function> + 0x6811231 (0x755fadf5b231 in /home/devuser/conda/envs/py312/lib/python3.12/site-packages/torch/lib/libtorch_cpu.so)
frame #2: <unknown function> + 0x68123e1 (0x755fadf5c3e1 in /home/devuser/conda/envs/py312/lib/python3.12/site-packages/torch/lib/libtorch_cpu.so)
frame #3: <unknown function> + 0x681258d (0x755fadf5c58d in /home/devuser/conda/envs/py312/lib/python3.12/site-packages/torch/lib/libtorch_cpu.so)
frame #4: c10d::TCPStore::check(std::vector<std::__cxx11::basic_string<char, std::char_traits<char>, std::allocator<char> >, std::allocator<std::__cxx11::basic_string<char, std::char_traits<char>, std::allocator<char> > > > const&) + 0x35d (0x755fadf551dd in /home/devuser/conda/envs/py312/lib/python3.12/site-packages/torch/lib/libtorch_cpu.so)
frame #5: c10d::ProcessGroupNCCL::HeartbeatMonitor::runLoop() + 0x436 (0x755f89b8d0e6 in /home/devuser/conda/envs/py312/lib/python3.12/site-packages/torch/lib/libtorch_cuda.so)
frame #6: <unknown function> + 0xef5e4 (0x75604f4705e4 in /home/devuser/conda/envs/py312/bin/../lib/libstdc++.so.6)
frame #7: <unknown function> + 0x9caa4 (0x7560508c5aa4 in /lib/x86_64-linux-gnu/libc.so.6)
frame #8: __clone + 0x44 (0x756050952a64 in /lib/x86_64-linux-gnu/libc.so.6)

[rank3]:[W813 14:40:40.192892542 ProcessGroupNCCL.cpp:1900] [PG ID 0 PG GUID 0(default_pg) Rank 3] Failed to check the "should dump" flag on TCPStore, (maybe TCPStore server has shut down too early), with error: Broken pipe
[rank1]:[W813 14:40:40.234116561 TCPStore.cpp:106] [c10d] sendBytes failed on SocketImpl(fd=100, addr=[localhost]:49304, remote=[sgl-b300-inference.datacrunch.io]:33691): Broken pipe
Exception raised from sendBytes at /__w/pytorch/pytorch/torch/csrc/distributed/c10d/Utils.hpp:758 (most recent call first):
frame #0: c10::Error::Error(c10::SourceLocation, std::__cxx11::basic_string<char, std::char_traits<char>, std::allocator<char> >) + 0x9d (0x7d8dac76933d in /home/devuser/conda/envs/py312/lib/python3.12/site-packages/torch/lib/libc10.so)
frame #1: <unknown function> + 0x6811231 (0x7d8d0ad5b231 in /home/devuser/conda/envs/py312/lib/python3.12/site-packages/torch/lib/libtorch_cpu.so)
frame #2: <unknown function> + 0x68123e1 (0x7d8d0ad5c3e1 in /home/devuser/conda/envs/py312/lib/python3.12/site-packages/torch/lib/libtorch_cpu.so)
frame #3: <unknown function> + 0x681258d (0x7d8d0ad5c58d in /home/devuser/conda/envs/py312/lib/python3.12/site-packages/torch/lib/libtorch_cpu.so)
frame #4: c10d::TCPStore::check(std::vector<std::__cxx11::basic_string<char, std::char_traits<char>, std::allocator<char> >, std::allocator<std::__cxx11::basic_string<char, std::char_traits<char>, std::allocator<char> > > > const&) + 0x35d (0x7d8d0ad551dd in /home/devuser/conda/envs/py312/lib/python3.12/site-packages/torch/lib/libtorch_cpu.so)
frame #5: c10d::ProcessGroupNCCL::HeartbeatMonitor::runLoop() + 0x436 (0x7d8ce698d0e6 in /home/devuser/conda/envs/py312/lib/python3.12/site-packages/torch/lib/libtorch_cuda.so)
frame #6: <unknown function> + 0xef5e4 (0x7d8dac2705e4 in /home/devuser/conda/envs/py312/bin/../lib/libstdc++.so.6)
frame #7: <unknown function> + 0x9caa4 (0x7d8dad6c7aa4 in /lib/x86_64-linux-gnu/libc.so.6)
frame #8: __clone + 0x44 (0x7d8dad754a64 in /lib/x86_64-linux-gnu/libc.so.6)

[rank1]:[W813 14:40:40.236101291 ProcessGroupNCCL.cpp:1900] [PG ID 0 PG GUID 0(default_pg) Rank 1] Failed to check the "should dump" flag on TCPStore, (maybe TCPStore server has shut down too early), with error: Broken pipe
[rank0]:[W813 14:40:41.473967072 TCPStore.cpp:106] [c10d] sendBytes failed on SocketImpl(fd=100, addr=[localhost]:49270, remote=[sgl-b300-inference.datacrunch.io]:33691): Broken pipe
Exception raised from sendBytes at /__w/pytorch/pytorch/torch/csrc/distributed/c10d/Utils.hpp:758 (most recent call first):
frame #0: c10::Error::Error(c10::SourceLocation, std::__cxx11::basic_string<char, std::char_traits<char>, std::allocator<char> >) + 0x9d (0x76c6d456933d in /home/devuser/conda/envs/py312/lib/python3.12/site-packages/torch/lib/libc10.so)
frame #1: <unknown function> + 0x6811231 (0x76c66195b231 in /home/devuser/conda/envs/py312/lib/python3.12/site-packages/torch/lib/libtorch_cpu.so)
frame #2: <unknown function> + 0x68123e1 (0x76c66195c3e1 in /home/devuser/conda/envs/py312/lib/python3.12/site-packages/torch/lib/libtorch_cpu.so)
frame #3: <unknown function> + 0x681258d (0x76c66195c58d in /home/devuser/conda/envs/py312/lib/python3.12/site-packages/torch/lib/libtorch_cpu.so)
frame #4: c10d::TCPStore::check(std::vector<std::__cxx11::basic_string<char, std::char_traits<char>, std::allocator<char> >, std::allocator<std::__cxx11::basic_string<char, std::char_traits<char>, std::allocator<char> > > > const&) + 0x35d (0x76c6619551dd in /home/devuser/conda/envs/py312/lib/python3.12/site-packages/torch/lib/libtorch_cpu.so)
frame #5: c10d::ProcessGroupNCCL::HeartbeatMonitor::runLoop() + 0x436 (0x76c63d58d0e6 in /home/devuser/conda/envs/py312/lib/python3.12/site-packages/torch/lib/libtorch_cuda.so)
frame #6: <unknown function> + 0xef5e4 (0x76c702e705e4 in /home/devuser/conda/envs/py312/bin/../lib/libstdc++.so.6)
frame #7: <unknown function> + 0x9caa4 (0x76c70414faa4 in /lib/x86_64-linux-gnu/libc.so.6)
frame #8: __clone + 0x44 (0x76c7041dca64 in /lib/x86_64-linux-gnu/libc.so.6)

[rank0]:[W813 14:40:41.476504985 ProcessGroupNCCL.cpp:1900] [PG ID 0 PG GUID 0(default_pg) Rank 0] Failed to check the "should dump" flag on TCPStore, (maybe TCPStore server has shut down too early), with error: Broken pipe
[rank5]:[W813 14:40:41.680604435 TCPStore.cpp:106] [c10d] sendBytes failed on SocketImpl(fd=100, addr=[localhost]:49286, remote=[sgl-b300-inference.datacrunch.io]:33691): Broken pipe
Exception raised from sendBytes at /__w/pytorch/pytorch/torch/csrc/distributed/c10d/Utils.hpp:758 (most recent call first):
frame #0: c10::Error::Error(c10::SourceLocation, std::__cxx11::basic_string<char, std::char_traits<char>, std::allocator<char> >) + 0x9d (0x7dcf2856933d in /home/devuser/conda/envs/py312/lib/python3.12/site-packages/torch/lib/libc10.so)
frame #1: <unknown function> + 0x6811231 (0x7dce86b5b231 in /home/devuser/conda/envs/py312/lib/python3.12/site-packages/torch/lib/libtorch_cpu.so)
frame #2: <unknown function> + 0x68123e1 (0x7dce86b5c3e1 in /home/devuser/conda/envs/py312/lib/python3.12/site-packages/torch/lib/libtorch_cpu.so)
frame #3: <unknown function> + 0x681258d (0x7dce86b5c58d in /home/devuser/conda/envs/py312/lib/python3.12/site-packages/torch/lib/libtorch_cpu.so)
frame #4: c10d::TCPStore::check(std::vector<std::__cxx11::basic_string<char, std::char_traits<char>, std::allocator<char> >, std::allocator<std::__cxx11::basic_string<char, std::char_traits<char>, std::allocator<char> > > > const&) + 0x35d (0x7dce86b551dd in /home/devuser/conda/envs/py312/lib/python3.12/site-packages/torch/lib/libtorch_cpu.so)
frame #5: c10d::ProcessGroupNCCL::HeartbeatMonitor::runLoop() + 0x436 (0x7dce6278d0e6 in /home/devuser/conda/envs/py312/lib/python3.12/site-packages/torch/lib/libtorch_cuda.so)
frame #6: <unknown function> + 0xef5e4 (0x7dcf280705e4 in /home/devuser/conda/envs/py312/bin/../lib/libstdc++.so.6)
frame #7: <unknown function> + 0x9caa4 (0x7dcf29462aa4 in /lib/x86_64-linux-gnu/libc.so.6)
frame #8: __clone + 0x44 (0x7dcf294efa64 in /lib/x86_64-linux-gnu/libc.so.6)

[rank5]:[W813 14:40:41.683125899 ProcessGroupNCCL.cpp:1900] [PG ID 0 PG GUID 0(default_pg) Rank 5] Failed to check the "should dump" flag on TCPStore, (maybe TCPStore server has shut down too early), with error: Broken pipe
[rank6]:[W813 14:40:41.899182398 TCPStore.cpp:106] [c10d] sendBytes failed on SocketImpl(fd=100, addr=[localhost]:49280, remote=[sgl-b300-inference.datacrunch.io]:33691): Broken pipe
Exception raised from sendBytes at /__w/pytorch/pytorch/torch/csrc/distributed/c10d/Utils.hpp:758 (most recent call first):
frame #0: c10::Error::Error(c10::SourceLocation, std::__cxx11::basic_string<char, std::char_traits<char>, std::allocator<char> >) + 0x9d (0x79e54e76933d in /home/devuser/conda/envs/py312/lib/python3.12/site-packages/torch/lib/libc10.so)
frame #1: <unknown function> + 0x6811231 (0x79e4dbb5b231 in /home/devuser/conda/envs/py312/lib/python3.12/site-packages/torch/lib/libtorch_cpu.so)
frame #2: <unknown function> + 0x68123e1 (0x79e4dbb5c3e1 in /home/devuser/conda/envs/py312/lib/python3.12/site-packages/torch/lib/libtorch_cpu.so)
frame #3: <unknown function> + 0x681258d (0x79e4dbb5c58d in /home/devuser/conda/envs/py312/lib/python3.12/site-packages/torch/lib/libtorch_cpu.so)
frame #4: c10d::TCPStore::check(std::vector<std::__cxx11::basic_string<char, std::char_traits<char>, std::allocator<char> >, std::allocator<std::__cxx11::basic_string<char, std::char_traits<char>, std::allocator<char> > > > const&) + 0x35d (0x79e4dbb551dd in /home/devuser/conda/envs/py312/lib/python3.12/site-packages/torch/lib/libtorch_cpu.so)
frame #5: c10d::ProcessGroupNCCL::HeartbeatMonitor::runLoop() + 0x436 (0x79e4b778d0e6 in /home/devuser/conda/envs/py312/lib/python3.12/site-packages/torch/lib/libtorch_cuda.so)
frame #6: <unknown function> + 0xef5e4 (0x79e57d0705e4 in /home/devuser/conda/envs/py312/bin/../lib/libstdc++.so.6)
frame #7: <unknown function> + 0x9caa4 (0x79e57e3cdaa4 in /lib/x86_64-linux-gnu/libc.so.6)
frame #8: __clone + 0x44 (0x79e57e45aa64 in /lib/x86_64-linux-gnu/libc.so.6)

[rank6]:[W813 14:40:41.901793799 ProcessGroupNCCL.cpp:1900] [PG ID 0 PG GUID 0(default_pg) Rank 6] Failed to check the "should dump" flag on TCPStore, (maybe TCPStore server has shut down too early), with error: Broken pipe
[rank2]:[W813 14:40:41.930965171 TCPStore.cpp:106] [c10d] sendBytes failed on SocketImpl(fd=100, addr=[localhost]:49326, remote=[sgl-b300-inference.datacrunch.io]:33691): Broken pipe
Exception raised from sendBytes at /__w/pytorch/pytorch/torch/csrc/distributed/c10d/Utils.hpp:758 (most recent call first):
frame #0: c10::Error::Error(c10::SourceLocation, std::__cxx11::basic_string<char, std::char_traits<char>, std::allocator<char> >) + 0x9d (0x7dc559d6933d in /home/devuser/conda/envs/py312/lib/python3.12/site-packages/torch/lib/libc10.so)
frame #1: <unknown function> + 0x6811231 (0x7dc4b835b231 in /home/devuser/conda/envs/py312/lib/python3.12/site-packages/torch/lib/libtorch_cpu.so)
frame #2: <unknown function> + 0x68123e1 (0x7dc4b835c3e1 in /home/devuser/conda/envs/py312/lib/python3.12/site-packages/torch/lib/libtorch_cpu.so)
frame #3: <unknown function> + 0x681258d (0x7dc4b835c58d in /home/devuser/conda/envs/py312/lib/python3.12/site-packages/torch/lib/libtorch_cpu.so)
frame #4: c10d::TCPStore::check(std::vector<std::__cxx11::basic_string<char, std::char_traits<char>, std::allocator<char> >, std::allocator<std::__cxx11::basic_string<char, std::char_traits<char>, std::allocator<char> > > > const&) + 0x35d (0x7dc4b83551dd in /home/devuser/conda/envs/py312/lib/python3.12/site-packages/torch/lib/libtorch_cpu.so)
frame #5: c10d::ProcessGroupNCCL::HeartbeatMonitor::runLoop() + 0x436 (0x7dc493f8d0e6 in /home/devuser/conda/envs/py312/lib/python3.12/site-packages/torch/lib/libtorch_cuda.so)
frame #6: <unknown function> + 0xef5e4 (0x7dc5598705e4 in /home/devuser/conda/envs/py312/bin/../lib/libstdc++.so.6)
frame #7: <unknown function> + 0x9caa4 (0x7dc55ac7aaa4 in /lib/x86_64-linux-gnu/libc.so.6)
frame #8: __clone + 0x44 (0x7dc55ad07a64 in /lib/x86_64-linux-gnu/libc.so.6)

[rank2]:[W813 14:40:41.933539344 ProcessGroupNCCL.cpp:1900] [PG ID 0 PG GUID 0(default_pg) Rank 2] Failed to check the "should dump" flag on TCPStore, (maybe TCPStore server has shut down too early), with error: Broken pipe
[rank4]:[W813 14:40:41.968879070 TCPStore.cpp:106] [c10d] sendBytes failed on SocketImpl(fd=100, addr=[localhost]:49282, remote=[sgl-b300-inference.datacrunch.io]:33691): Broken pipe
Exception raised from sendBytes at /__w/pytorch/pytorch/torch/csrc/distributed/c10d/Utils.hpp:758 (most recent call first):
frame #0: c10::Error::Error(c10::SourceLocation, std::__cxx11::basic_string<char, std::char_traits<char>, std::allocator<char> >) + 0x9d (0x75c75ab6933d in /home/devuser/conda/envs/py312/lib/python3.12/site-packages/torch/lib/libc10.so)
frame #1: <unknown function> + 0x6811231 (0x75c6b915b231 in /home/devuser/conda/envs/py312/lib/python3.12/site-packages/torch/lib/libtorch_cpu.so)
frame #2: <unknown function> + 0x68123e1 (0x75c6b915c3e1 in /home/devuser/conda/envs/py312/lib/python3.12/site-packages/torch/lib/libtorch_cpu.so)
frame #3: <unknown function> + 0x681258d (0x75c6b915c58d in /home/devuser/conda/envs/py312/lib/python3.12/site-packages/torch/lib/libtorch_cpu.so)
frame #4: c10d::TCPStore::check(std::vector<std::__cxx11::basic_string<char, std::char_traits<char>, std::allocator<char> >, std::allocator<std::__cxx11::basic_string<char, std::char_traits<char>, std::allocator<char> > > > const&) + 0x35d (0x75c6b91551dd in /home/devuser/conda/envs/py312/lib/python3.12/site-packages/torch/lib/libtorch_cpu.so)
frame #5: c10d::ProcessGroupNCCL::HeartbeatMonitor::runLoop() + 0x436 (0x75c694d8d0e6 in /home/devuser/conda/envs/py312/lib/python3.12/site-packages/torch/lib/libtorch_cuda.so)
frame #6: <unknown function> + 0xef5e4 (0x75c75a6705e4 in /home/devuser/conda/envs/py312/bin/../lib/libstdc++.so.6)
frame #7: <unknown function> + 0x9caa4 (0x75c75ba7caa4 in /lib/x86_64-linux-gnu/libc.so.6)
frame #8: __clone + 0x44 (0x75c75bb09a64 in /lib/x86_64-linux-gnu/libc.so.6)

[rank4]:[W813 14:40:41.970852511 ProcessGroupNCCL.cpp:1900] [PG ID 0 PG GUID 0(default_pg) Rank 4] Failed to check the "should dump" flag on TCPStore, (maybe TCPStore server has shut down too early), with error: Broken pipe
[rank7]:[W813 14:40:41.033163476 TCPStore.cpp:106] [c10d] sendBytes failed on SocketImpl(fd=100, addr=[localhost]:49310, remote=[sgl-b300-inference.datacrunch.io]:33691): Broken pipe
Exception raised from sendBytes at /__w/pytorch/pytorch/torch/csrc/distributed/c10d/Utils.hpp:758 (most recent call first):
frame #0: c10::Error::Error(c10::SourceLocation, std::__cxx11::basic_string<char, std::char_traits<char>, std::allocator<char> >) + 0x9d (0x78f0b036933d in /home/devuser/conda/envs/py312/lib/python3.12/site-packages/torch/lib/libc10.so)
frame #1: <unknown function> + 0x6811231 (0x78f00e95b231 in /home/devuser/conda/envs/py312/lib/python3.12/site-packages/torch/lib/libtorch_cpu.so)
frame #2: <unknown function> + 0x68123e1 (0x78f00e95c3e1 in /home/devuser/conda/envs/py312/lib/python3.12/site-packages/torch/lib/libtorch_cpu.so)
frame #3: <unknown function> + 0x681258d (0x78f00e95c58d in /home/devuser/conda/envs/py312/lib/python3.12/site-packages/torch/lib/libtorch_cpu.so)
frame #4: c10d::TCPStore::check(std::vector<std::__cxx11::basic_string<char, std::char_traits<char>, std::allocator<char> >, std::allocator<std::__cxx11::basic_string<char, std::char_traits<char>, std::allocator<char> > > > const&) + 0x35d (0x78f00e9551dd in /home/devuser/conda/envs/py312/lib/python3.12/site-packages/torch/lib/libtorch_cpu.so)
frame #5: c10d::ProcessGroupNCCL::HeartbeatMonitor::runLoop() + 0x436 (0x78efea58d0e6 in /home/devuser/conda/envs/py312/lib/python3.12/site-packages/torch/lib/libtorch_cuda.so)
frame #6: <unknown function> + 0xef5e4 (0x78f0afe705e4 in /home/devuser/conda/envs/py312/bin/../lib/libstdc++.so.6)
frame #7: <unknown function> + 0x9caa4 (0x78f0b12b7aa4 in /lib/x86_64-linux-gnu/libc.so.6)
frame #8: __clone + 0x44 (0x78f0b1344a64 in /lib/x86_64-linux-gnu/libc.so.6)

[rank7]:[W813 14:40:41.035697690 ProcessGroupNCCL.cpp:1900] [PG ID 0 PG GUID 0(default_pg) Rank 7] Failed to check the "should dump" flag on TCPStore, (maybe TCPStore server has shut down too early), with error: Broken pipe
[rank3]:[W813 14:40:41.193092315 TCPStore.cpp:106] [c10d] sendBytes failed on SocketImpl(fd=100, addr=[localhost]:49296, remote=[sgl-b300-inference.datacrunch.io]:33691): Broken pipe
Exception raised from sendBytes at /__w/pytorch/pytorch/torch/csrc/distributed/c10d/Utils.hpp:758 (most recent call first):
frame #0: c10::Error::Error(c10::SourceLocation, std::__cxx11::basic_string<char, std::char_traits<char>, std::allocator<char> >) + 0x9d (0x75604f96933d in /home/devuser/conda/envs/py312/lib/python3.12/site-packages/torch/lib/libc10.so)
frame #1: <unknown function> + 0x6811231 (0x755fadf5b231 in /home/devuser/conda/envs/py312/lib/python3.12/site-packages/torch/lib/libtorch_cpu.so)
frame #2: <unknown function> + 0x68123e1 (0x755fadf5c3e1 in /home/devuser/conda/envs/py312/lib/python3.12/site-packages/torch/lib/libtorch_cpu.so)
frame #3: <unknown function> + 0x681258d (0x755fadf5c58d in /home/devuser/conda/envs/py312/lib/python3.12/site-packages/torch/lib/libtorch_cpu.so)
frame #4: c10d::TCPStore::check(std::vector<std::__cxx11::basic_string<char, std::char_traits<char>, std::allocator<char> >, std::allocator<std::__cxx11::basic_string<char, std::char_traits<char>, std::allocator<char> > > > const&) + 0x35d (0x755fadf551dd in /home/devuser/conda/envs/py312/lib/python3.12/site-packages/torch/lib/libtorch_cpu.so)
frame #5: c10d::ProcessGroupNCCL::HeartbeatMonitor::runLoop() + 0x436 (0x755f89b8d0e6 in /home/devuser/conda/envs/py312/lib/python3.12/site-packages/torch/lib/libtorch_cuda.so)
frame #6: <unknown function> + 0xef5e4 (0x75604f4705e4 in /home/devuser/conda/envs/py312/bin/../lib/libstdc++.so.6)
frame #7: <unknown function> + 0x9caa4 (0x7560508c5aa4 in /lib/x86_64-linux-gnu/libc.so.6)
frame #8: __clone + 0x44 (0x756050952a64 in /lib/x86_64-linux-gnu/libc.so.6)

[rank3]:[W813 14:40:41.195567949 ProcessGroupNCCL.cpp:1900] [PG ID 0 PG GUID 0(default_pg) Rank 3] Failed to check the "should dump" flag on TCPStore, (maybe TCPStore server has shut down too early), with error: Broken pipe
[rank1]:[W813 14:40:41.236192527 TCPStore.cpp:106] [c10d] sendBytes failed on SocketImpl(fd=100, addr=[localhost]:49304, remote=[sgl-b300-inference.datacrunch.io]:33691): Broken pipe
Exception raised from sendBytes at /__w/pytorch/pytorch/torch/csrc/distributed/c10d/Utils.hpp:758 (most recent call first):
frame #0: c10::Error::Error(c10::SourceLocation, std::__cxx11::basic_string<char, std::char_traits<char>, std::allocator<char> >) + 0x9d (0x7d8dac76933d in /home/devuser/conda/envs/py312/lib/python3.12/site-packages/torch/lib/libc10.so)
frame #1: <unknown function> + 0x6811231 (0x7d8d0ad5b231 in /home/devuser/conda/envs/py312/lib/python3.12/site-packages/torch/lib/libtorch_cpu.so)
frame #2: <unknown function> + 0x68123e1 (0x7d8d0ad5c3e1 in /home/devuser/conda/envs/py312/lib/python3.12/site-packages/torch/lib/libtorch_cpu.so)
frame #3: <unknown function> + 0x681258d (0x7d8d0ad5c58d in /home/devuser/conda/envs/py312/lib/python3.12/site-packages/torch/lib/libtorch_cpu.so)
frame #4: c10d::TCPStore::check(std::vector<std::__cxx11::basic_string<char, std::char_traits<char>, std::allocator<char> >, std::allocator<std::__cxx11::basic_string<char, std::char_traits<char>, std::allocator<char> > > > const&) + 0x35d (0x7d8d0ad551dd in /home/devuser/conda/envs/py312/lib/python3.12/site-packages/torch/lib/libtorch_cpu.so)
frame #5: c10d::ProcessGroupNCCL::HeartbeatMonitor::runLoop() + 0x436 (0x7d8ce698d0e6 in /home/devuser/conda/envs/py312/lib/python3.12/site-packages/torch/lib/libtorch_cuda.so)
frame #6: <unknown function> + 0xef5e4 (0x7d8dac2705e4 in /home/devuser/conda/envs/py312/bin/../lib/libstdc++.so.6)
frame #7: <unknown function> + 0x9caa4 (0x7d8dad6c7aa4 in /lib/x86_64-linux-gnu/libc.so.6)
frame #8: __clone + 0x44 (0x7d8dad754a64 in /lib/x86_64-linux-gnu/libc.so.6)

[rank1]:[W813 14:40:41.238174558 ProcessGroupNCCL.cpp:1900] [PG ID 0 PG GUID 0(default_pg) Rank 1] Failed to check the "should dump" flag on TCPStore, (maybe TCPStore server has shut down too early), with error: Broken pipe
[rank0]:[W813 14:40:42.476615853 TCPStore.cpp:106] [c10d] sendBytes failed on SocketImpl(fd=100, addr=[localhost]:49270, remote=[sgl-b300-inference.datacrunch.io]:33691): Broken pipe
Exception raised from sendBytes at /__w/pytorch/pytorch/torch/csrc/distributed/c10d/Utils.hpp:758 (most recent call first):
frame #0: c10::Error::Error(c10::SourceLocation, std::__cxx11::basic_string<char, std::char_traits<char>, std::allocator<char> >) + 0x9d (0x76c6d456933d in /home/devuser/conda/envs/py312/lib/python3.12/site-packages/torch/lib/libc10.so)
frame #1: <unknown function> + 0x6811231 (0x76c66195b231 in /home/devuser/conda/envs/py312/lib/python3.12/site-packages/torch/lib/libtorch_cpu.so)
frame #2: <unknown function> + 0x68123e1 (0x76c66195c3e1 in /home/devuser/conda/envs/py312/lib/python3.12/site-packages/torch/lib/libtorch_cpu.so)
frame #3: <unknown function> + 0x681258d (0x76c66195c58d in /home/devuser/conda/envs/py312/lib/python3.12/site-packages/torch/lib/libtorch_cpu.so)
frame #4: c10d::TCPStore::check(std::vector<std::__cxx11::basic_string<char, std::char_traits<char>, std::allocator<char> >, std::allocator<std::__cxx11::basic_string<char, std::char_traits<char>, std::allocator<char> > > > const&) + 0x35d (0x76c6619551dd in /home/devuser/conda/envs/py312/lib/python3.12/site-packages/torch/lib/libtorch_cpu.so)
frame #5: c10d::ProcessGroupNCCL::HeartbeatMonitor::runLoop() + 0x436 (0x76c63d58d0e6 in /home/devuser/conda/envs/py312/lib/python3.12/site-packages/torch/lib/libtorch_cuda.so)
frame #6: <unknown function> + 0xef5e4 (0x76c702e705e4 in /home/devuser/conda/envs/py312/bin/../lib/libstdc++.so.6)
frame #7: <unknown function> + 0x9caa4 (0x76c70414faa4 in /lib/x86_64-linux-gnu/libc.so.6)
frame #8: __clone + 0x44 (0x76c7041dca64 in /lib/x86_64-linux-gnu/libc.so.6)

[rank0]:[W813 14:40:42.479206595 ProcessGroupNCCL.cpp:1900] [PG ID 0 PG GUID 0(default_pg) Rank 0] Failed to check the "should dump" flag on TCPStore, (maybe TCPStore server has shut down too early), with error: Broken pipe
[rank5]:[W813 14:40:42.683224118 TCPStore.cpp:106] [c10d] sendBytes failed on SocketImpl(fd=100, addr=[localhost]:49286, remote=[sgl-b300-inference.datacrunch.io]:33691): Broken pipe
Exception raised from sendBytes at /__w/pytorch/pytorch/torch/csrc/distributed/c10d/Utils.hpp:758 (most recent call first):
frame #0: c10::Error::Error(c10::SourceLocation, std::__cxx11::basic_string<char, std::char_traits<char>, std::allocator<char> >) + 0x9d (0x7dcf2856933d in /home/devuser/conda/envs/py312/lib/python3.12/site-packages/torch/lib/libc10.so)
frame #1: <unknown function> + 0x6811231 (0x7dce86b5b231 in /home/devuser/conda/envs/py312/lib/python3.12/site-packages/torch/lib/libtorch_cpu.so)
frame #2: <unknown function> + 0x68123e1 (0x7dce86b5c3e1 in /home/devuser/conda/envs/py312/lib/python3.12/site-packages/torch/lib/libtorch_cpu.so)
frame #3: <unknown function> + 0x681258d (0x7dce86b5c58d in /home/devuser/conda/envs/py312/lib/python3.12/site-packages/torch/lib/libtorch_cpu.so)
frame #4: c10d::TCPStore::check(std::vector<std::__cxx11::basic_string<char, std::char_traits<char>, std::allocator<char> >, std::allocator<std::__cxx11::basic_string<char, std::char_traits<char>, std::allocator<char> > > > const&) + 0x35d (0x7dce86b551dd in /home/devuser/conda/envs/py312/lib/python3.12/site-packages/torch/lib/libtorch_cpu.so)
frame #5: c10d::ProcessGroupNCCL::HeartbeatMonitor::runLoop() + 0x436 (0x7dce6278d0e6 in /home/devuser/conda/envs/py312/lib/python3.12/site-packages/torch/lib/libtorch_cuda.so)
frame #6: <unknown function> + 0xef5e4 (0x7dcf280705e4 in /home/devuser/conda/envs/py312/bin/../lib/libstdc++.so.6)
frame #7: <unknown function> + 0x9caa4 (0x7dcf29462aa4 in /lib/x86_64-linux-gnu/libc.so.6)
frame #8: __clone + 0x44 (0x7dcf294efa64 in /lib/x86_64-linux-gnu/libc.so.6)

[rank5]:[W813 14:40:42.685740382 ProcessGroupNCCL.cpp:1900] [PG ID 0 PG GUID 0(default_pg) Rank 5] Failed to check the "should dump" flag on TCPStore, (maybe TCPStore server has shut down too early), with error: Broken pipe
[rank6]:[W813 14:40:42.901890672 TCPStore.cpp:106] [c10d] sendBytes failed on SocketImpl(fd=100, addr=[localhost]:49280, remote=[sgl-b300-inference.datacrunch.io]:33691): Broken pipe
Exception raised from sendBytes at /__w/pytorch/pytorch/torch/csrc/distributed/c10d/Utils.hpp:758 (most recent call first):
frame #0: c10::Error::Error(c10::SourceLocation, std::__cxx11::basic_string<char, std::char_traits<char>, std::allocator<char> >) + 0x9d (0x79e54e76933d in /home/devuser/conda/envs/py312/lib/python3.12/site-packages/torch/lib/libc10.so)
frame #1: <unknown function> + 0x6811231 (0x79e4dbb5b231 in /home/devuser/conda/envs/py312/lib/python3.12/site-packages/torch/lib/libtorch_cpu.so)
frame #2: <unknown function> + 0x68123e1 (0x79e4dbb5c3e1 in /home/devuser/conda/envs/py312/lib/python3.12/site-packages/torch/lib/libtorch_cpu.so)
frame #3: <unknown function> + 0x681258d (0x79e4dbb5c58d in /home/devuser/conda/envs/py312/lib/python3.12/site-packages/torch/lib/libtorch_cpu.so)
frame #4: c10d::TCPStore::check(std::vector<std::__cxx11::basic_string<char, std::char_traits<char>, std::allocator<char> >, std::allocator<std::__cxx11::basic_string<char, std::char_traits<char>, std::allocator<char> > > > const&) + 0x35d (0x79e4dbb551dd in /home/devuser/conda/envs/py312/lib/python3.12/site-packages/torch/lib/libtorch_cpu.so)
frame #5: c10d::ProcessGroupNCCL::HeartbeatMonitor::runLoop() + 0x436 (0x79e4b778d0e6 in /home/devuser/conda/envs/py312/lib/python3.12/site-packages/torch/lib/libtorch_cuda.so)
frame #6: <unknown function> + 0xef5e4 (0x79e57d0705e4 in /home/devuser/conda/envs/py312/bin/../lib/libstdc++.so.6)
frame #7: <unknown function> + 0x9caa4 (0x79e57e3cdaa4 in /lib/x86_64-linux-gnu/libc.so.6)
frame #8: __clone + 0x44 (0x79e57e45aa64 in /lib/x86_64-linux-gnu/libc.so.6)

[rank6]:[W813 14:40:42.904479463 ProcessGroupNCCL.cpp:1900] [PG ID 0 PG GUID 0(default_pg) Rank 6] Failed to check the "should dump" flag on TCPStore, (maybe TCPStore server has shut down too early), with error: Broken pipe
[rank2]:[W813 14:40:42.933659276 TCPStore.cpp:106] [c10d] sendBytes failed on SocketImpl(fd=100, addr=[localhost]:49326, remote=[sgl-b300-inference.datacrunch.io]:33691): Broken pipe
Exception raised from sendBytes at /__w/pytorch/pytorch/torch/csrc/distributed/c10d/Utils.hpp:758 (most recent call first):
frame #0: c10::Error::Error(c10::SourceLocation, std::__cxx11::basic_string<char, std::char_traits<char>, std::allocator<char> >) + 0x9d (0x7dc559d6933d in /home/devuser/conda/envs/py312/lib/python3.12/site-packages/torch/lib/libc10.so)
frame #1: <unknown function> + 0x6811231 (0x7dc4b835b231 in /home/devuser/conda/envs/py312/lib/python3.12/site-packages/torch/lib/libtorch_cpu.so)
frame #2: <unknown function> + 0x68123e1 (0x7dc4b835c3e1 in /home/devuser/conda/envs/py312/lib/python3.12/site-packages/torch/lib/libtorch_cpu.so)
frame #3: <unknown function> + 0x681258d (0x7dc4b835c58d in /home/devuser/conda/envs/py312/lib/python3.12/site-packages/torch/lib/libtorch_cpu.so)
frame #4: c10d::TCPStore::check(std::vector<std::__cxx11::basic_string<char, std::char_traits<char>, std::allocator<char> >, std::allocator<std::__cxx11::basic_string<char, std::char_traits<char>, std::allocator<char> > > > const&) + 0x35d (0x7dc4b83551dd in /home/devuser/conda/envs/py312/lib/python3.12/site-packages/torch/lib/libtorch_cpu.so)
frame #5: c10d::ProcessGroupNCCL::HeartbeatMonitor::runLoop() + 0x436 (0x7dc493f8d0e6 in /home/devuser/conda/envs/py312/lib/python3.12/site-packages/torch/lib/libtorch_cuda.so)
frame #6: <unknown function> + 0xef5e4 (0x7dc5598705e4 in /home/devuser/conda/envs/py312/bin/../lib/libstdc++.so.6)
frame #7: <unknown function> + 0x9caa4 (0x7dc55ac7aaa4 in /lib/x86_64-linux-gnu/libc.so.6)
frame #8: __clone + 0x44 (0x7dc55ad07a64 in /lib/x86_64-linux-gnu/libc.so.6)

[rank2]:[W813 14:40:42.936200889 ProcessGroupNCCL.cpp:1900] [PG ID 0 PG GUID 0(default_pg) Rank 2] Failed to check the "should dump" flag on TCPStore, (maybe TCPStore server has shut down too early), with error: Broken pipe
[rank4]:[W813 14:40:42.970952234 TCPStore.cpp:106] [c10d] sendBytes failed on SocketImpl(fd=100, addr=[localhost]:49282, remote=[sgl-b300-inference.datacrunch.io]:33691): Broken pipe
Exception raised from sendBytes at /__w/pytorch/pytorch/torch/csrc/distributed/c10d/Utils.hpp:758 (most recent call first):
frame #0: c10::Error::Error(c10::SourceLocation, std::__cxx11::basic_string<char, std::char_traits<char>, std::allocator<char> >) + 0x9d (0x75c75ab6933d in /home/devuser/conda/envs/py312/lib/python3.12/site-packages/torch/lib/libc10.so)
frame #1: <unknown function> + 0x6811231 (0x75c6b915b231 in /home/devuser/conda/envs/py312/lib/python3.12/site-packages/torch/lib/libtorch_cpu.so)
frame #2: <unknown function> + 0x68123e1 (0x75c6b915c3e1 in /home/devuser/conda/envs/py312/lib/python3.12/site-packages/torch/lib/libtorch_cpu.so)
frame #3: <unknown function> + 0x681258d (0x75c6b915c58d in /home/devuser/conda/envs/py312/lib/python3.12/site-packages/torch/lib/libtorch_cpu.so)
frame #4: c10d::TCPStore::check(std::vector<std::__cxx11::basic_string<char, std::char_traits<char>, std::allocator<char> >, std::allocator<std::__cxx11::basic_string<char, std::char_traits<char>, std::allocator<char> > > > const&) + 0x35d (0x75c6b91551dd in /home/devuser/conda/envs/py312/lib/python3.12/site-packages/torch/lib/libtorch_cpu.so)
frame #5: c10d::ProcessGroupNCCL::HeartbeatMonitor::runLoop() + 0x436 (0x75c694d8d0e6 in /home/devuser/conda/envs/py312/lib/python3.12/site-packages/torch/lib/libtorch_cuda.so)
frame #6: <unknown function> + 0xef5e4 (0x75c75a6705e4 in /home/devuser/conda/envs/py312/bin/../lib/libstdc++.so.6)
frame #7: <unknown function> + 0x9caa4 (0x75c75ba7caa4 in /lib/x86_64-linux-gnu/libc.so.6)
frame #8: __clone + 0x44 (0x75c75bb09a64 in /lib/x86_64-linux-gnu/libc.so.6)

[rank4]:[W813 14:40:42.973685272 ProcessGroupNCCL.cpp:1900] [PG ID 0 PG GUID 0(default_pg) Rank 4] Failed to check the "should dump" flag on TCPStore, (maybe TCPStore server has shut down too early), with error: Broken pipe
[rank7]:[W813 14:40:42.035829312 TCPStore.cpp:106] [c10d] sendBytes failed on SocketImpl(fd=100, addr=[localhost]:49310, remote=[sgl-b300-inference.datacrunch.io]:33691): Broken pipe
Exception raised from sendBytes at /__w/pytorch/pytorch/torch/csrc/distributed/c10d/Utils.hpp:758 (most recent call first):
frame #0: c10::Error::Error(c10::SourceLocation, std::__cxx11::basic_string<char, std::char_traits<char>, std::allocator<char> >) + 0x9d (0x78f0b036933d in /home/devuser/conda/envs/py312/lib/python3.12/site-packages/torch/lib/libc10.so)
frame #1: <unknown function> + 0x6811231 (0x78f00e95b231 in /home/devuser/conda/envs/py312/lib/python3.12/site-packages/torch/lib/libtorch_cpu.so)
frame #2: <unknown function> + 0x68123e1 (0x78f00e95c3e1 in /home/devuser/conda/envs/py312/lib/python3.12/site-packages/torch/lib/libtorch_cpu.so)
frame #3: <unknown function> + 0x681258d (0x78f00e95c58d in /home/devuser/conda/envs/py312/lib/python3.12/site-packages/torch/lib/libtorch_cpu.so)
frame #4: c10d::TCPStore::check(std::vector<std::__cxx11::basic_string<char, std::char_traits<char>, std::allocator<char> >, std::allocator<std::__cxx11::basic_string<char, std::char_traits<char>, std::allocator<char> > > > const&) + 0x35d (0x78f00e9551dd in /home/devuser/conda/envs/py312/lib/python3.12/site-packages/torch/lib/libtorch_cpu.so)
frame #5: c10d::ProcessGroupNCCL::HeartbeatMonitor::runLoop() + 0x436 (0x78efea58d0e6 in /home/devuser/conda/envs/py312/lib/python3.12/site-packages/torch/lib/libtorch_cuda.so)
frame #6: <unknown function> + 0xef5e4 (0x78f0afe705e4 in /home/devuser/conda/envs/py312/bin/../lib/libstdc++.so.6)
frame #7: <unknown function> + 0x9caa4 (0x78f0b12b7aa4 in /lib/x86_64-linux-gnu/libc.so.6)
frame #8: __clone + 0x44 (0x78f0b1344a64 in /lib/x86_64-linux-gnu/libc.so.6)

[rank7]:[W813 14:40:42.038421734 ProcessGroupNCCL.cpp:1900] [PG ID 0 PG GUID 0(default_pg) Rank 7] Failed to check the "should dump" flag on TCPStore, (maybe TCPStore server has shut down too early), with error: Broken pipe
[rank3]:[W813 14:40:42.195783971 TCPStore.cpp:106] [c10d] sendBytes failed on SocketImpl(fd=100, addr=[localhost]:49296, remote=[sgl-b300-inference.datacrunch.io]:33691): Broken pipe
Exception raised from sendBytes at /__w/pytorch/pytorch/torch/csrc/distributed/c10d/Utils.hpp:758 (most recent call first):
frame #0: c10::Error::Error(c10::SourceLocation, std::__cxx11::basic_string<char, std::char_traits<char>, std::allocator<char> >) + 0x9d (0x75604f96933d in /home/devuser/conda/envs/py312/lib/python3.12/site-packages/torch/lib/libc10.so)
frame #1: <unknown function> + 0x6811231 (0x755fadf5b231 in /home/devuser/conda/envs/py312/lib/python3.12/site-packages/torch/lib/libtorch_cpu.so)
frame #2: <unknown function> + 0x68123e1 (0x755fadf5c3e1 in /home/devuser/conda/envs/py312/lib/python3.12/site-packages/torch/lib/libtorch_cpu.so)
frame #3: <unknown function> + 0x681258d (0x755fadf5c58d in /home/devuser/conda/envs/py312/lib/python3.12/site-packages/torch/lib/libtorch_cpu.so)
frame #4: c10d::TCPStore::check(std::vector<std::__cxx11::basic_string<char, std::char_traits<char>, std::allocator<char> >, std::allocator<std::__cxx11::basic_string<char, std::char_traits<char>, std::allocator<char> > > > const&) + 0x35d (0x755fadf551dd in /home/devuser/conda/envs/py312/lib/python3.12/site-packages/torch/lib/libtorch_cpu.so)
frame #5: c10d::ProcessGroupNCCL::HeartbeatMonitor::runLoop() + 0x436 (0x755f89b8d0e6 in /home/devuser/conda/envs/py312/lib/python3.12/site-packages/torch/lib/libtorch_cuda.so)
frame #6: <unknown function> + 0xef5e4 (0x75604f4705e4 in /home/devuser/conda/envs/py312/bin/../lib/libstdc++.so.6)
frame #7: <unknown function> + 0x9caa4 (0x7560508c5aa4 in /lib/x86_64-linux-gnu/libc.so.6)
frame #8: __clone + 0x44 (0x756050952a64 in /lib/x86_64-linux-gnu/libc.so.6)

[rank3]:[W813 14:40:42.199177418 ProcessGroupNCCL.cpp:1900] [PG ID 0 PG GUID 0(default_pg) Rank 3] Failed to check the "should dump" flag on TCPStore, (maybe TCPStore server has shut down too early), with error: Broken pipe
[rank1]:[W813 14:40:42.238267972 TCPStore.cpp:106] [c10d] sendBytes failed on SocketImpl(fd=100, addr=[localhost]:49304, remote=[sgl-b300-inference.datacrunch.io]:33691): Broken pipe
Exception raised from sendBytes at /__w/pytorch/pytorch/torch/csrc/distributed/c10d/Utils.hpp:758 (most recent call first):
frame #0: c10::Error::Error(c10::SourceLocation, std::__cxx11::basic_string<char, std::char_traits<char>, std::allocator<char> >) + 0x9d (0x7d8dac76933d in /home/devuser/conda/envs/py312/lib/python3.12/site-packages/torch/lib/libc10.so)
frame #1: <unknown function> + 0x6811231 (0x7d8d0ad5b231 in /home/devuser/conda/envs/py312/lib/python3.12/site-packages/torch/lib/libtorch_cpu.so)
frame #2: <unknown function> + 0x68123e1 (0x7d8d0ad5c3e1 in /home/devuser/conda/envs/py312/lib/python3.12/site-packages/torch/lib/libtorch_cpu.so)
frame #3: <unknown function> + 0x681258d (0x7d8d0ad5c58d in /home/devuser/conda/envs/py312/lib/python3.12/site-packages/torch/lib/libtorch_cpu.so)
frame #4: c10d::TCPStore::check(std::vector<std::__cxx11::basic_string<char, std::char_traits<char>, std::allocator<char> >, std::allocator<std::__cxx11::basic_string<char, std::char_traits<char>, std::allocator<char> > > > const&) + 0x35d (0x7d8d0ad551dd in /home/devuser/conda/envs/py312/lib/python3.12/site-packages/torch/lib/libtorch_cpu.so)
frame #5: c10d::ProcessGroupNCCL::HeartbeatMonitor::runLoop() + 0x436 (0x7d8ce698d0e6 in /home/devuser/conda/envs/py312/lib/python3.12/site-packages/torch/lib/libtorch_cuda.so)
frame #6: <unknown function> + 0xef5e4 (0x7d8dac2705e4 in /home/devuser/conda/envs/py312/bin/../lib/libstdc++.so.6)
frame #7: <unknown function> + 0x9caa4 (0x7d8dad6c7aa4 in /lib/x86_64-linux-gnu/libc.so.6)
frame #8: __clone + 0x44 (0x7d8dad754a64 in /lib/x86_64-linux-gnu/libc.so.6)

[rank1]:[W813 14:40:42.240266462 ProcessGroupNCCL.cpp:1900] [PG ID 0 PG GUID 0(default_pg) Rank 1] Failed to check the "should dump" flag on TCPStore, (maybe TCPStore server has shut down too early), with error: Broken pipe
[rank0]:[W813 14:40:43.479324631 TCPStore.cpp:106] [c10d] sendBytes failed on SocketImpl(fd=100, addr=[localhost]:49270, remote=[sgl-b300-inference.datacrunch.io]:33691): Broken pipe
Exception raised from sendBytes at /__w/pytorch/pytorch/torch/csrc/distributed/c10d/Utils.hpp:758 (most recent call first):
frame #0: c10::Error::Error(c10::SourceLocation, std::__cxx11::basic_string<char, std::char_traits<char>, std::allocator<char> >) + 0x9d (0x76c6d456933d in /home/devuser/conda/envs/py312/lib/python3.12/site-packages/torch/lib/libc10.so)
frame #1: <unknown function> + 0x6811231 (0x76c66195b231 in /home/devuser/conda/envs/py312/lib/python3.12/site-packages/torch/lib/libtorch_cpu.so)
frame #2: <unknown function> + 0x68123e1 (0x76c66195c3e1 in /home/devuser/conda/envs/py312/lib/python3.12/site-packages/torch/lib/libtorch_cpu.so)
frame #3: <unknown function> + 0x681258d (0x76c66195c58d in /home/devuser/conda/envs/py312/lib/python3.12/site-packages/torch/lib/libtorch_cpu.so)
frame #4: c10d::TCPStore::check(std::vector<std::__cxx11::basic_string<char, std::char_traits<char>, std::allocator<char> >, std::allocator<std::__cxx11::basic_string<char, std::char_traits<char>, std::allocator<char> > > > const&) + 0x35d (0x76c6619551dd in /home/devuser/conda/envs/py312/lib/python3.12/site-packages/torch/lib/libtorch_cpu.so)
frame #5: c10d::ProcessGroupNCCL::HeartbeatMonitor::runLoop() + 0x436 (0x76c63d58d0e6 in /home/devuser/conda/envs/py312/lib/python3.12/site-packages/torch/lib/libtorch_cuda.so)
frame #6: <unknown function> + 0xef5e4 (0x76c702e705e4 in /home/devuser/conda/envs/py312/bin/../lib/libstdc++.so.6)
frame #7: <unknown function> + 0x9caa4 (0x76c70414faa4 in /lib/x86_64-linux-gnu/libc.so.6)
frame #8: __clone + 0x44 (0x76c7041dca64 in /lib/x86_64-linux-gnu/libc.so.6)

[rank0]:[W813 14:40:43.481629892 ProcessGroupNCCL.cpp:1900] [PG ID 0 PG GUID 0(default_pg) Rank 0] Failed to check the "should dump" flag on TCPStore, (maybe TCPStore server has shut down too early), with error: Broken pipe
[rank5]:[W813 14:40:43.685825942 TCPStore.cpp:106] [c10d] sendBytes failed on SocketImpl(fd=100, addr=[localhost]:49286, remote=[sgl-b300-inference.datacrunch.io]:33691): Broken pipe
Exception raised from sendBytes at /__w/pytorch/pytorch/torch/csrc/distributed/c10d/Utils.hpp:758 (most recent call first):
frame #0: c10::Error::Error(c10::SourceLocation, std::__cxx11::basic_string<char, std::char_traits<char>, std::allocator<char> >) + 0x9d (0x7dcf2856933d in /home/devuser/conda/envs/py312/lib/python3.12/site-packages/torch/lib/libc10.so)
frame #1: <unknown function> + 0x6811231 (0x7dce86b5b231 in /home/devuser/conda/envs/py312/lib/python3.12/site-packages/torch/lib/libtorch_cpu.so)
frame #2: <unknown function> + 0x68123e1 (0x7dce86b5c3e1 in /home/devuser/conda/envs/py312/lib/python3.12/site-packages/torch/lib/libtorch_cpu.so)
frame #3: <unknown function> + 0x681258d (0x7dce86b5c58d in /home/devuser/conda/envs/py312/lib/python3.12/site-packages/torch/lib/libtorch_cpu.so)
frame #4: c10d::TCPStore::check(std::vector<std::__cxx11::basic_string<char, std::char_traits<char>, std::allocator<char> >, std::allocator<std::__cxx11::basic_string<char, std::char_traits<char>, std::allocator<char> > > > const&) + 0x35d (0x7dce86b551dd in /home/devuser/conda/envs/py312/lib/python3.12/site-packages/torch/lib/libtorch_cpu.so)
frame #5: c10d::ProcessGroupNCCL::HeartbeatMonitor::runLoop() + 0x436 (0x7dce6278d0e6 in /home/devuser/conda/envs/py312/lib/python3.12/site-packages/torch/lib/libtorch_cuda.so)
frame #6: <unknown function> + 0xef5e4 (0x7dcf280705e4 in /home/devuser/conda/envs/py312/bin/../lib/libstdc++.so.6)
frame #7: <unknown function> + 0x9caa4 (0x7dcf29462aa4 in /lib/x86_64-linux-gnu/libc.so.6)
frame #8: __clone + 0x44 (0x7dcf294efa64 in /lib/x86_64-linux-gnu/libc.so.6)

[rank5]:[W813 14:40:43.688366795 ProcessGroupNCCL.cpp:1900] [PG ID 0 PG GUID 0(default_pg) Rank 5] Failed to check the "should dump" flag on TCPStore, (maybe TCPStore server has shut down too early), with error: Broken pipe
[rank6]:[W813 14:40:43.904583813 TCPStore.cpp:106] [c10d] sendBytes failed on SocketImpl(fd=100, addr=[localhost]:49280, remote=[sgl-b300-inference.datacrunch.io]:33691): Broken pipe
Exception raised from sendBytes at /__w/pytorch/pytorch/torch/csrc/distributed/c10d/Utils.hpp:758 (most recent call first):
frame #0: c10::Error::Error(c10::SourceLocation, std::__cxx11::basic_string<char, std::char_traits<char>, std::allocator<char> >) + 0x9d (0x79e54e76933d in /home/devuser/conda/envs/py312/lib/python3.12/site-packages/torch/lib/libc10.so)
frame #1: <unknown function> + 0x6811231 (0x79e4dbb5b231 in /home/devuser/conda/envs/py312/lib/python3.12/site-packages/torch/lib/libtorch_cpu.so)
frame #2: <unknown function> + 0x68123e1 (0x79e4dbb5c3e1 in /home/devuser/conda/envs/py312/lib/python3.12/site-packages/torch/lib/libtorch_cpu.so)
frame #3: <unknown function> + 0x681258d (0x79e4dbb5c58d in /home/devuser/conda/envs/py312/lib/python3.12/site-packages/torch/lib/libtorch_cpu.so)
frame #4: c10d::TCPStore::check(std::vector<std::__cxx11::basic_string<char, std::char_traits<char>, std::allocator<char> >, std::allocator<std::__cxx11::basic_string<char, std::char_traits<char>, std::allocator<char> > > > const&) + 0x35d (0x79e4dbb551dd in /home/devuser/conda/envs/py312/lib/python3.12/site-packages/torch/lib/libtorch_cpu.so)
frame #5: c10d::ProcessGroupNCCL::HeartbeatMonitor::runLoop() + 0x436 (0x79e4b778d0e6 in /home/devuser/conda/envs/py312/lib/python3.12/site-packages/torch/lib/libtorch_cuda.so)
frame #6: <unknown function> + 0xef5e4 (0x79e57d0705e4 in /home/devuser/conda/envs/py312/bin/../lib/libstdc++.so.6)
frame #7: <unknown function> + 0x9caa4 (0x79e57e3cdaa4 in /lib/x86_64-linux-gnu/libc.so.6)
frame #8: __clone + 0x44 (0x79e57e45aa64 in /lib/x86_64-linux-gnu/libc.so.6)

[rank6]:[W813 14:40:43.907164216 ProcessGroupNCCL.cpp:1900] [PG ID 0 PG GUID 0(default_pg) Rank 6] Failed to check the "should dump" flag on TCPStore, (maybe TCPStore server has shut down too early), with error: Broken pipe
[rank2]:[W813 14:40:43.936321999 TCPStore.cpp:106] [c10d] sendBytes failed on SocketImpl(fd=100, addr=[localhost]:49326, remote=[sgl-b300-inference.datacrunch.io]:33691): Broken pipe
Exception raised from sendBytes at /__w/pytorch/pytorch/torch/csrc/distributed/c10d/Utils.hpp:758 (most recent call first):
frame #0: c10::Error::Error(c10::SourceLocation, std::__cxx11::basic_string<char, std::char_traits<char>, std::allocator<char> >) + 0x9d (0x7dc559d6933d in /home/devuser/conda/envs/py312/lib/python3.12/site-packages/torch/lib/libc10.so)
frame #1: <unknown function> + 0x6811231 (0x7dc4b835b231 in /home/devuser/conda/envs/py312/lib/python3.12/site-packages/torch/lib/libtorch_cpu.so)
frame #2: <unknown function> + 0x68123e1 (0x7dc4b835c3e1 in /home/devuser/conda/envs/py312/lib/python3.12/site-packages/torch/lib/libtorch_cpu.so)
frame #3: <unknown function> + 0x681258d (0x7dc4b835c58d in /home/devuser/conda/envs/py312/lib/python3.12/site-packages/torch/lib/libtorch_cpu.so)
frame #4: c10d::TCPStore::check(std::vector<std::__cxx11::basic_string<char, std::char_traits<char>, std::allocator<char> >, std::allocator<std::__cxx11::basic_string<char, std::char_traits<char>, std::allocator<char> > > > const&) + 0x35d (0x7dc4b83551dd in /home/devuser/conda/envs/py312/lib/python3.12/site-packages/torch/lib/libtorch_cpu.so)
frame #5: c10d::ProcessGroupNCCL::HeartbeatMonitor::runLoop() + 0x436 (0x7dc493f8d0e6 in /home/devuser/conda/envs/py312/lib/python3.12/site-packages/torch/lib/libtorch_cuda.so)
frame #6: <unknown function> + 0xef5e4 (0x7dc5598705e4 in /home/devuser/conda/envs/py312/bin/../lib/libstdc++.so.6)
frame #7: <unknown function> + 0x9caa4 (0x7dc55ac7aaa4 in /lib/x86_64-linux-gnu/libc.so.6)
frame #8: __clone + 0x44 (0x7dc55ad07a64 in /lib/x86_64-linux-gnu/libc.so.6)

[rank2]:[W813 14:40:43.938874822 ProcessGroupNCCL.cpp:1900] [PG ID 0 PG GUID 0(default_pg) Rank 2] Failed to check the "should dump" flag on TCPStore, (maybe TCPStore server has shut down too early), with error: Broken pipe
[rank4]:[W813 14:40:43.973803572 TCPStore.cpp:106] [c10d] sendBytes failed on SocketImpl(fd=100, addr=[localhost]:49282, remote=[sgl-b300-inference.datacrunch.io]:33691): Broken pipe
Exception raised from sendBytes at /__w/pytorch/pytorch/torch/csrc/distributed/c10d/Utils.hpp:758 (most recent call first):
frame #0: c10::Error::Error(c10::SourceLocation, std::__cxx11::basic_string<char, std::char_traits<char>, std::allocator<char> >) + 0x9d (0x75c75ab6933d in /home/devuser/conda/envs/py312/lib/python3.12/site-packages/torch/lib/libc10.so)
frame #1: <unknown function> + 0x6811231 (0x75c6b915b231 in /home/devuser/conda/envs/py312/lib/python3.12/site-packages/torch/lib/libtorch_cpu.so)
frame #2: <unknown function> + 0x68123e1 (0x75c6b915c3e1 in /home/devuser/conda/envs/py312/lib/python3.12/site-packages/torch/lib/libtorch_cpu.so)
frame #3: <unknown function> + 0x681258d (0x75c6b915c58d in /home/devuser/conda/envs/py312/lib/python3.12/site-packages/torch/lib/libtorch_cpu.so)
frame #4: c10d::TCPStore::check(std::vector<std::__cxx11::basic_string<char, std::char_traits<char>, std::allocator<char> >, std::allocator<std::__cxx11::basic_string<char, std::char_traits<char>, std::allocator<char> > > > const&) + 0x35d (0x75c6b91551dd in /home/devuser/conda/envs/py312/lib/python3.12/site-packages/torch/lib/libtorch_cpu.so)
frame #5: c10d::ProcessGroupNCCL::HeartbeatMonitor::runLoop() + 0x436 (0x75c694d8d0e6 in /home/devuser/conda/envs/py312/lib/python3.12/site-packages/torch/lib/libtorch_cuda.so)
frame #6: <unknown function> + 0xef5e4 (0x75c75a6705e4 in /home/devuser/conda/envs/py312/bin/../lib/libstdc++.so.6)
frame #7: <unknown function> + 0x9caa4 (0x75c75ba7caa4 in /lib/x86_64-linux-gnu/libc.so.6)
frame #8: __clone + 0x44 (0x75c75bb09a64 in /lib/x86_64-linux-gnu/libc.so.6)

[rank4]:[W813 14:40:43.976283137 ProcessGroupNCCL.cpp:1900] [PG ID 0 PG GUID 0(default_pg) Rank 4] Failed to check the "should dump" flag on TCPStore, (maybe TCPStore server has shut down too early), with error: Broken pipe
[rank7]:[W813 14:40:43.038536505 TCPStore.cpp:106] [c10d] sendBytes failed on SocketImpl(fd=100, addr=[localhost]:49310, remote=[sgl-b300-inference.datacrunch.io]:33691): Broken pipe
Exception raised from sendBytes at /__w/pytorch/pytorch/torch/csrc/distributed/c10d/Utils.hpp:758 (most recent call first):
frame #0: c10::Error::Error(c10::SourceLocation, std::__cxx11::basic_string<char, std::char_traits<char>, std::allocator<char> >) + 0x9d (0x78f0b036933d in /home/devuser/conda/envs/py312/lib/python3.12/site-packages/torch/lib/libc10.so)
frame #1: <unknown function> + 0x6811231 (0x78f00e95b231 in /home/devuser/conda/envs/py312/lib/python3.12/site-packages/torch/lib/libtorch_cpu.so)
frame #2: <unknown function> + 0x68123e1 (0x78f00e95c3e1 in /home/devuser/conda/envs/py312/lib/python3.12/site-packages/torch/lib/libtorch_cpu.so)
frame #3: <unknown function> + 0x681258d (0x78f00e95c58d in /home/devuser/conda/envs/py312/lib/python3.12/site-packages/torch/lib/libtorch_cpu.so)
frame #4: c10d::TCPStore::check(std::vector<std::__cxx11::basic_string<char, std::char_traits<char>, std::allocator<char> >, std::allocator<std::__cxx11::basic_string<char, std::char_traits<char>, std::allocator<char> > > > const&) + 0x35d (0x78f00e9551dd in /home/devuser/conda/envs/py312/lib/python3.12/site-packages/torch/lib/libtorch_cpu.so)
frame #5: c10d::ProcessGroupNCCL::HeartbeatMonitor::runLoop() + 0x436 (0x78efea58d0e6 in /home/devuser/conda/envs/py312/lib/python3.12/site-packages/torch/lib/libtorch_cuda.so)
frame #6: <unknown function> + 0xef5e4 (0x78f0afe705e4 in /home/devuser/conda/envs/py312/bin/../lib/libstdc++.so.6)
frame #7: <unknown function> + 0x9caa4 (0x78f0b12b7aa4 in /lib/x86_64-linux-gnu/libc.so.6)
frame #8: __clone + 0x44 (0x78f0b1344a64 in /lib/x86_64-linux-gnu/libc.so.6)

[rank7]:[W813 14:40:43.041146977 ProcessGroupNCCL.cpp:1900] [PG ID 0 PG GUID 0(default_pg) Rank 7] Failed to check the "should dump" flag on TCPStore, (maybe TCPStore server has shut down too early), with error: Broken pipe
[rank3]:[W813 14:40:43.199280182 TCPStore.cpp:106] [c10d] sendBytes failed on SocketImpl(fd=100, addr=[localhost]:49296, remote=[sgl-b300-inference.datacrunch.io]:33691): Broken pipe
Exception raised from sendBytes at /__w/pytorch/pytorch/torch/csrc/distributed/c10d/Utils.hpp:758 (most recent call first):
frame #0: c10::Error::Error(c10::SourceLocation, std::__cxx11::basic_string<char, std::char_traits<char>, std::allocator<char> >) + 0x9d (0x75604f96933d in /home/devuser/conda/envs/py312/lib/python3.12/site-packages/torch/lib/libc10.so)
frame #1: <unknown function> + 0x6811231 (0x755fadf5b231 in /home/devuser/conda/envs/py312/lib/python3.12/site-packages/torch/lib/libtorch_cpu.so)
frame #2: <unknown function> + 0x68123e1 (0x755fadf5c3e1 in /home/devuser/conda/envs/py312/lib/python3.12/site-packages/torch/lib/libtorch_cpu.so)
frame #3: <unknown function> + 0x681258d (0x755fadf5c58d in /home/devuser/conda/envs/py312/lib/python3.12/site-packages/torch/lib/libtorch_cpu.so)
frame #4: c10d::TCPStore::check(std::vector<std::__cxx11::basic_string<char, std::char_traits<char>, std::allocator<char> >, std::allocator<std::__cxx11::basic_string<char, std::char_traits<char>, std::allocator<char> > > > const&) + 0x35d (0x755fadf551dd in /home/devuser/conda/envs/py312/lib/python3.12/site-packages/torch/lib/libtorch_cpu.so)
frame #5: c10d::ProcessGroupNCCL::HeartbeatMonitor::runLoop() + 0x436 (0x755f89b8d0e6 in /home/devuser/conda/envs/py312/lib/python3.12/site-packages/torch/lib/libtorch_cuda.so)
frame #6: <unknown function> + 0xef5e4 (0x75604f4705e4 in /home/devuser/conda/envs/py312/bin/../lib/libstdc++.so.6)
frame #7: <unknown function> + 0x9caa4 (0x7560508c5aa4 in /lib/x86_64-linux-gnu/libc.so.6)
frame #8: __clone + 0x44 (0x756050952a64 in /lib/x86_64-linux-gnu/libc.so.6)

[rank3]:[W813 14:40:43.202377078 ProcessGroupNCCL.cpp:1900] [PG ID 0 PG GUID 0(default_pg) Rank 3] Failed to check the "should dump" flag on TCPStore, (maybe TCPStore server has shut down too early), with error: Broken pipe
[rank1]:[W813 14:40:43.240395505 TCPStore.cpp:106] [c10d] sendBytes failed on SocketImpl(fd=100, addr=[localhost]:49304, remote=[sgl-b300-inference.datacrunch.io]:33691): Broken pipe
Exception raised from sendBytes at /__w/pytorch/pytorch/torch/csrc/distributed/c10d/Utils.hpp:758 (most recent call first):
frame #0: c10::Error::Error(c10::SourceLocation, std::__cxx11::basic_string<char, std::char_traits<char>, std::allocator<char> >) + 0x9d (0x7d8dac76933d in /home/devuser/conda/envs/py312/lib/python3.12/site-packages/torch/lib/libc10.so)
frame #1: <unknown function> + 0x6811231 (0x7d8d0ad5b231 in /home/devuser/conda/envs/py312/lib/python3.12/site-packages/torch/lib/libtorch_cpu.so)
frame #2: <unknown function> + 0x68123e1 (0x7d8d0ad5c3e1 in /home/devuser/conda/envs/py312/lib/python3.12/site-packages/torch/lib/libtorch_cpu.so)
frame #3: <unknown function> + 0x681258d (0x7d8d0ad5c58d in /home/devuser/conda/envs/py312/lib/python3.12/site-packages/torch/lib/libtorch_cpu.so)
frame #4: c10d::TCPStore::check(std::vector<std::__cxx11::basic_string<char, std::char_traits<char>, std::allocator<char> >, std::allocator<std::__cxx11::basic_string<char, std::char_traits<char>, std::allocator<char> > > > const&) + 0x35d (0x7d8d0ad551dd in /home/devuser/conda/envs/py312/lib/python3.12/site-packages/torch/lib/libtorch_cpu.so)
frame #5: c10d::ProcessGroupNCCL::HeartbeatMonitor::runLoop() + 0x436 (0x7d8ce698d0e6 in /home/devuser/conda/envs/py312/lib/python3.12/site-packages/torch/lib/libtorch_cuda.so)
frame #6: <unknown function> + 0xef5e4 (0x7d8dac2705e4 in /home/devuser/conda/envs/py312/bin/../lib/libstdc++.so.6)
frame #7: <unknown function> + 0x9caa4 (0x7d8dad6c7aa4 in /lib/x86_64-linux-gnu/libc.so.6)
frame #8: __clone + 0x44 (0x7d8dad754a64 in /lib/x86_64-linux-gnu/libc.so.6)

[rank1]:[W813 14:40:43.242365216 ProcessGroupNCCL.cpp:1900] [PG ID 0 PG GUID 0(default_pg) Rank 1] Failed to check the "should dump" flag on TCPStore, (maybe TCPStore server has shut down too early), with error: Broken pipe
[rank0]:[W813 14:40:44.481733038 TCPStore.cpp:106] [c10d] sendBytes failed on SocketImpl(fd=100, addr=[localhost]:49270, remote=[sgl-b300-inference.datacrunch.io]:33691): Broken pipe
Exception raised from sendBytes at /__w/pytorch/pytorch/torch/csrc/distributed/c10d/Utils.hpp:758 (most recent call first):
frame #0: c10::Error::Error(c10::SourceLocation, std::__cxx11::basic_string<char, std::char_traits<char>, std::allocator<char> >) + 0x9d (0x76c6d456933d in /home/devuser/conda/envs/py312/lib/python3.12/site-packages/torch/lib/libc10.so)
frame #1: <unknown function> + 0x6811231 (0x76c66195b231 in /home/devuser/conda/envs/py312/lib/python3.12/site-packages/torch/lib/libtorch_cpu.so)
frame #2: <unknown function> + 0x68123e1 (0x76c66195c3e1 in /home/devuser/conda/envs/py312/lib/python3.12/site-packages/torch/lib/libtorch_cpu.so)
frame #3: <unknown function> + 0x681258d (0x76c66195c58d in /home/devuser/conda/envs/py312/lib/python3.12/site-packages/torch/lib/libtorch_cpu.so)
frame #4: c10d::TCPStore::check(std::vector<std::__cxx11::basic_string<char, std::char_traits<char>, std::allocator<char> >, std::allocator<std::__cxx11::basic_string<char, std::char_traits<char>, std::allocator<char> > > > const&) + 0x35d (0x76c6619551dd in /home/devuser/conda/envs/py312/lib/python3.12/site-packages/torch/lib/libtorch_cpu.so)
frame #5: c10d::ProcessGroupNCCL::HeartbeatMonitor::runLoop() + 0x436 (0x76c63d58d0e6 in /home/devuser/conda/envs/py312/lib/python3.12/site-packages/torch/lib/libtorch_cuda.so)
frame #6: <unknown function> + 0xef5e4 (0x76c702e705e4 in /home/devuser/conda/envs/py312/bin/../lib/libstdc++.so.6)
frame #7: <unknown function> + 0x9caa4 (0x76c70414faa4 in /lib/x86_64-linux-gnu/libc.so.6)
frame #8: __clone + 0x44 (0x76c7041dca64 in /lib/x86_64-linux-gnu/libc.so.6)

[rank0]:[W813 14:40:44.484223413 ProcessGroupNCCL.cpp:1900] [PG ID 0 PG GUID 0(default_pg) Rank 0] Failed to check the "should dump" flag on TCPStore, (maybe TCPStore server has shut down too early), with error: Broken pipe
[rank5]:[W813 14:40:44.688449043 TCPStore.cpp:106] [c10d] sendBytes failed on SocketImpl(fd=100, addr=[localhost]:49286, remote=[sgl-b300-inference.datacrunch.io]:33691): Broken pipe
Exception raised from sendBytes at /__w/pytorch/pytorch/torch/csrc/distributed/c10d/Utils.hpp:758 (most recent call first):
frame #0: c10::Error::Error(c10::SourceLocation, std::__cxx11::basic_string<char, std::char_traits<char>, std::allocator<char> >) + 0x9d (0x7dcf2856933d in /home/devuser/conda/envs/py312/lib/python3.12/site-packages/torch/lib/libc10.so)
frame #1: <unknown function> + 0x6811231 (0x7dce86b5b231 in /home/devuser/conda/envs/py312/lib/python3.12/site-packages/torch/lib/libtorch_cpu.so)
frame #2: <unknown function> + 0x68123e1 (0x7dce86b5c3e1 in /home/devuser/conda/envs/py312/lib/python3.12/site-packages/torch/lib/libtorch_cpu.so)
frame #3: <unknown function> + 0x681258d (0x7dce86b5c58d in /home/devuser/conda/envs/py312/lib/python3.12/site-packages/torch/lib/libtorch_cpu.so)
frame #4: c10d::TCPStore::check(std::vector<std::__cxx11::basic_string<char, std::char_traits<char>, std::allocator<char> >, std::allocator<std::__cxx11::basic_string<char, std::char_traits<char>, std::allocator<char> > > > const&) + 0x35d (0x7dce86b551dd in /home/devuser/conda/envs/py312/lib/python3.12/site-packages/torch/lib/libtorch_cpu.so)
frame #5: c10d::ProcessGroupNCCL::HeartbeatMonitor::runLoop() + 0x436 (0x7dce6278d0e6 in /home/devuser/conda/envs/py312/lib/python3.12/site-packages/torch/lib/libtorch_cuda.so)
frame #6: <unknown function> + 0xef5e4 (0x7dcf280705e4 in /home/devuser/conda/envs/py312/bin/../lib/libstdc++.so.6)
frame #7: <unknown function> + 0x9caa4 (0x7dcf29462aa4 in /lib/x86_64-linux-gnu/libc.so.6)
frame #8: __clone + 0x44 (0x7dcf294efa64 in /lib/x86_64-linux-gnu/libc.so.6)

[rank5]:[W813 14:40:44.690971098 ProcessGroupNCCL.cpp:1900] [PG ID 0 PG GUID 0(default_pg) Rank 5] Failed to check the "should dump" flag on TCPStore, (maybe TCPStore server has shut down too early), with error: Broken pipe
[rank6]:[W813 14:40:44.907273625 TCPStore.cpp:106] [c10d] sendBytes failed on SocketImpl(fd=100, addr=[localhost]:49280, remote=[sgl-b300-inference.datacrunch.io]:33691): Broken pipe
Exception raised from sendBytes at /__w/pytorch/pytorch/torch/csrc/distributed/c10d/Utils.hpp:758 (most recent call first):
frame #0: c10::Error::Error(c10::SourceLocation, std::__cxx11::basic_string<char, std::char_traits<char>, std::allocator<char> >) + 0x9d (0x79e54e76933d in /home/devuser/conda/envs/py312/lib/python3.12/site-packages/torch/lib/libc10.so)
frame #1: <unknown function> + 0x6811231 (0x79e4dbb5b231 in /home/devuser/conda/envs/py312/lib/python3.12/site-packages/torch/lib/libtorch_cpu.so)
frame #2: <unknown function> + 0x68123e1 (0x79e4dbb5c3e1 in /home/devuser/conda/envs/py312/lib/python3.12/site-packages/torch/lib/libtorch_cpu.so)
frame #3: <unknown function> + 0x681258d (0x79e4dbb5c58d in /home/devuser/conda/envs/py312/lib/python3.12/site-packages/torch/lib/libtorch_cpu.so)
frame #4: c10d::TCPStore::check(std::vector<std::__cxx11::basic_string<char, std::char_traits<char>, std::allocator<char> >, std::allocator<std::__cxx11::basic_string<char, std::char_traits<char>, std::allocator<char> > > > const&) + 0x35d (0x79e4dbb551dd in /home/devuser/conda/envs/py312/lib/python3.12/site-packages/torch/lib/libtorch_cpu.so)
frame #5: c10d::ProcessGroupNCCL::HeartbeatMonitor::runLoop() + 0x436 (0x79e4b778d0e6 in /home/devuser/conda/envs/py312/lib/python3.12/site-packages/torch/lib/libtorch_cuda.so)
frame #6: <unknown function> + 0xef5e4 (0x79e57d0705e4 in /home/devuser/conda/envs/py312/bin/../lib/libstdc++.so.6)
frame #7: <unknown function> + 0x9caa4 (0x79e57e3cdaa4 in /lib/x86_64-linux-gnu/libc.so.6)
frame #8: __clone + 0x44 (0x79e57e45aa64 in /lib/x86_64-linux-gnu/libc.so.6)

[rank6]:[W813 14:40:44.909708562 ProcessGroupNCCL.cpp:1900] [PG ID 0 PG GUID 0(default_pg) Rank 6] Failed to check the "should dump" flag on TCPStore, (maybe TCPStore server has shut down too early), with error: Broken pipe
[rank2]:[W813 14:40:44.938987642 TCPStore.cpp:106] [c10d] sendBytes failed on SocketImpl(fd=100, addr=[localhost]:49326, remote=[sgl-b300-inference.datacrunch.io]:33691): Broken pipe
Exception raised from sendBytes at /__w/pytorch/pytorch/torch/csrc/distributed/c10d/Utils.hpp:758 (most recent call first):
frame #0: c10::Error::Error(c10::SourceLocation, std::__cxx11::basic_string<char, std::char_traits<char>, std::allocator<char> >) + 0x9d (0x7dc559d6933d in /home/devuser/conda/envs/py312/lib/python3.12/site-packages/torch/lib/libc10.so)
frame #1: <unknown function> + 0x6811231 (0x7dc4b835b231 in /home/devuser/conda/envs/py312/lib/python3.12/site-packages/torch/lib/libtorch_cpu.so)
frame #2: <unknown function> + 0x68123e1 (0x7dc4b835c3e1 in /home/devuser/conda/envs/py312/lib/python3.12/site-packages/torch/lib/libtorch_cpu.so)
frame #3: <unknown function> + 0x681258d (0x7dc4b835c58d in /home/devuser/conda/envs/py312/lib/python3.12/site-packages/torch/lib/libtorch_cpu.so)
frame #4: c10d::TCPStore::check(std::vector<std::__cxx11::basic_string<char, std::char_traits<char>, std::allocator<char> >, std::allocator<std::__cxx11::basic_string<char, std::char_traits<char>, std::allocator<char> > > > const&) + 0x35d (0x7dc4b83551dd in /home/devuser/conda/envs/py312/lib/python3.12/site-packages/torch/lib/libtorch_cpu.so)
frame #5: c10d::ProcessGroupNCCL::HeartbeatMonitor::runLoop() + 0x436 (0x7dc493f8d0e6 in /home/devuser/conda/envs/py312/lib/python3.12/site-packages/torch/lib/libtorch_cuda.so)
frame #6: <unknown function> + 0xef5e4 (0x7dc5598705e4 in /home/devuser/conda/envs/py312/bin/../lib/libstdc++.so.6)
frame #7: <unknown function> + 0x9caa4 (0x7dc55ac7aaa4 in /lib/x86_64-linux-gnu/libc.so.6)
frame #8: __clone + 0x44 (0x7dc55ad07a64 in /lib/x86_64-linux-gnu/libc.so.6)

[rank2]:[W813 14:40:44.941501176 ProcessGroupNCCL.cpp:1900] [PG ID 0 PG GUID 0(default_pg) Rank 2] Failed to check the "should dump" flag on TCPStore, (maybe TCPStore server has shut down too early), with error: Broken pipe
[rank4]:[W813 14:40:44.976405407 TCPStore.cpp:106] [c10d] sendBytes failed on SocketImpl(fd=100, addr=[localhost]:49282, remote=[sgl-b300-inference.datacrunch.io]:33691): Broken pipe
Exception raised from sendBytes at /__w/pytorch/pytorch/torch/csrc/distributed/c10d/Utils.hpp:758 (most recent call first):
frame #0: c10::Error::Error(c10::SourceLocation, std::__cxx11::basic_string<char, std::char_traits<char>, std::allocator<char> >) + 0x9d (0x75c75ab6933d in /home/devuser/conda/envs/py312/lib/python3.12/site-packages/torch/lib/libc10.so)
frame #1: <unknown function> + 0x6811231 (0x75c6b915b231 in /home/devuser/conda/envs/py312/lib/python3.12/site-packages/torch/lib/libtorch_cpu.so)
frame #2: <unknown function> + 0x68123e1 (0x75c6b915c3e1 in /home/devuser/conda/envs/py312/lib/python3.12/site-packages/torch/lib/libtorch_cpu.so)
frame #3: <unknown function> + 0x681258d (0x75c6b915c58d in /home/devuser/conda/envs/py312/lib/python3.12/site-packages/torch/lib/libtorch_cpu.so)
frame #4: c10d::TCPStore::check(std::vector<std::__cxx11::basic_string<char, std::char_traits<char>, std::allocator<char> >, std::allocator<std::__cxx11::basic_string<char, std::char_traits<char>, std::allocator<char> > > > const&) + 0x35d (0x75c6b91551dd in /home/devuser/conda/envs/py312/lib/python3.12/site-packages/torch/lib/libtorch_cpu.so)
frame #5: c10d::ProcessGroupNCCL::HeartbeatMonitor::runLoop() + 0x436 (0x75c694d8d0e6 in /home/devuser/conda/envs/py312/lib/python3.12/site-packages/torch/lib/libtorch_cuda.so)
frame #6: <unknown function> + 0xef5e4 (0x75c75a6705e4 in /home/devuser/conda/envs/py312/bin/../lib/libstdc++.so.6)
frame #7: <unknown function> + 0x9caa4 (0x75c75ba7caa4 in /lib/x86_64-linux-gnu/libc.so.6)
frame #8: __clone + 0x44 (0x75c75bb09a64 in /lib/x86_64-linux-gnu/libc.so.6)

[rank4]:[W813 14:40:44.978471545 ProcessGroupNCCL.cpp:1900] [PG ID 0 PG GUID 0(default_pg) Rank 4] Failed to check the "should dump" flag on TCPStore, (maybe TCPStore server has shut down too early), with error: Broken pipe
[rank7]:[W813 14:40:44.041285396 TCPStore.cpp:106] [c10d] sendBytes failed on SocketImpl(fd=100, addr=[localhost]:49310, remote=[sgl-b300-inference.datacrunch.io]:33691): Broken pipe
Exception raised from sendBytes at /__w/pytorch/pytorch/torch/csrc/distributed/c10d/Utils.hpp:758 (most recent call first):
frame #0: c10::Error::Error(c10::SourceLocation, std::__cxx11::basic_string<char, std::char_traits<char>, std::allocator<char> >) + 0x9d (0x78f0b036933d in /home/devuser/conda/envs/py312/lib/python3.12/site-packages/torch/lib/libc10.so)
frame #1: <unknown function> + 0x6811231 (0x78f00e95b231 in /home/devuser/conda/envs/py312/lib/python3.12/site-packages/torch/lib/libtorch_cpu.so)
frame #2: <unknown function> + 0x68123e1 (0x78f00e95c3e1 in /home/devuser/conda/envs/py312/lib/python3.12/site-packages/torch/lib/libtorch_cpu.so)
frame #3: <unknown function> + 0x681258d (0x78f00e95c58d in /home/devuser/conda/envs/py312/lib/python3.12/site-packages/torch/lib/libtorch_cpu.so)
frame #4: c10d::TCPStore::check(std::vector<std::__cxx11::basic_string<char, std::char_traits<char>, std::allocator<char> >, std::allocator<std::__cxx11::basic_string<char, std::char_traits<char>, std::allocator<char> > > > const&) + 0x35d (0x78f00e9551dd in /home/devuser/conda/envs/py312/lib/python3.12/site-packages/torch/lib/libtorch_cpu.so)
frame #5: c10d::ProcessGroupNCCL::HeartbeatMonitor::runLoop() + 0x436 (0x78efea58d0e6 in /home/devuser/conda/envs/py312/lib/python3.12/site-packages/torch/lib/libtorch_cuda.so)
frame #6: <unknown function> + 0xef5e4 (0x78f0afe705e4 in /home/devuser/conda/envs/py312/bin/../lib/libstdc++.so.6)
frame #7: <unknown function> + 0x9caa4 (0x78f0b12b7aa4 in /lib/x86_64-linux-gnu/libc.so.6)
frame #8: __clone + 0x44 (0x78f0b1344a64 in /lib/x86_64-linux-gnu/libc.so.6)

[rank7]:[W813 14:40:44.043857049 ProcessGroupNCCL.cpp:1900] [PG ID 0 PG GUID 0(default_pg) Rank 7] Failed to check the "should dump" flag on TCPStore, (maybe TCPStore server has shut down too early), with error: Broken pipe
[rank3]:[W813 14:40:44.202540939 TCPStore.cpp:106] [c10d] sendBytes failed on SocketImpl(fd=100, addr=[localhost]:49296, remote=[sgl-b300-inference.datacrunch.io]:33691): Broken pipe
Exception raised from sendBytes at /__w/pytorch/pytorch/torch/csrc/distributed/c10d/Utils.hpp:758 (most recent call first):
frame #0: c10::Error::Error(c10::SourceLocation, std::__cxx11::basic_string<char, std::char_traits<char>, std::allocator<char> >) + 0x9d (0x75604f96933d in /home/devuser/conda/envs/py312/lib/python3.12/site-packages/torch/lib/libc10.so)
frame #1: <unknown function> + 0x6811231 (0x755fadf5b231 in /home/devuser/conda/envs/py312/lib/python3.12/site-packages/torch/lib/libtorch_cpu.so)
frame #2: <unknown function> + 0x68123e1 (0x755fadf5c3e1 in /home/devuser/conda/envs/py312/lib/python3.12/site-packages/torch/lib/libtorch_cpu.so)
frame #3: <unknown function> + 0x681258d (0x755fadf5c58d in /home/devuser/conda/envs/py312/lib/python3.12/site-packages/torch/lib/libtorch_cpu.so)
frame #4: c10d::TCPStore::check(std::vector<std::__cxx11::basic_string<char, std::char_traits<char>, std::allocator<char> >, std::allocator<std::__cxx11::basic_string<char, std::char_traits<char>, std::allocator<char> > > > const&) + 0x35d (0x755fadf551dd in /home/devuser/conda/envs/py312/lib/python3.12/site-packages/torch/lib/libtorch_cpu.so)
frame #5: c10d::ProcessGroupNCCL::HeartbeatMonitor::runLoop() + 0x436 (0x755f89b8d0e6 in /home/devuser/conda/envs/py312/lib/python3.12/site-packages/torch/lib/libtorch_cuda.so)
frame #6: <unknown function> + 0xef5e4 (0x75604f4705e4 in /home/devuser/conda/envs/py312/bin/../lib/libstdc++.so.6)
frame #7: <unknown function> + 0x9caa4 (0x7560508c5aa4 in /lib/x86_64-linux-gnu/libc.so.6)
frame #8: __clone + 0x44 (0x756050952a64 in /lib/x86_64-linux-gnu/libc.so.6)

[rank3]:[W813 14:40:44.205008754 ProcessGroupNCCL.cpp:1900] [PG ID 0 PG GUID 0(default_pg) Rank 3] Failed to check the "should dump" flag on TCPStore, (maybe TCPStore server has shut down too early), with error: Broken pipe
[rank1]:[W813 14:40:44.242526996 TCPStore.cpp:106] [c10d] sendBytes failed on SocketImpl(fd=100, addr=[localhost]:49304, remote=[sgl-b300-inference.datacrunch.io]:33691): Broken pipe
Exception raised from sendBytes at /__w/pytorch/pytorch/torch/csrc/distributed/c10d/Utils.hpp:758 (most recent call first):
frame #0: c10::Error::Error(c10::SourceLocation, std::__cxx11::basic_string<char, std::char_traits<char>, std::allocator<char> >) + 0x9d (0x7d8dac76933d in /home/devuser/conda/envs/py312/lib/python3.12/site-packages/torch/lib/libc10.so)
frame #1: <unknown function> + 0x6811231 (0x7d8d0ad5b231 in /home/devuser/conda/envs/py312/lib/python3.12/site-packages/torch/lib/libtorch_cpu.so)
frame #2: <unknown function> + 0x68123e1 (0x7d8d0ad5c3e1 in /home/devuser/conda/envs/py312/lib/python3.12/site-packages/torch/lib/libtorch_cpu.so)
frame #3: <unknown function> + 0x681258d (0x7d8d0ad5c58d in /home/devuser/conda/envs/py312/lib/python3.12/site-packages/torch/lib/libtorch_cpu.so)
frame #4: c10d::TCPStore::check(std::vector<std::__cxx11::basic_string<char, std::char_traits<char>, std::allocator<char> >, std::allocator<std::__cxx11::basic_string<char, std::char_traits<char>, std::allocator<char> > > > const&) + 0x35d (0x7d8d0ad551dd in /home/devuser/conda/envs/py312/lib/python3.12/site-packages/torch/lib/libtorch_cpu.so)
frame #5: c10d::ProcessGroupNCCL::HeartbeatMonitor::runLoop() + 0x436 (0x7d8ce698d0e6 in /home/devuser/conda/envs/py312/lib/python3.12/site-packages/torch/lib/libtorch_cuda.so)
frame #6: <unknown function> + 0xef5e4 (0x7d8dac2705e4 in /home/devuser/conda/envs/py312/bin/../lib/libstdc++.so.6)
frame #7: <unknown function> + 0x9caa4 (0x7d8dad6c7aa4 in /lib/x86_64-linux-gnu/libc.so.6)
frame #8: __clone + 0x44 (0x7d8dad754a64 in /lib/x86_64-linux-gnu/libc.so.6)

[rank1]:[W813 14:40:44.244583885 ProcessGroupNCCL.cpp:1900] [PG ID 0 PG GUID 0(default_pg) Rank 1] Failed to check the "should dump" flag on TCPStore, (maybe TCPStore server has shut down too early), with error: Broken pipe
[rank0]:[W813 14:40:45.484380996 TCPStore.cpp:106] [c10d] sendBytes failed on SocketImpl(fd=100, addr=[localhost]:49270, remote=[sgl-b300-inference.datacrunch.io]:33691): Broken pipe
Exception raised from sendBytes at /__w/pytorch/pytorch/torch/csrc/distributed/c10d/Utils.hpp:758 (most recent call first):
frame #0: c10::Error::Error(c10::SourceLocation, std::__cxx11::basic_string<char, std::char_traits<char>, std::allocator<char> >) + 0x9d (0x76c6d456933d in /home/devuser/conda/envs/py312/lib/python3.12/site-packages/torch/lib/libc10.so)
frame #1: <unknown function> + 0x6811231 (0x76c66195b231 in /home/devuser/conda/envs/py312/lib/python3.12/site-packages/torch/lib/libtorch_cpu.so)
frame #2: <unknown function> + 0x68123e1 (0x76c66195c3e1 in /home/devuser/conda/envs/py312/lib/python3.12/site-packages/torch/lib/libtorch_cpu.so)
frame #3: <unknown function> + 0x681258d (0x76c66195c58d in /home/devuser/conda/envs/py312/lib/python3.12/site-packages/torch/lib/libtorch_cpu.so)
frame #4: c10d::TCPStore::check(std::vector<std::__cxx11::basic_string<char, std::char_traits<char>, std::allocator<char> >, std::allocator<std::__cxx11::basic_string<char, std::char_traits<char>, std::allocator<char> > > > const&) + 0x35d (0x76c6619551dd in /home/devuser/conda/envs/py312/lib/python3.12/site-packages/torch/lib/libtorch_cpu.so)
frame #5: c10d::ProcessGroupNCCL::HeartbeatMonitor::runLoop() + 0x436 (0x76c63d58d0e6 in /home/devuser/conda/envs/py312/lib/python3.12/site-packages/torch/lib/libtorch_cuda.so)
frame #6: <unknown function> + 0xef5e4 (0x76c702e705e4 in /home/devuser/conda/envs/py312/bin/../lib/libstdc++.so.6)
frame #7: <unknown function> + 0x9caa4 (0x76c70414faa4 in /lib/x86_64-linux-gnu/libc.so.6)
frame #8: __clone + 0x44 (0x76c7041dca64 in /lib/x86_64-linux-gnu/libc.so.6)

[rank0]:[W813 14:40:45.486547671 ProcessGroupNCCL.cpp:1900] [PG ID 0 PG GUID 0(default_pg) Rank 0] Failed to check the "should dump" flag on TCPStore, (maybe TCPStore server has shut down too early), with error: Broken pipe
[rank5]:[W813 14:40:45.691121953 TCPStore.cpp:106] [c10d] sendBytes failed on SocketImpl(fd=100, addr=[localhost]:49286, remote=[sgl-b300-inference.datacrunch.io]:33691): Broken pipe
Exception raised from sendBytes at /__w/pytorch/pytorch/torch/csrc/distributed/c10d/Utils.hpp:758 (most recent call first):
frame #0: c10::Error::Error(c10::SourceLocation, std::__cxx11::basic_string<char, std::char_traits<char>, std::allocator<char> >) + 0x9d (0x7dcf2856933d in /home/devuser/conda/envs/py312/lib/python3.12/site-packages/torch/lib/libc10.so)
frame #1: <unknown function> + 0x6811231 (0x7dce86b5b231 in /home/devuser/conda/envs/py312/lib/python3.12/site-packages/torch/lib/libtorch_cpu.so)
frame #2: <unknown function> + 0x68123e1 (0x7dce86b5c3e1 in /home/devuser/conda/envs/py312/lib/python3.12/site-packages/torch/lib/libtorch_cpu.so)
frame #3: <unknown function> + 0x681258d (0x7dce86b5c58d in /home/devuser/conda/envs/py312/lib/python3.12/site-packages/torch/lib/libtorch_cpu.so)
frame #4: c10d::TCPStore::check(std::vector<std::__cxx11::basic_string<char, std::char_traits<char>, std::allocator<char> >, std::allocator<std::__cxx11::basic_string<char, std::char_traits<char>, std::allocator<char> > > > const&) + 0x35d (0x7dce86b551dd in /home/devuser/conda/envs/py312/lib/python3.12/site-packages/torch/lib/libtorch_cpu.so)
frame #5: c10d::ProcessGroupNCCL::HeartbeatMonitor::runLoop() + 0x436 (0x7dce6278d0e6 in /home/devuser/conda/envs/py312/lib/python3.12/site-packages/torch/lib/libtorch_cuda.so)
frame #6: <unknown function> + 0xef5e4 (0x7dcf280705e4 in /home/devuser/conda/envs/py312/bin/../lib/libstdc++.so.6)
frame #7: <unknown function> + 0x9caa4 (0x7dcf29462aa4 in /lib/x86_64-linux-gnu/libc.so.6)
frame #8: __clone + 0x44 (0x7dcf294efa64 in /lib/x86_64-linux-gnu/libc.so.6)

[rank5]:[W813 14:40:45.693731694 ProcessGroupNCCL.cpp:1900] [PG ID 0 PG GUID 0(default_pg) Rank 5] Failed to check the "should dump" flag on TCPStore, (maybe TCPStore server has shut down too early), with error: Broken pipe
[rank6]:[W813 14:40:45.909914027 TCPStore.cpp:106] [c10d] sendBytes failed on SocketImpl(fd=100, addr=[localhost]:49280, remote=[sgl-b300-inference.datacrunch.io]:33691): Broken pipe
Exception raised from sendBytes at /__w/pytorch/pytorch/torch/csrc/distributed/c10d/Utils.hpp:758 (most recent call first):
frame #0: c10::Error::Error(c10::SourceLocation, std::__cxx11::basic_string<char, std::char_traits<char>, std::allocator<char> >) + 0x9d (0x79e54e76933d in /home/devuser/conda/envs/py312/lib/python3.12/site-packages/torch/lib/libc10.so)
frame #1: <unknown function> + 0x6811231 (0x79e4dbb5b231 in /home/devuser/conda/envs/py312/lib/python3.12/site-packages/torch/lib/libtorch_cpu.so)
frame #2: <unknown function> + 0x68123e1 (0x79e4dbb5c3e1 in /home/devuser/conda/envs/py312/lib/python3.12/site-packages/torch/lib/libtorch_cpu.so)
frame #3: <unknown function> + 0x681258d (0x79e4dbb5c58d in /home/devuser/conda/envs/py312/lib/python3.12/site-packages/torch/lib/libtorch_cpu.so)
frame #4: c10d::TCPStore::check(std::vector<std::__cxx11::basic_string<char, std::char_traits<char>, std::allocator<char> >, std::allocator<std::__cxx11::basic_string<char, std::char_traits<char>, std::allocator<char> > > > const&) + 0x35d (0x79e4dbb551dd in /home/devuser/conda/envs/py312/lib/python3.12/site-packages/torch/lib/libtorch_cpu.so)
frame #5: c10d::ProcessGroupNCCL::HeartbeatMonitor::runLoop() + 0x436 (0x79e4b778d0e6 in /home/devuser/conda/envs/py312/lib/python3.12/site-packages/torch/lib/libtorch_cuda.so)
frame #6: <unknown function> + 0xef5e4 (0x79e57d0705e4 in /home/devuser/conda/envs/py312/bin/../lib/libstdc++.so.6)
frame #7: <unknown function> + 0x9caa4 (0x79e57e3cdaa4 in /lib/x86_64-linux-gnu/libc.so.6)
frame #8: __clone + 0x44 (0x79e57e45aa64 in /lib/x86_64-linux-gnu/libc.so.6)

[rank6]:[W813 14:40:45.912431861 ProcessGroupNCCL.cpp:1900] [PG ID 0 PG GUID 0(default_pg) Rank 6] Failed to check the "should dump" flag on TCPStore, (maybe TCPStore server has shut down too early), with error: Broken pipe
[rank2]:[W813 14:40:45.941705842 TCPStore.cpp:106] [c10d] sendBytes failed on SocketImpl(fd=100, addr=[localhost]:49326, remote=[sgl-b300-inference.datacrunch.io]:33691): Broken pipe
Exception raised from sendBytes at /__w/pytorch/pytorch/torch/csrc/distributed/c10d/Utils.hpp:758 (most recent call first):
frame #0: c10::Error::Error(c10::SourceLocation, std::__cxx11::basic_string<char, std::char_traits<char>, std::allocator<char> >) + 0x9d (0x7dc559d6933d in /home/devuser/conda/envs/py312/lib/python3.12/site-packages/torch/lib/libc10.so)
frame #1: <unknown function> + 0x6811231 (0x7dc4b835b231 in /home/devuser/conda/envs/py312/lib/python3.12/site-packages/torch/lib/libtorch_cpu.so)
frame #2: <unknown function> + 0x68123e1 (0x7dc4b835c3e1 in /home/devuser/conda/envs/py312/lib/python3.12/site-packages/torch/lib/libtorch_cpu.so)
frame #3: <unknown function> + 0x681258d (0x7dc4b835c58d in /home/devuser/conda/envs/py312/lib/python3.12/site-packages/torch/lib/libtorch_cpu.so)
frame #4: c10d::TCPStore::check(std::vector<std::__cxx11::basic_string<char, std::char_traits<char>, std::allocator<char> >, std::allocator<std::__cxx11::basic_string<char, std::char_traits<char>, std::allocator<char> > > > const&) + 0x35d (0x7dc4b83551dd in /home/devuser/conda/envs/py312/lib/python3.12/site-packages/torch/lib/libtorch_cpu.so)
frame #5: c10d::ProcessGroupNCCL::HeartbeatMonitor::runLoop() + 0x436 (0x7dc493f8d0e6 in /home/devuser/conda/envs/py312/lib/python3.12/site-packages/torch/lib/libtorch_cuda.so)
frame #6: <unknown function> + 0xef5e4 (0x7dc5598705e4 in /home/devuser/conda/envs/py312/bin/../lib/libstdc++.so.6)
frame #7: <unknown function> + 0x9caa4 (0x7dc55ac7aaa4 in /lib/x86_64-linux-gnu/libc.so.6)
frame #8: __clone + 0x44 (0x7dc55ad07a64 in /lib/x86_64-linux-gnu/libc.so.6)

[rank2]:[W813 14:40:45.944087770 ProcessGroupNCCL.cpp:1900] [PG ID 0 PG GUID 0(default_pg) Rank 2] Failed to check the "should dump" flag on TCPStore, (maybe TCPStore server has shut down too early), with error: Broken pipe
[rank4]:[W813 14:40:45.978629922 TCPStore.cpp:106] [c10d] sendBytes failed on SocketImpl(fd=100, addr=[localhost]:49282, remote=[sgl-b300-inference.datacrunch.io]:33691): Broken pipe
Exception raised from sendBytes at /__w/pytorch/pytorch/torch/csrc/distributed/c10d/Utils.hpp:758 (most recent call first):
frame #0: c10::Error::Error(c10::SourceLocation, std::__cxx11::basic_string<char, std::char_traits<char>, std::allocator<char> >) + 0x9d (0x75c75ab6933d in /home/devuser/conda/envs/py312/lib/python3.12/site-packages/torch/lib/libc10.so)
frame #1: <unknown function> + 0x6811231 (0x75c6b915b231 in /home/devuser/conda/envs/py312/lib/python3.12/site-packages/torch/lib/libtorch_cpu.so)
frame #2: <unknown function> + 0x68123e1 (0x75c6b915c3e1 in /home/devuser/conda/envs/py312/lib/python3.12/site-packages/torch/lib/libtorch_cpu.so)
frame #3: <unknown function> + 0x681258d (0x75c6b915c58d in /home/devuser/conda/envs/py312/lib/python3.12/site-packages/torch/lib/libtorch_cpu.so)
frame #4: c10d::TCPStore::check(std::vector<std::__cxx11::basic_string<char, std::char_traits<char>, std::allocator<char> >, std::allocator<std::__cxx11::basic_string<char, std::char_traits<char>, std::allocator<char> > > > const&) + 0x35d (0x75c6b91551dd in /home/devuser/conda/envs/py312/lib/python3.12/site-packages/torch/lib/libtorch_cpu.so)
frame #5: c10d::ProcessGroupNCCL::HeartbeatMonitor::runLoop() + 0x436 (0x75c694d8d0e6 in /home/devuser/conda/envs/py312/lib/python3.12/site-packages/torch/lib/libtorch_cuda.so)
frame #6: <unknown function> + 0xef5e4 (0x75c75a6705e4 in /home/devuser/conda/envs/py312/bin/../lib/libstdc++.so.6)
frame #7: <unknown function> + 0x9caa4 (0x75c75ba7caa4 in /lib/x86_64-linux-gnu/libc.so.6)
frame #8: __clone + 0x44 (0x75c75bb09a64 in /lib/x86_64-linux-gnu/libc.so.6)

[rank4]:[W813 14:40:45.980670021 ProcessGroupNCCL.cpp:1900] [PG ID 0 PG GUID 0(default_pg) Rank 4] Failed to check the "should dump" flag on TCPStore, (maybe TCPStore server has shut down too early), with error: Broken pipe
[rank7]:[W813 14:40:45.044051226 TCPStore.cpp:106] [c10d] sendBytes failed on SocketImpl(fd=100, addr=[localhost]:49310, remote=[sgl-b300-inference.datacrunch.io]:33691): Broken pipe
Exception raised from sendBytes at /__w/pytorch/pytorch/torch/csrc/distributed/c10d/Utils.hpp:758 (most recent call first):
frame #0: c10::Error::Error(c10::SourceLocation, std::__cxx11::basic_string<char, std::char_traits<char>, std::allocator<char> >) + 0x9d (0x78f0b036933d in /home/devuser/conda/envs/py312/lib/python3.12/site-packages/torch/lib/libc10.so)
frame #1: <unknown function> + 0x6811231 (0x78f00e95b231 in /home/devuser/conda/envs/py312/lib/python3.12/site-packages/torch/lib/libtorch_cpu.so)
frame #2: <unknown function> + 0x68123e1 (0x78f00e95c3e1 in /home/devuser/conda/envs/py312/lib/python3.12/site-packages/torch/lib/libtorch_cpu.so)
frame #3: <unknown function> + 0x681258d (0x78f00e95c58d in /home/devuser/conda/envs/py312/lib/python3.12/site-packages/torch/lib/libtorch_cpu.so)
frame #4: c10d::TCPStore::check(std::vector<std::__cxx11::basic_string<char, std::char_traits<char>, std::allocator<char> >, std::allocator<std::__cxx11::basic_string<char, std::char_traits<char>, std::allocator<char> > > > const&) + 0x35d (0x78f00e9551dd in /home/devuser/conda/envs/py312/lib/python3.12/site-packages/torch/lib/libtorch_cpu.so)
frame #5: c10d::ProcessGroupNCCL::HeartbeatMonitor::runLoop() + 0x436 (0x78efea58d0e6 in /home/devuser/conda/envs/py312/lib/python3.12/site-packages/torch/lib/libtorch_cuda.so)
frame #6: <unknown function> + 0xef5e4 (0x78f0afe705e4 in /home/devuser/conda/envs/py312/bin/../lib/libstdc++.so.6)
frame #7: <unknown function> + 0x9caa4 (0x78f0b12b7aa4 in /lib/x86_64-linux-gnu/libc.so.6)
frame #8: __clone + 0x44 (0x78f0b1344a64 in /lib/x86_64-linux-gnu/libc.so.6)

[rank7]:[W813 14:40:45.046533691 ProcessGroupNCCL.cpp:1900] [PG ID 0 PG GUID 0(default_pg) Rank 7] Failed to check the "should dump" flag on TCPStore, (maybe TCPStore server has shut down too early), with error: Broken pipe
[rank3]:[W813 14:40:45.205168984 TCPStore.cpp:106] [c10d] sendBytes failed on SocketImpl(fd=100, addr=[localhost]:49296, remote=[sgl-b300-inference.datacrunch.io]:33691): Broken pipe
Exception raised from sendBytes at /__w/pytorch/pytorch/torch/csrc/distributed/c10d/Utils.hpp:758 (most recent call first):
frame #0: c10::Error::Error(c10::SourceLocation, std::__cxx11::basic_string<char, std::char_traits<char>, std::allocator<char> >) + 0x9d (0x75604f96933d in /home/devuser/conda/envs/py312/lib/python3.12/site-packages/torch/lib/libc10.so)
frame #1: <unknown function> + 0x6811231 (0x755fadf5b231 in /home/devuser/conda/envs/py312/lib/python3.12/site-packages/torch/lib/libtorch_cpu.so)
frame #2: <unknown function> + 0x68123e1 (0x755fadf5c3e1 in /home/devuser/conda/envs/py312/lib/python3.12/site-packages/torch/lib/libtorch_cpu.so)
frame #3: <unknown function> + 0x681258d (0x755fadf5c58d in /home/devuser/conda/envs/py312/lib/python3.12/site-packages/torch/lib/libtorch_cpu.so)
frame #4: c10d::TCPStore::check(std::vector<std::__cxx11::basic_string<char, std::char_traits<char>, std::allocator<char> >, std::allocator<std::__cxx11::basic_string<char, std::char_traits<char>, std::allocator<char> > > > const&) + 0x35d (0x755fadf551dd in /home/devuser/conda/envs/py312/lib/python3.12/site-packages/torch/lib/libtorch_cpu.so)
frame #5: c10d::ProcessGroupNCCL::HeartbeatMonitor::runLoop() + 0x436 (0x755f89b8d0e6 in /home/devuser/conda/envs/py312/lib/python3.12/site-packages/torch/lib/libtorch_cuda.so)
frame #6: <unknown function> + 0xef5e4 (0x75604f4705e4 in /home/devuser/conda/envs/py312/bin/../lib/libstdc++.so.6)
frame #7: <unknown function> + 0x9caa4 (0x7560508c5aa4 in /lib/x86_64-linux-gnu/libc.so.6)
frame #8: __clone + 0x44 (0x756050952a64 in /lib/x86_64-linux-gnu/libc.so.6)

[rank3]:[W813 14:40:45.207346318 ProcessGroupNCCL.cpp:1900] [PG ID 0 PG GUID 0(default_pg) Rank 3] Failed to check the "should dump" flag on TCPStore, (maybe TCPStore server has shut down too early), with error: Broken pipe
[rank1]:[W813 14:40:45.244753924 TCPStore.cpp:106] [c10d] sendBytes failed on SocketImpl(fd=100, addr=[localhost]:49304, remote=[sgl-b300-inference.datacrunch.io]:33691): Broken pipe
Exception raised from sendBytes at /__w/pytorch/pytorch/torch/csrc/distributed/c10d/Utils.hpp:758 (most recent call first):
frame #0: c10::Error::Error(c10::SourceLocation, std::__cxx11::basic_string<char, std::char_traits<char>, std::allocator<char> >) + 0x9d (0x7d8dac76933d in /home/devuser/conda/envs/py312/lib/python3.12/site-packages/torch/lib/libc10.so)
frame #1: <unknown function> + 0x6811231 (0x7d8d0ad5b231 in /home/devuser/conda/envs/py312/lib/python3.12/site-packages/torch/lib/libtorch_cpu.so)
frame #2: <unknown function> + 0x68123e1 (0x7d8d0ad5c3e1 in /home/devuser/conda/envs/py312/lib/python3.12/site-packages/torch/lib/libtorch_cpu.so)
frame #3: <unknown function> + 0x681258d (0x7d8d0ad5c58d in /home/devuser/conda/envs/py312/lib/python3.12/site-packages/torch/lib/libtorch_cpu.so)
frame #4: c10d::TCPStore::check(std::vector<std::__cxx11::basic_string<char, std::char_traits<char>, std::allocator<char> >, std::allocator<std::__cxx11::basic_string<char, std::char_traits<char>, std::allocator<char> > > > const&) + 0x35d (0x7d8d0ad551dd in /home/devuser/conda/envs/py312/lib/python3.12/site-packages/torch/lib/libtorch_cpu.so)
frame #5: c10d::ProcessGroupNCCL::HeartbeatMonitor::runLoop() + 0x436 (0x7d8ce698d0e6 in /home/devuser/conda/envs/py312/lib/python3.12/site-packages/torch/lib/libtorch_cuda.so)
frame #6: <unknown function> + 0xef5e4 (0x7d8dac2705e4 in /home/devuser/conda/envs/py312/bin/../lib/libstdc++.so.6)
frame #7: <unknown function> + 0x9caa4 (0x7d8dad6c7aa4 in /lib/x86_64-linux-gnu/libc.so.6)
frame #8: __clone + 0x44 (0x7d8dad754a64 in /lib/x86_64-linux-gnu/libc.so.6)

[rank1]:[W813 14:40:45.246880740 ProcessGroupNCCL.cpp:1900] [PG ID 0 PG GUID 0(default_pg) Rank 1] Failed to check the "should dump" flag on TCPStore, (maybe TCPStore server has shut down too early), with error: Broken pipe
[rank0]:[W813 14:40:46.486720722 TCPStore.cpp:106] [c10d] sendBytes failed on SocketImpl(fd=100, addr=[localhost]:49270, remote=[sgl-b300-inference.datacrunch.io]:33691): Broken pipe
Exception raised from sendBytes at /__w/pytorch/pytorch/torch/csrc/distributed/c10d/Utils.hpp:758 (most recent call first):
frame #0: c10::Error::Error(c10::SourceLocation, std::__cxx11::basic_string<char, std::char_traits<char>, std::allocator<char> >) + 0x9d (0x76c6d456933d in /home/devuser/conda/envs/py312/lib/python3.12/site-packages/torch/lib/libc10.so)
frame #1: <unknown function> + 0x6811231 (0x76c66195b231 in /home/devuser/conda/envs/py312/lib/python3.12/site-packages/torch/lib/libtorch_cpu.so)
frame #2: <unknown function> + 0x68123e1 (0x76c66195c3e1 in /home/devuser/conda/envs/py312/lib/python3.12/site-packages/torch/lib/libtorch_cpu.so)
frame #3: <unknown function> + 0x681258d (0x76c66195c58d in /home/devuser/conda/envs/py312/lib/python3.12/site-packages/torch/lib/libtorch_cpu.so)
frame #4: c10d::TCPStore::check(std::vector<std::__cxx11::basic_string<char, std::char_traits<char>, std::allocator<char> >, std::allocator<std::__cxx11::basic_string<char, std::char_traits<char>, std::allocator<char> > > > const&) + 0x35d (0x76c6619551dd in /home/devuser/conda/envs/py312/lib/python3.12/site-packages/torch/lib/libtorch_cpu.so)
frame #5: c10d::ProcessGroupNCCL::HeartbeatMonitor::runLoop() + 0x436 (0x76c63d58d0e6 in /home/devuser/conda/envs/py312/lib/python3.12/site-packages/torch/lib/libtorch_cuda.so)
frame #6: <unknown function> + 0xef5e4 (0x76c702e705e4 in /home/devuser/conda/envs/py312/bin/../lib/libstdc++.so.6)
frame #7: <unknown function> + 0x9caa4 (0x76c70414faa4 in /lib/x86_64-linux-gnu/libc.so.6)
frame #8: __clone + 0x44 (0x76c7041dca64 in /lib/x86_64-linux-gnu/libc.so.6)

[rank0]:[W813 14:40:46.489297835 ProcessGroupNCCL.cpp:1900] [PG ID 0 PG GUID 0(default_pg) Rank 0] Failed to check the "should dump" flag on TCPStore, (maybe TCPStore server has shut down too early), with error: Broken pipe
[rank5]:[W813 14:40:46.693888418 TCPStore.cpp:106] [c10d] sendBytes failed on SocketImpl(fd=100, addr=[localhost]:49286, remote=[sgl-b300-inference.datacrunch.io]:33691): Broken pipe
Exception raised from sendBytes at /__w/pytorch/pytorch/torch/csrc/distributed/c10d/Utils.hpp:758 (most recent call first):
frame #0: c10::Error::Error(c10::SourceLocation, std::__cxx11::basic_string<char, std::char_traits<char>, std::allocator<char> >) + 0x9d (0x7dcf2856933d in /home/devuser/conda/envs/py312/lib/python3.12/site-packages/torch/lib/libc10.so)
frame #1: <unknown function> + 0x6811231 (0x7dce86b5b231 in /home/devuser/conda/envs/py312/lib/python3.12/site-packages/torch/lib/libtorch_cpu.so)
frame #2: <unknown function> + 0x68123e1 (0x7dce86b5c3e1 in /home/devuser/conda/envs/py312/lib/python3.12/site-packages/torch/lib/libtorch_cpu.so)
frame #3: <unknown function> + 0x681258d (0x7dce86b5c58d in /home/devuser/conda/envs/py312/lib/python3.12/site-packages/torch/lib/libtorch_cpu.so)
frame #4: c10d::TCPStore::check(std::vector<std::__cxx11::basic_string<char, std::char_traits<char>, std::allocator<char> >, std::allocator<std::__cxx11::basic_string<char, std::char_traits<char>, std::allocator<char> > > > const&) + 0x35d (0x7dce86b551dd in /home/devuser/conda/envs/py312/lib/python3.12/site-packages/torch/lib/libtorch_cpu.so)
frame #5: c10d::ProcessGroupNCCL::HeartbeatMonitor::runLoop() + 0x436 (0x7dce6278d0e6 in /home/devuser/conda/envs/py312/lib/python3.12/site-packages/torch/lib/libtorch_cuda.so)
frame #6: <unknown function> + 0xef5e4 (0x7dcf280705e4 in /home/devuser/conda/envs/py312/bin/../lib/libstdc++.so.6)
frame #7: <unknown function> + 0x9caa4 (0x7dcf29462aa4 in /lib/x86_64-linux-gnu/libc.so.6)
frame #8: __clone + 0x44 (0x7dcf294efa64 in /lib/x86_64-linux-gnu/libc.so.6)

[rank5]:[W813 14:40:46.696505879 ProcessGroupNCCL.cpp:1900] [PG ID 0 PG GUID 0(default_pg) Rank 5] Failed to check the "should dump" flag on TCPStore, (maybe TCPStore server has shut down too early), with error: Broken pipe
[rank6]:[W813 14:40:46.912624236 TCPStore.cpp:106] [c10d] sendBytes failed on SocketImpl(fd=100, addr=[localhost]:49280, remote=[sgl-b300-inference.datacrunch.io]:33691): Broken pipe
Exception raised from sendBytes at /__w/pytorch/pytorch/torch/csrc/distributed/c10d/Utils.hpp:758 (most recent call first):
frame #0: c10::Error::Error(c10::SourceLocation, std::__cxx11::basic_string<char, std::char_traits<char>, std::allocator<char> >) + 0x9d (0x79e54e76933d in /home/devuser/conda/envs/py312/lib/python3.12/site-packages/torch/lib/libc10.so)
frame #1: <unknown function> + 0x6811231 (0x79e4dbb5b231 in /home/devuser/conda/envs/py312/lib/python3.12/site-packages/torch/lib/libtorch_cpu.so)
frame #2: <unknown function> + 0x68123e1 (0x79e4dbb5c3e1 in /home/devuser/conda/envs/py312/lib/python3.12/site-packages/torch/lib/libtorch_cpu.so)
frame #3: <unknown function> + 0x681258d (0x79e4dbb5c58d in /home/devuser/conda/envs/py312/lib/python3.12/site-packages/torch/lib/libtorch_cpu.so)
frame #4: c10d::TCPStore::check(std::vector<std::__cxx11::basic_string<char, std::char_traits<char>, std::allocator<char> >, std::allocator<std::__cxx11::basic_string<char, std::char_traits<char>, std::allocator<char> > > > const&) + 0x35d (0x79e4dbb551dd in /home/devuser/conda/envs/py312/lib/python3.12/site-packages/torch/lib/libtorch_cpu.so)
frame #5: c10d::ProcessGroupNCCL::HeartbeatMonitor::runLoop() + 0x436 (0x79e4b778d0e6 in /home/devuser/conda/envs/py312/lib/python3.12/site-packages/torch/lib/libtorch_cuda.so)
frame #6: <unknown function> + 0xef5e4 (0x79e57d0705e4 in /home/devuser/conda/envs/py312/bin/../lib/libstdc++.so.6)
frame #7: <unknown function> + 0x9caa4 (0x79e57e3cdaa4 in /lib/x86_64-linux-gnu/libc.so.6)
frame #8: __clone + 0x44 (0x79e57e45aa64 in /lib/x86_64-linux-gnu/libc.so.6)

[rank6]:[W813 14:40:46.914871698 ProcessGroupNCCL.cpp:1900] [PG ID 0 PG GUID 0(default_pg) Rank 6] Failed to check the "should dump" flag on TCPStore, (maybe TCPStore server has shut down too early), with error: Broken pipe
[rank2]:[W813 14:40:46.944244056 TCPStore.cpp:106] [c10d] sendBytes failed on SocketImpl(fd=100, addr=[localhost]:49326, remote=[sgl-b300-inference.datacrunch.io]:33691): Broken pipe
Exception raised from sendBytes at /__w/pytorch/pytorch/torch/csrc/distributed/c10d/Utils.hpp:758 (most recent call first):
frame #0: c10::Error::Error(c10::SourceLocation, std::__cxx11::basic_string<char, std::char_traits<char>, std::allocator<char> >) + 0x9d (0x7dc559d6933d in /home/devuser/conda/envs/py312/lib/python3.12/site-packages/torch/lib/libc10.so)
frame #1: <unknown function> + 0x6811231 (0x7dc4b835b231 in /home/devuser/conda/envs/py312/lib/python3.12/site-packages/torch/lib/libtorch_cpu.so)
frame #2: <unknown function> + 0x68123e1 (0x7dc4b835c3e1 in /home/devuser/conda/envs/py312/lib/python3.12/site-packages/torch/lib/libtorch_cpu.so)
frame #3: <unknown function> + 0x681258d (0x7dc4b835c58d in /home/devuser/conda/envs/py312/lib/python3.12/site-packages/torch/lib/libtorch_cpu.so)
frame #4: c10d::TCPStore::check(std::vector<std::__cxx11::basic_string<char, std::char_traits<char>, std::allocator<char> >, std::allocator<std::__cxx11::basic_string<char, std::char_traits<char>, std::allocator<char> > > > const&) + 0x35d (0x7dc4b83551dd in /home/devuser/conda/envs/py312/lib/python3.12/site-packages/torch/lib/libtorch_cpu.so)
frame #5: c10d::ProcessGroupNCCL::HeartbeatMonitor::runLoop() + 0x436 (0x7dc493f8d0e6 in /home/devuser/conda/envs/py312/lib/python3.12/site-packages/torch/lib/libtorch_cuda.so)
frame #6: <unknown function> + 0xef5e4 (0x7dc5598705e4 in /home/devuser/conda/envs/py312/bin/../lib/libstdc++.so.6)
frame #7: <unknown function> + 0x9caa4 (0x7dc55ac7aaa4 in /lib/x86_64-linux-gnu/libc.so.6)
frame #8: __clone + 0x44 (0x7dc55ad07a64 in /lib/x86_64-linux-gnu/libc.so.6)

[rank2]:[W813 14:40:46.946382812 ProcessGroupNCCL.cpp:1900] [PG ID 0 PG GUID 0(default_pg) Rank 2] Failed to check the "should dump" flag on TCPStore, (maybe TCPStore server has shut down too early), with error: Broken pipe
[rank4]:[W813 14:40:46.980831117 TCPStore.cpp:106] [c10d] sendBytes failed on SocketImpl(fd=100, addr=[localhost]:49282, remote=[sgl-b300-inference.datacrunch.io]:33691): Broken pipe
Exception raised from sendBytes at /__w/pytorch/pytorch/torch/csrc/distributed/c10d/Utils.hpp:758 (most recent call first):
frame #0: c10::Error::Error(c10::SourceLocation, std::__cxx11::basic_string<char, std::char_traits<char>, std::allocator<char> >) + 0x9d (0x75c75ab6933d in /home/devuser/conda/envs/py312/lib/python3.12/site-packages/torch/lib/libc10.so)
frame #1: <unknown function> + 0x6811231 (0x75c6b915b231 in /home/devuser/conda/envs/py312/lib/python3.12/site-packages/torch/lib/libtorch_cpu.so)
frame #2: <unknown function> + 0x68123e1 (0x75c6b915c3e1 in /home/devuser/conda/envs/py312/lib/python3.12/site-packages/torch/lib/libtorch_cpu.so)
frame #3: <unknown function> + 0x681258d (0x75c6b915c58d in /home/devuser/conda/envs/py312/lib/python3.12/site-packages/torch/lib/libtorch_cpu.so)
frame #4: c10d::TCPStore::check(std::vector<std::__cxx11::basic_string<char, std::char_traits<char>, std::allocator<char> >, std::allocator<std::__cxx11::basic_string<char, std::char_traits<char>, std::allocator<char> > > > const&) + 0x35d (0x75c6b91551dd in /home/devuser/conda/envs/py312/lib/python3.12/site-packages/torch/lib/libtorch_cpu.so)
frame #5: c10d::ProcessGroupNCCL::HeartbeatMonitor::runLoop() + 0x436 (0x75c694d8d0e6 in /home/devuser/conda/envs/py312/lib/python3.12/site-packages/torch/lib/libtorch_cuda.so)
frame #6: <unknown function> + 0xef5e4 (0x75c75a6705e4 in /home/devuser/conda/envs/py312/bin/../lib/libstdc++.so.6)
frame #7: <unknown function> + 0x9caa4 (0x75c75ba7caa4 in /lib/x86_64-linux-gnu/libc.so.6)
frame #8: __clone + 0x44 (0x75c75bb09a64 in /lib/x86_64-linux-gnu/libc.so.6)

[rank4]:[W813 14:40:46.982882155 ProcessGroupNCCL.cpp:1900] [PG ID 0 PG GUID 0(default_pg) Rank 4] Failed to check the "should dump" flag on TCPStore, (maybe TCPStore server has shut down too early), with error: Broken pipe
[rank7]:[W813 14:40:46.046723337 TCPStore.cpp:106] [c10d] sendBytes failed on SocketImpl(fd=100, addr=[localhost]:49310, remote=[sgl-b300-inference.datacrunch.io]:33691): Broken pipe
Exception raised from sendBytes at /__w/pytorch/pytorch/torch/csrc/distributed/c10d/Utils.hpp:758 (most recent call first):
frame #0: c10::Error::Error(c10::SourceLocation, std::__cxx11::basic_string<char, std::char_traits<char>, std::allocator<char> >) + 0x9d (0x78f0b036933d in /home/devuser/conda/envs/py312/lib/python3.12/site-packages/torch/lib/libc10.so)
frame #1: <unknown function> + 0x6811231 (0x78f00e95b231 in /home/devuser/conda/envs/py312/lib/python3.12/site-packages/torch/lib/libtorch_cpu.so)
frame #2: <unknown function> + 0x68123e1 (0x78f00e95c3e1 in /home/devuser/conda/envs/py312/lib/python3.12/site-packages/torch/lib/libtorch_cpu.so)
frame #3: <unknown function> + 0x681258d (0x78f00e95c58d in /home/devuser/conda/envs/py312/lib/python3.12/site-packages/torch/lib/libtorch_cpu.so)
frame #4: c10d::TCPStore::check(std::vector<std::__cxx11::basic_string<char, std::char_traits<char>, std::allocator<char> >, std::allocator<std::__cxx11::basic_string<char, std::char_traits<char>, std::allocator<char> > > > const&) + 0x35d (0x78f00e9551dd in /home/devuser/conda/envs/py312/lib/python3.12/site-packages/torch/lib/libtorch_cpu.so)
frame #5: c10d::ProcessGroupNCCL::HeartbeatMonitor::runLoop() + 0x436 (0x78efea58d0e6 in /home/devuser/conda/envs/py312/lib/python3.12/site-packages/torch/lib/libtorch_cuda.so)
frame #6: <unknown function> + 0xef5e4 (0x78f0afe705e4 in /home/devuser/conda/envs/py312/bin/../lib/libstdc++.so.6)
frame #7: <unknown function> + 0x9caa4 (0x78f0b12b7aa4 in /lib/x86_64-linux-gnu/libc.so.6)
frame #8: __clone + 0x44 (0x78f0b1344a64 in /lib/x86_64-linux-gnu/libc.so.6)

[rank7]:[W813 14:40:46.048852573 ProcessGroupNCCL.cpp:1900] [PG ID 0 PG GUID 0(default_pg) Rank 7] Failed to check the "should dump" flag on TCPStore, (maybe TCPStore server has shut down too early), with error: Broken pipe
[rank3]:[W813 14:40:46.207504856 TCPStore.cpp:106] [c10d] sendBytes failed on SocketImpl(fd=100, addr=[localhost]:49296, remote=[sgl-b300-inference.datacrunch.io]:33691): Broken pipe
Exception raised from sendBytes at /__w/pytorch/pytorch/torch/csrc/distributed/c10d/Utils.hpp:758 (most recent call first):
frame #0: c10::Error::Error(c10::SourceLocation, std::__cxx11::basic_string<char, std::char_traits<char>, std::allocator<char> >) + 0x9d (0x75604f96933d in /home/devuser/conda/envs/py312/lib/python3.12/site-packages/torch/lib/libc10.so)
frame #1: <unknown function> + 0x6811231 (0x755fadf5b231 in /home/devuser/conda/envs/py312/lib/python3.12/site-packages/torch/lib/libtorch_cpu.so)
frame #2: <unknown function> + 0x68123e1 (0x755fadf5c3e1 in /home/devuser/conda/envs/py312/lib/python3.12/site-packages/torch/lib/libtorch_cpu.so)
frame #3: <unknown function> + 0x681258d (0x755fadf5c58d in /home/devuser/conda/envs/py312/lib/python3.12/site-packages/torch/lib/libtorch_cpu.so)
frame #4: c10d::TCPStore::check(std::vector<std::__cxx11::basic_string<char, std::char_traits<char>, std::allocator<char> >, std::allocator<std::__cxx11::basic_string<char, std::char_traits<char>, std::allocator<char> > > > const&) + 0x35d (0x755fadf551dd in /home/devuser/conda/envs/py312/lib/python3.12/site-packages/torch/lib/libtorch_cpu.so)
frame #5: c10d::ProcessGroupNCCL::HeartbeatMonitor::runLoop() + 0x436 (0x755f89b8d0e6 in /home/devuser/conda/envs/py312/lib/python3.12/site-packages/torch/lib/libtorch_cuda.so)
frame #6: <unknown function> + 0xef5e4 (0x75604f4705e4 in /home/devuser/conda/envs/py312/bin/../lib/libstdc++.so.6)
frame #7: <unknown function> + 0x9caa4 (0x7560508c5aa4 in /lib/x86_64-linux-gnu/libc.so.6)
frame #8: __clone + 0x44 (0x756050952a64 in /lib/x86_64-linux-gnu/libc.so.6)

[rank3]:[W813 14:40:46.209652412 ProcessGroupNCCL.cpp:1900] [PG ID 0 PG GUID 0(default_pg) Rank 3] Failed to check the "should dump" flag on TCPStore, (maybe TCPStore server has shut down too early), with error: Broken pipe
[rank1]:[W813 14:40:46.247072657 TCPStore.cpp:106] [c10d] sendBytes failed on SocketImpl(fd=100, addr=[localhost]:49304, remote=[sgl-b300-inference.datacrunch.io]:33691): Broken pipe
Exception raised from sendBytes at /__w/pytorch/pytorch/torch/csrc/distributed/c10d/Utils.hpp:758 (most recent call first):
frame #0: c10::Error::Error(c10::SourceLocation, std::__cxx11::basic_string<char, std::char_traits<char>, std::allocator<char> >) + 0x9d (0x7d8dac76933d in /home/devuser/conda/envs/py312/lib/python3.12/site-packages/torch/lib/libc10.so)
frame #1: <unknown function> + 0x6811231 (0x7d8d0ad5b231 in /home/devuser/conda/envs/py312/lib/python3.12/site-packages/torch/lib/libtorch_cpu.so)
frame #2: <unknown function> + 0x68123e1 (0x7d8d0ad5c3e1 in /home/devuser/conda/envs/py312/lib/python3.12/site-packages/torch/lib/libtorch_cpu.so)
frame #3: <unknown function> + 0x681258d (0x7d8d0ad5c58d in /home/devuser/conda/envs/py312/lib/python3.12/site-packages/torch/lib/libtorch_cpu.so)
frame #4: c10d::TCPStore::check(std::vector<std::__cxx11::basic_string<char, std::char_traits<char>, std::allocator<char> >, std::allocator<std::__cxx11::basic_string<char, std::char_traits<char>, std::allocator<char> > > > const&) + 0x35d (0x7d8d0ad551dd in /home/devuser/conda/envs/py312/lib/python3.12/site-packages/torch/lib/libtorch_cpu.so)
frame #5: c10d::ProcessGroupNCCL::HeartbeatMonitor::runLoop() + 0x436 (0x7d8ce698d0e6 in /home/devuser/conda/envs/py312/lib/python3.12/site-packages/torch/lib/libtorch_cuda.so)
frame #6: <unknown function> + 0xef5e4 (0x7d8dac2705e4 in /home/devuser/conda/envs/py312/bin/../lib/libstdc++.so.6)
frame #7: <unknown function> + 0x9caa4 (0x7d8dad6c7aa4 in /lib/x86_64-linux-gnu/libc.so.6)
frame #8: __clone + 0x44 (0x7d8dad754a64 in /lib/x86_64-linux-gnu/libc.so.6)

[rank1]:[W813 14:40:46.249292571 ProcessGroupNCCL.cpp:1900] [PG ID 0 PG GUID 0(default_pg) Rank 1] Failed to check the "should dump" flag on TCPStore, (maybe TCPStore server has shut down too early), with error: Broken pipe
[rank0]:[W813 14:40:47.489457334 TCPStore.cpp:106] [c10d] sendBytes failed on SocketImpl(fd=100, addr=[localhost]:49270, remote=[sgl-b300-inference.datacrunch.io]:33691): Broken pipe
Exception raised from sendBytes at /__w/pytorch/pytorch/torch/csrc/distributed/c10d/Utils.hpp:758 (most recent call first):
frame #0: c10::Error::Error(c10::SourceLocation, std::__cxx11::basic_string<char, std::char_traits<char>, std::allocator<char> >) + 0x9d (0x76c6d456933d in /home/devuser/conda/envs/py312/lib/python3.12/site-packages/torch/lib/libc10.so)
frame #1: <unknown function> + 0x6811231 (0x76c66195b231 in /home/devuser/conda/envs/py312/lib/python3.12/site-packages/torch/lib/libtorch_cpu.so)
frame #2: <unknown function> + 0x68123e1 (0x76c66195c3e1 in /home/devuser/conda/envs/py312/lib/python3.12/site-packages/torch/lib/libtorch_cpu.so)
frame #3: <unknown function> + 0x681258d (0x76c66195c58d in /home/devuser/conda/envs/py312/lib/python3.12/site-packages/torch/lib/libtorch_cpu.so)
frame #4: c10d::TCPStore::check(std::vector<std::__cxx11::basic_string<char, std::char_traits<char>, std::allocator<char> >, std::allocator<std::__cxx11::basic_string<char, std::char_traits<char>, std::allocator<char> > > > const&) + 0x35d (0x76c6619551dd in /home/devuser/conda/envs/py312/lib/python3.12/site-packages/torch/lib/libtorch_cpu.so)
frame #5: c10d::ProcessGroupNCCL::HeartbeatMonitor::runLoop() + 0x436 (0x76c63d58d0e6 in /home/devuser/conda/envs/py312/lib/python3.12/site-packages/torch/lib/libtorch_cuda.so)
frame #6: <unknown function> + 0xef5e4 (0x76c702e705e4 in /home/devuser/conda/envs/py312/bin/../lib/libstdc++.so.6)
frame #7: <unknown function> + 0x9caa4 (0x76c70414faa4 in /lib/x86_64-linux-gnu/libc.so.6)
frame #8: __clone + 0x44 (0x76c7041dca64 in /lib/x86_64-linux-gnu/libc.so.6)

[rank0]:[W813 14:40:47.491588070 ProcessGroupNCCL.cpp:1900] [PG ID 0 PG GUID 0(default_pg) Rank 0] Failed to check the "should dump" flag on TCPStore, (maybe TCPStore server has shut down too early), with error: Broken pipe
[rank5]:[W813 14:40:47.696678141 TCPStore.cpp:106] [c10d] sendBytes failed on SocketImpl(fd=100, addr=[localhost]:49286, remote=[sgl-b300-inference.datacrunch.io]:33691): Broken pipe
Exception raised from sendBytes at /__w/pytorch/pytorch/torch/csrc/distributed/c10d/Utils.hpp:758 (most recent call first):
frame #0: c10::Error::Error(c10::SourceLocation, std::__cxx11::basic_string<char, std::char_traits<char>, std::allocator<char> >) + 0x9d (0x7dcf2856933d in /home/devuser/conda/envs/py312/lib/python3.12/site-packages/torch/lib/libc10.so)
frame #1: <unknown function> + 0x6811231 (0x7dce86b5b231 in /home/devuser/conda/envs/py312/lib/python3.12/site-packages/torch/lib/libtorch_cpu.so)
frame #2: <unknown function> + 0x68123e1 (0x7dce86b5c3e1 in /home/devuser/conda/envs/py312/lib/python3.12/site-packages/torch/lib/libtorch_cpu.so)
frame #3: <unknown function> + 0x681258d (0x7dce86b5c58d in /home/devuser/conda/envs/py312/lib/python3.12/site-packages/torch/lib/libtorch_cpu.so)
frame #4: c10d::TCPStore::check(std::vector<std::__cxx11::basic_string<char, std::char_traits<char>, std::allocator<char> >, std::allocator<std::__cxx11::basic_string<char, std::char_traits<char>, std::allocator<char> > > > const&) + 0x35d (0x7dce86b551dd in /home/devuser/conda/envs/py312/lib/python3.12/site-packages/torch/lib/libtorch_cpu.so)
frame #5: c10d::ProcessGroupNCCL::HeartbeatMonitor::runLoop() + 0x436 (0x7dce6278d0e6 in /home/devuser/conda/envs/py312/lib/python3.12/site-packages/torch/lib/libtorch_cuda.so)
frame #6: <unknown function> + 0xef5e4 (0x7dcf280705e4 in /home/devuser/conda/envs/py312/bin/../lib/libstdc++.so.6)
frame #7: <unknown function> + 0x9caa4 (0x7dcf29462aa4 in /lib/x86_64-linux-gnu/libc.so.6)
frame #8: __clone + 0x44 (0x7dcf294efa64 in /lib/x86_64-linux-gnu/libc.so.6)

[rank5]:[W813 14:40:47.699278832 ProcessGroupNCCL.cpp:1900] [PG ID 0 PG GUID 0(default_pg) Rank 5] Failed to check the "should dump" flag on TCPStore, (maybe TCPStore server has shut down too early), with error: Broken pipe
[rank6]:[W813 14:40:47.915038332 TCPStore.cpp:106] [c10d] sendBytes failed on SocketImpl(fd=100, addr=[localhost]:49280, remote=[sgl-b300-inference.datacrunch.io]:33691): Broken pipe
Exception raised from sendBytes at /__w/pytorch/pytorch/torch/csrc/distributed/c10d/Utils.hpp:758 (most recent call first):
frame #0: c10::Error::Error(c10::SourceLocation, std::__cxx11::basic_string<char, std::char_traits<char>, std::allocator<char> >) + 0x9d (0x79e54e76933d in /home/devuser/conda/envs/py312/lib/python3.12/site-packages/torch/lib/libc10.so)
frame #1: <unknown function> + 0x6811231 (0x79e4dbb5b231 in /home/devuser/conda/envs/py312/lib/python3.12/site-packages/torch/lib/libtorch_cpu.so)
frame #2: <unknown function> + 0x68123e1 (0x79e4dbb5c3e1 in /home/devuser/conda/envs/py312/lib/python3.12/site-packages/torch/lib/libtorch_cpu.so)
frame #3: <unknown function> + 0x681258d (0x79e4dbb5c58d in /home/devuser/conda/envs/py312/lib/python3.12/site-packages/torch/lib/libtorch_cpu.so)
frame #4: c10d::TCPStore::check(std::vector<std::__cxx11::basic_string<char, std::char_traits<char>, std::allocator<char> >, std::allocator<std::__cxx11::basic_string<char, std::char_traits<char>, std::allocator<char> > > > const&) + 0x35d (0x79e4dbb551dd in /home/devuser/conda/envs/py312/lib/python3.12/site-packages/torch/lib/libtorch_cpu.so)
frame #5: c10d::ProcessGroupNCCL::HeartbeatMonitor::runLoop() + 0x436 (0x79e4b778d0e6 in /home/devuser/conda/envs/py312/lib/python3.12/site-packages/torch/lib/libtorch_cuda.so)
frame #6: <unknown function> + 0xef5e4 (0x79e57d0705e4 in /home/devuser/conda/envs/py312/bin/../lib/libstdc++.so.6)
frame #7: <unknown function> + 0x9caa4 (0x79e57e3cdaa4 in /lib/x86_64-linux-gnu/libc.so.6)
frame #8: __clone + 0x44 (0x79e57e45aa64 in /lib/x86_64-linux-gnu/libc.so.6)

[rank6]:[W813 14:40:47.917185398 ProcessGroupNCCL.cpp:1900] [PG ID 0 PG GUID 0(default_pg) Rank 6] Failed to check the "should dump" flag on TCPStore, (maybe TCPStore server has shut down too early), with error: Broken pipe
[rank2]:[W813 14:40:47.946568336 TCPStore.cpp:106] [c10d] sendBytes failed on SocketImpl(fd=100, addr=[localhost]:49326, remote=[sgl-b300-inference.datacrunch.io]:33691): Broken pipe
Exception raised from sendBytes at /__w/pytorch/pytorch/torch/csrc/distributed/c10d/Utils.hpp:758 (most recent call first):
frame #0: c10::Error::Error(c10::SourceLocation, std::__cxx11::basic_string<char, std::char_traits<char>, std::allocator<char> >) + 0x9d (0x7dc559d6933d in /home/devuser/conda/envs/py312/lib/python3.12/site-packages/torch/lib/libc10.so)
frame #1: <unknown function> + 0x6811231 (0x7dc4b835b231 in /home/devuser/conda/envs/py312/lib/python3.12/site-packages/torch/lib/libtorch_cpu.so)
frame #2: <unknown function> + 0x68123e1 (0x7dc4b835c3e1 in /home/devuser/conda/envs/py312/lib/python3.12/site-packages/torch/lib/libtorch_cpu.so)
frame #3: <unknown function> + 0x681258d (0x7dc4b835c58d in /home/devuser/conda/envs/py312/lib/python3.12/site-packages/torch/lib/libtorch_cpu.so)
frame #4: c10d::TCPStore::check(std::vector<std::__cxx11::basic_string<char, std::char_traits<char>, std::allocator<char> >, std::allocator<std::__cxx11::basic_string<char, std::char_traits<char>, std::allocator<char> > > > const&) + 0x35d (0x7dc4b83551dd in /home/devuser/conda/envs/py312/lib/python3.12/site-packages/torch/lib/libtorch_cpu.so)
frame #5: c10d::ProcessGroupNCCL::HeartbeatMonitor::runLoop() + 0x436 (0x7dc493f8d0e6 in /home/devuser/conda/envs/py312/lib/python3.12/site-packages/torch/lib/libtorch_cuda.so)
frame #6: <unknown function> + 0xef5e4 (0x7dc5598705e4 in /home/devuser/conda/envs/py312/bin/../lib/libstdc++.so.6)
frame #7: <unknown function> + 0x9caa4 (0x7dc55ac7aaa4 in /lib/x86_64-linux-gnu/libc.so.6)
frame #8: __clone + 0x44 (0x7dc55ad07a64 in /lib/x86_64-linux-gnu/libc.so.6)

[rank2]:[W813 14:40:47.948843587 ProcessGroupNCCL.cpp:1900] [PG ID 0 PG GUID 0(default_pg) Rank 2] Failed to check the "should dump" flag on TCPStore, (maybe TCPStore server has shut down too early), with error: Broken pipe
[rank4]:[W813 14:40:47.983056999 TCPStore.cpp:106] [c10d] sendBytes failed on SocketImpl(fd=100, addr=[localhost]:49282, remote=[sgl-b300-inference.datacrunch.io]:33691): Broken pipe
Exception raised from sendBytes at /__w/pytorch/pytorch/torch/csrc/distributed/c10d/Utils.hpp:758 (most recent call first):
frame #0: c10::Error::Error(c10::SourceLocation, std::__cxx11::basic_string<char, std::char_traits<char>, std::allocator<char> >) + 0x9d (0x75c75ab6933d in /home/devuser/conda/envs/py312/lib/python3.12/site-packages/torch/lib/libc10.so)
frame #1: <unknown function> + 0x6811231 (0x75c6b915b231 in /home/devuser/conda/envs/py312/lib/python3.12/site-packages/torch/lib/libtorch_cpu.so)
frame #2: <unknown function> + 0x68123e1 (0x75c6b915c3e1 in /home/devuser/conda/envs/py312/lib/python3.12/site-packages/torch/lib/libtorch_cpu.so)
frame #3: <unknown function> + 0x681258d (0x75c6b915c58d in /home/devuser/conda/envs/py312/lib/python3.12/site-packages/torch/lib/libtorch_cpu.so)
frame #4: c10d::TCPStore::check(std::vector<std::__cxx11::basic_string<char, std::char_traits<char>, std::allocator<char> >, std::allocator<std::__cxx11::basic_string<char, std::char_traits<char>, std::allocator<char> > > > const&) + 0x35d (0x75c6b91551dd in /home/devuser/conda/envs/py312/lib/python3.12/site-packages/torch/lib/libtorch_cpu.so)
frame #5: c10d::ProcessGroupNCCL::HeartbeatMonitor::runLoop() + 0x436 (0x75c694d8d0e6 in /home/devuser/conda/envs/py312/lib/python3.12/site-packages/torch/lib/libtorch_cuda.so)
frame #6: <unknown function> + 0xef5e4 (0x75c75a6705e4 in /home/devuser/conda/envs/py312/bin/../lib/libstdc++.so.6)
frame #7: <unknown function> + 0x9caa4 (0x75c75ba7caa4 in /lib/x86_64-linux-gnu/libc.so.6)
frame #8: __clone + 0x44 (0x75c75bb09a64 in /lib/x86_64-linux-gnu/libc.so.6)

[rank4]:[W813 14:40:47.985125997 ProcessGroupNCCL.cpp:1900] [PG ID 0 PG GUID 0(default_pg) Rank 4] Failed to check the "should dump" flag on TCPStore, (maybe TCPStore server has shut down too early), with error: Broken pipe
[rank7]:[W813 14:40:47.049019538 TCPStore.cpp:106] [c10d] sendBytes failed on SocketImpl(fd=100, addr=[localhost]:49310, remote=[sgl-b300-inference.datacrunch.io]:33691): Broken pipe
Exception raised from sendBytes at /__w/pytorch/pytorch/torch/csrc/distributed/c10d/Utils.hpp:758 (most recent call first):
frame #0: c10::Error::Error(c10::SourceLocation, std::__cxx11::basic_string<char, std::char_traits<char>, std::allocator<char> >) + 0x9d (0x78f0b036933d in /home/devuser/conda/envs/py312/lib/python3.12/site-packages/torch/lib/libc10.so)
frame #1: <unknown function> + 0x6811231 (0x78f00e95b231 in /home/devuser/conda/envs/py312/lib/python3.12/site-packages/torch/lib/libtorch_cpu.so)
frame #2: <unknown function> + 0x68123e1 (0x78f00e95c3e1 in /home/devuser/conda/envs/py312/lib/python3.12/site-packages/torch/lib/libtorch_cpu.so)
frame #3: <unknown function> + 0x681258d (0x78f00e95c58d in /home/devuser/conda/envs/py312/lib/python3.12/site-packages/torch/lib/libtorch_cpu.so)
frame #4: c10d::TCPStore::check(std::vector<std::__cxx11::basic_string<char, std::char_traits<char>, std::allocator<char> >, std::allocator<std::__cxx11::basic_string<char, std::char_traits<char>, std::allocator<char> > > > const&) + 0x35d (0x78f00e9551dd in /home/devuser/conda/envs/py312/lib/python3.12/site-packages/torch/lib/libtorch_cpu.so)
frame #5: c10d::ProcessGroupNCCL::HeartbeatMonitor::runLoop() + 0x436 (0x78efea58d0e6 in /home/devuser/conda/envs/py312/lib/python3.12/site-packages/torch/lib/libtorch_cuda.so)
frame #6: <unknown function> + 0xef5e4 (0x78f0afe705e4 in /home/devuser/conda/envs/py312/bin/../lib/libstdc++.so.6)
frame #7: <unknown function> + 0x9caa4 (0x78f0b12b7aa4 in /lib/x86_64-linux-gnu/libc.so.6)
frame #8: __clone + 0x44 (0x78f0b1344a64 in /lib/x86_64-linux-gnu/libc.so.6)

[rank7]:[W813 14:40:47.051043038 ProcessGroupNCCL.cpp:1900] [PG ID 0 PG GUID 0(default_pg) Rank 7] Failed to check the "should dump" flag on TCPStore, (maybe TCPStore server has shut down too early), with error: Broken pipe
[rank3]:[W813 14:40:47.209940634 TCPStore.cpp:106] [c10d] sendBytes failed on SocketImpl(fd=100, addr=[localhost]:49296, remote=[sgl-b300-inference.datacrunch.io]:33691): Broken pipe
Exception raised from sendBytes at /__w/pytorch/pytorch/torch/csrc/distributed/c10d/Utils.hpp:758 (most recent call first):
frame #0: c10::Error::Error(c10::SourceLocation, std::__cxx11::basic_string<char, std::char_traits<char>, std::allocator<char> >) + 0x9d (0x75604f96933d in /home/devuser/conda/envs/py312/lib/python3.12/site-packages/torch/lib/libc10.so)
frame #1: <unknown function> + 0x6811231 (0x755fadf5b231 in /home/devuser/conda/envs/py312/lib/python3.12/site-packages/torch/lib/libtorch_cpu.so)
frame #2: <unknown function> + 0x68123e1 (0x755fadf5c3e1 in /home/devuser/conda/envs/py312/lib/python3.12/site-packages/torch/lib/libtorch_cpu.so)
frame #3: <unknown function> + 0x681258d (0x755fadf5c58d in /home/devuser/conda/envs/py312/lib/python3.12/site-packages/torch/lib/libtorch_cpu.so)
frame #4: c10d::TCPStore::check(std::vector<std::__cxx11::basic_string<char, std::char_traits<char>, std::allocator<char> >, std::allocator<std::__cxx11::basic_string<char, std::char_traits<char>, std::allocator<char> > > > const&) + 0x35d (0x755fadf551dd in /home/devuser/conda/envs/py312/lib/python3.12/site-packages/torch/lib/libtorch_cpu.so)
frame #5: c10d::ProcessGroupNCCL::HeartbeatMonitor::runLoop() + 0x436 (0x755f89b8d0e6 in /home/devuser/conda/envs/py312/lib/python3.12/site-packages/torch/lib/libtorch_cuda.so)
frame #6: <unknown function> + 0xef5e4 (0x75604f4705e4 in /home/devuser/conda/envs/py312/bin/../lib/libstdc++.so.6)
frame #7: <unknown function> + 0x9caa4 (0x7560508c5aa4 in /lib/x86_64-linux-gnu/libc.so.6)
frame #8: __clone + 0x44 (0x756050952a64 in /lib/x86_64-linux-gnu/libc.so.6)

[rank3]:[W813 14:40:47.212747201 ProcessGroupNCCL.cpp:1900] [PG ID 0 PG GUID 0(default_pg) Rank 3] Failed to check the "should dump" flag on TCPStore, (maybe TCPStore server has shut down too early), with error: Broken pipe
[rank1]:[W813 14:40:47.249461978 TCPStore.cpp:106] [c10d] sendBytes failed on SocketImpl(fd=100, addr=[localhost]:49304, remote=[sgl-b300-inference.datacrunch.io]:33691): Broken pipe
Exception raised from sendBytes at /__w/pytorch/pytorch/torch/csrc/distributed/c10d/Utils.hpp:758 (most recent call first):
frame #0: c10::Error::Error(c10::SourceLocation, std::__cxx11::basic_string<char, std::char_traits<char>, std::allocator<char> >) + 0x9d (0x7d8dac76933d in /home/devuser/conda/envs/py312/lib/python3.12/site-packages/torch/lib/libc10.so)
frame #1: <unknown function> + 0x6811231 (0x7d8d0ad5b231 in /home/devuser/conda/envs/py312/lib/python3.12/site-packages/torch/lib/libtorch_cpu.so)
frame #2: <unknown function> + 0x68123e1 (0x7d8d0ad5c3e1 in /home/devuser/conda/envs/py312/lib/python3.12/site-packages/torch/lib/libtorch_cpu.so)
frame #3: <unknown function> + 0x681258d (0x7d8d0ad5c58d in /home/devuser/conda/envs/py312/lib/python3.12/site-packages/torch/lib/libtorch_cpu.so)
frame #4: c10d::TCPStore::check(std::vector<std::__cxx11::basic_string<char, std::char_traits<char>, std::allocator<char> >, std::allocator<std::__cxx11::basic_string<char, std::char_traits<char>, std::allocator<char> > > > const&) + 0x35d (0x7d8d0ad551dd in /home/devuser/conda/envs/py312/lib/python3.12/site-packages/torch/lib/libtorch_cpu.so)
frame #5: c10d::ProcessGroupNCCL::HeartbeatMonitor::runLoop() + 0x436 (0x7d8ce698d0e6 in /home/devuser/conda/envs/py312/lib/python3.12/site-packages/torch/lib/libtorch_cuda.so)
frame #6: <unknown function> + 0xef5e4 (0x7d8dac2705e4 in /home/devuser/conda/envs/py312/bin/../lib/libstdc++.so.6)
frame #7: <unknown function> + 0x9caa4 (0x7d8dad6c7aa4 in /lib/x86_64-linux-gnu/libc.so.6)
frame #8: __clone + 0x44 (0x7d8dad754a64 in /lib/x86_64-linux-gnu/libc.so.6)

[rank1]:[W813 14:40:47.251547515 ProcessGroupNCCL.cpp:1900] [PG ID 0 PG GUID 0(default_pg) Rank 1] Failed to check the "should dump" flag on TCPStore, (maybe TCPStore server has shut down too early), with error: Broken pipe
[rank0]:[W813 14:40:48.491776809 TCPStore.cpp:106] [c10d] sendBytes failed on SocketImpl(fd=100, addr=[localhost]:49270, remote=[sgl-b300-inference.datacrunch.io]:33691): Broken pipe
Exception raised from sendBytes at /__w/pytorch/pytorch/torch/csrc/distributed/c10d/Utils.hpp:758 (most recent call first):
frame #0: c10::Error::Error(c10::SourceLocation, std::__cxx11::basic_string<char, std::char_traits<char>, std::allocator<char> >) + 0x9d (0x76c6d456933d in /home/devuser/conda/envs/py312/lib/python3.12/site-packages/torch/lib/libc10.so)
frame #1: <unknown function> + 0x6811231 (0x76c66195b231 in /home/devuser/conda/envs/py312/lib/python3.12/site-packages/torch/lib/libtorch_cpu.so)
frame #2: <unknown function> + 0x68123e1 (0x76c66195c3e1 in /home/devuser/conda/envs/py312/lib/python3.12/site-packages/torch/lib/libtorch_cpu.so)
frame #3: <unknown function> + 0x681258d (0x76c66195c58d in /home/devuser/conda/envs/py312/lib/python3.12/site-packages/torch/lib/libtorch_cpu.so)
frame #4: c10d::TCPStore::check(std::vector<std::__cxx11::basic_string<char, std::char_traits<char>, std::allocator<char> >, std::allocator<std::__cxx11::basic_string<char, std::char_traits<char>, std::allocator<char> > > > const&) + 0x35d (0x76c6619551dd in /home/devuser/conda/envs/py312/lib/python3.12/site-packages/torch/lib/libtorch_cpu.so)
frame #5: c10d::ProcessGroupNCCL::HeartbeatMonitor::runLoop() + 0x436 (0x76c63d58d0e6 in /home/devuser/conda/envs/py312/lib/python3.12/site-packages/torch/lib/libtorch_cuda.so)
frame #6: <unknown function> + 0xef5e4 (0x76c702e705e4 in /home/devuser/conda/envs/py312/bin/../lib/libstdc++.so.6)
frame #7: <unknown function> + 0x9caa4 (0x76c70414faa4 in /lib/x86_64-linux-gnu/libc.so.6)
frame #8: __clone + 0x44 (0x76c7041dca64 in /lib/x86_64-linux-gnu/libc.so.6)

[rank0]:[W813 14:40:48.493887196 ProcessGroupNCCL.cpp:1900] [PG ID 0 PG GUID 0(default_pg) Rank 0] Failed to check the "should dump" flag on TCPStore, (maybe TCPStore server has shut down too early), with error: Broken pipe
[rank5]:[W813 14:40:48.699443224 TCPStore.cpp:106] [c10d] sendBytes failed on SocketImpl(fd=100, addr=[localhost]:49286, remote=[sgl-b300-inference.datacrunch.io]:33691): Broken pipe
Exception raised from sendBytes at /__w/pytorch/pytorch/torch/csrc/distributed/c10d/Utils.hpp:758 (most recent call first):
frame #0: c10::Error::Error(c10::SourceLocation, std::__cxx11::basic_string<char, std::char_traits<char>, std::allocator<char> >) + 0x9d (0x7dcf2856933d in /home/devuser/conda/envs/py312/lib/python3.12/site-packages/torch/lib/libc10.so)
frame #1: <unknown function> + 0x6811231 (0x7dce86b5b231 in /home/devuser/conda/envs/py312/lib/python3.12/site-packages/torch/lib/libtorch_cpu.so)
frame #2: <unknown function> + 0x68123e1 (0x7dce86b5c3e1 in /home/devuser/conda/envs/py312/lib/python3.12/site-packages/torch/lib/libtorch_cpu.so)
frame #3: <unknown function> + 0x681258d (0x7dce86b5c58d in /home/devuser/conda/envs/py312/lib/python3.12/site-packages/torch/lib/libtorch_cpu.so)
frame #4: c10d::TCPStore::check(std::vector<std::__cxx11::basic_string<char, std::char_traits<char>, std::allocator<char> >, std::allocator<std::__cxx11::basic_string<char, std::char_traits<char>, std::allocator<char> > > > const&) + 0x35d (0x7dce86b551dd in /home/devuser/conda/envs/py312/lib/python3.12/site-packages/torch/lib/libtorch_cpu.so)
frame #5: c10d::ProcessGroupNCCL::HeartbeatMonitor::runLoop() + 0x436 (0x7dce6278d0e6 in /home/devuser/conda/envs/py312/lib/python3.12/site-packages/torch/lib/libtorch_cuda.so)
frame #6: <unknown function> + 0xef5e4 (0x7dcf280705e4 in /home/devuser/conda/envs/py312/bin/../lib/libstdc++.so.6)
frame #7: <unknown function> + 0x9caa4 (0x7dcf29462aa4 in /lib/x86_64-linux-gnu/libc.so.6)
frame #8: __clone + 0x44 (0x7dcf294efa64 in /lib/x86_64-linux-gnu/libc.so.6)

[rank5]:[W813 14:40:48.702057275 ProcessGroupNCCL.cpp:1900] [PG ID 0 PG GUID 0(default_pg) Rank 5] Failed to check the "should dump" flag on TCPStore, (maybe TCPStore server has shut down too early), with error: Broken pipe
[rank6]:[W813 14:40:48.917605882 TCPStore.cpp:106] [c10d] sendBytes failed on SocketImpl(fd=100, addr=[localhost]:49280, remote=[sgl-b300-inference.datacrunch.io]:33691): Broken pipe
Exception raised from sendBytes at /__w/pytorch/pytorch/torch/csrc/distributed/c10d/Utils.hpp:758 (most recent call first):
frame #0: c10::Error::Error(c10::SourceLocation, std::__cxx11::basic_string<char, std::char_traits<char>, std::allocator<char> >) + 0x9d (0x79e54e76933d in /home/devuser/conda/envs/py312/lib/python3.12/site-packages/torch/lib/libc10.so)
frame #1: <unknown function> + 0x6811231 (0x79e4dbb5b231 in /home/devuser/conda/envs/py312/lib/python3.12/site-packages/torch/lib/libtorch_cpu.so)
frame #2: <unknown function> + 0x68123e1 (0x79e4dbb5c3e1 in /home/devuser/conda/envs/py312/lib/python3.12/site-packages/torch/lib/libtorch_cpu.so)
frame #3: <unknown function> + 0x681258d (0x79e4dbb5c58d in /home/devuser/conda/envs/py312/lib/python3.12/site-packages/torch/lib/libtorch_cpu.so)
frame #4: c10d::TCPStore::check(std::vector<std::__cxx11::basic_string<char, std::char_traits<char>, std::allocator<char> >, std::allocator<std::__cxx11::basic_string<char, std::char_traits<char>, std::allocator<char> > > > const&) + 0x35d (0x79e4dbb551dd in /home/devuser/conda/envs/py312/lib/python3.12/site-packages/torch/lib/libtorch_cpu.so)
frame #5: c10d::ProcessGroupNCCL::HeartbeatMonitor::runLoop() + 0x436 (0x79e4b778d0e6 in /home/devuser/conda/envs/py312/lib/python3.12/site-packages/torch/lib/libtorch_cuda.so)
frame #6: <unknown function> + 0xef5e4 (0x79e57d0705e4 in /home/devuser/conda/envs/py312/bin/../lib/libstdc++.so.6)
frame #7: <unknown function> + 0x9caa4 (0x79e57e3cdaa4 in /lib/x86_64-linux-gnu/libc.so.6)
frame #8: __clone + 0x44 (0x79e57e45aa64 in /lib/x86_64-linux-gnu/libc.so.6)

[rank6]:[W813 14:40:48.920520966 ProcessGroupNCCL.cpp:1900] [PG ID 0 PG GUID 0(default_pg) Rank 6] Failed to check the "should dump" flag on TCPStore, (maybe TCPStore server has shut down too early), with error: Broken pipe
[rank2]:[W813 14:40:48.949031170 TCPStore.cpp:106] [c10d] sendBytes failed on SocketImpl(fd=100, addr=[localhost]:49326, remote=[sgl-b300-inference.datacrunch.io]:33691): Broken pipe
Exception raised from sendBytes at /__w/pytorch/pytorch/torch/csrc/distributed/c10d/Utils.hpp:758 (most recent call first):
frame #0: c10::Error::Error(c10::SourceLocation, std::__cxx11::basic_string<char, std::char_traits<char>, std::allocator<char> >) + 0x9d (0x7dc559d6933d in /home/devuser/conda/envs/py312/lib/python3.12/site-packages/torch/lib/libc10.so)
frame #1: <unknown function> + 0x6811231 (0x7dc4b835b231 in /home/devuser/conda/envs/py312/lib/python3.12/site-packages/torch/lib/libtorch_cpu.so)
frame #2: <unknown function> + 0x68123e1 (0x7dc4b835c3e1 in /home/devuser/conda/envs/py312/lib/python3.12/site-packages/torch/lib/libtorch_cpu.so)
frame #3: <unknown function> + 0x681258d (0x7dc4b835c58d in /home/devuser/conda/envs/py312/lib/python3.12/site-packages/torch/lib/libtorch_cpu.so)
frame #4: c10d::TCPStore::check(std::vector<std::__cxx11::basic_string<char, std::char_traits<char>, std::allocator<char> >, std::allocator<std::__cxx11::basic_string<char, std::char_traits<char>, std::allocator<char> > > > const&) + 0x35d (0x7dc4b83551dd in /home/devuser/conda/envs/py312/lib/python3.12/site-packages/torch/lib/libtorch_cpu.so)
frame #5: c10d::ProcessGroupNCCL::HeartbeatMonitor::runLoop() + 0x436 (0x7dc493f8d0e6 in /home/devuser/conda/envs/py312/lib/python3.12/site-packages/torch/lib/libtorch_cuda.so)
frame #6: <unknown function> + 0xef5e4 (0x7dc5598705e4 in /home/devuser/conda/envs/py312/bin/../lib/libstdc++.so.6)
frame #7: <unknown function> + 0x9caa4 (0x7dc55ac7aaa4 in /lib/x86_64-linux-gnu/libc.so.6)
frame #8: __clone + 0x44 (0x7dc55ad07a64 in /lib/x86_64-linux-gnu/libc.so.6)

[rank2]:[W813 14:40:48.951218464 ProcessGroupNCCL.cpp:1900] [PG ID 0 PG GUID 0(default_pg) Rank 2] Failed to check the "should dump" flag on TCPStore, (maybe TCPStore server has shut down too early), with error: Broken pipe
[rank4]:[W813 14:40:48.985285670 TCPStore.cpp:106] [c10d] sendBytes failed on SocketImpl(fd=100, addr=[localhost]:49282, remote=[sgl-b300-inference.datacrunch.io]:33691): Broken pipe
Exception raised from sendBytes at /__w/pytorch/pytorch/torch/csrc/distributed/c10d/Utils.hpp:758 (most recent call first):
frame #0: c10::Error::Error(c10::SourceLocation, std::__cxx11::basic_string<char, std::char_traits<char>, std::allocator<char> >) + 0x9d (0x75c75ab6933d in /home/devuser/conda/envs/py312/lib/python3.12/site-packages/torch/lib/libc10.so)
frame #1: <unknown function> + 0x6811231 (0x75c6b915b231 in /home/devuser/conda/envs/py312/lib/python3.12/site-packages/torch/lib/libtorch_cpu.so)
frame #2: <unknown function> + 0x68123e1 (0x75c6b915c3e1 in /home/devuser/conda/envs/py312/lib/python3.12/site-packages/torch/lib/libtorch_cpu.so)
frame #3: <unknown function> + 0x681258d (0x75c6b915c58d in /home/devuser/conda/envs/py312/lib/python3.12/site-packages/torch/lib/libtorch_cpu.so)
frame #4: c10d::TCPStore::check(std::vector<std::__cxx11::basic_string<char, std::char_traits<char>, std::allocator<char> >, std::allocator<std::__cxx11::basic_string<char, std::char_traits<char>, std::allocator<char> > > > const&) + 0x35d (0x75c6b91551dd in /home/devuser/conda/envs/py312/lib/python3.12/site-packages/torch/lib/libtorch_cpu.so)
frame #5: c10d::ProcessGroupNCCL::HeartbeatMonitor::runLoop() + 0x436 (0x75c694d8d0e6 in /home/devuser/conda/envs/py312/lib/python3.12/site-packages/torch/lib/libtorch_cuda.so)
frame #6: <unknown function> + 0xef5e4 (0x75c75a6705e4 in /home/devuser/conda/envs/py312/bin/../lib/libstdc++.so.6)
frame #7: <unknown function> + 0x9caa4 (0x75c75ba7caa4 in /lib/x86_64-linux-gnu/libc.so.6)
frame #8: __clone + 0x44 (0x75c75bb09a64 in /lib/x86_64-linux-gnu/libc.so.6)

[rank4]:[W813 14:40:48.987394118 ProcessGroupNCCL.cpp:1900] [PG ID 0 PG GUID 0(default_pg) Rank 4] Failed to check the "should dump" flag on TCPStore, (maybe TCPStore server has shut down too early), with error: Broken pipe
[rank7]:[W813 14:40:48.051216221 TCPStore.cpp:106] [c10d] sendBytes failed on SocketImpl(fd=100, addr=[localhost]:49310, remote=[sgl-b300-inference.datacrunch.io]:33691): Broken pipe
Exception raised from sendBytes at /__w/pytorch/pytorch/torch/csrc/distributed/c10d/Utils.hpp:758 (most recent call first):
frame #0: c10::Error::Error(c10::SourceLocation, std::__cxx11::basic_string<char, std::char_traits<char>, std::allocator<char> >) + 0x9d (0x78f0b036933d in /home/devuser/conda/envs/py312/lib/python3.12/site-packages/torch/lib/libc10.so)
frame #1: <unknown function> + 0x6811231 (0x78f00e95b231 in /home/devuser/conda/envs/py312/lib/python3.12/site-packages/torch/lib/libtorch_cpu.so)
frame #2: <unknown function> + 0x68123e1 (0x78f00e95c3e1 in /home/devuser/conda/envs/py312/lib/python3.12/site-packages/torch/lib/libtorch_cpu.so)
frame #3: <unknown function> + 0x681258d (0x78f00e95c58d in /home/devuser/conda/envs/py312/lib/python3.12/site-packages/torch/lib/libtorch_cpu.so)
frame #4: c10d::TCPStore::check(std::vector<std::__cxx11::basic_string<char, std::char_traits<char>, std::allocator<char> >, std::allocator<std::__cxx11::basic_string<char, std::char_traits<char>, std::allocator<char> > > > const&) + 0x35d (0x78f00e9551dd in /home/devuser/conda/envs/py312/lib/python3.12/site-packages/torch/lib/libtorch_cpu.so)
frame #5: c10d::ProcessGroupNCCL::HeartbeatMonitor::runLoop() + 0x436 (0x78efea58d0e6 in /home/devuser/conda/envs/py312/lib/python3.12/site-packages/torch/lib/libtorch_cuda.so)
frame #6: <unknown function> + 0xef5e4 (0x78f0afe705e4 in /home/devuser/conda/envs/py312/bin/../lib/libstdc++.so.6)
frame #7: <unknown function> + 0x9caa4 (0x78f0b12b7aa4 in /lib/x86_64-linux-gnu/libc.so.6)
frame #8: __clone + 0x44 (0x78f0b1344a64 in /lib/x86_64-linux-gnu/libc.so.6)

[rank7]:[W813 14:40:48.053410904 ProcessGroupNCCL.cpp:1900] [PG ID 0 PG GUID 0(default_pg) Rank 7] Failed to check the "should dump" flag on TCPStore, (maybe TCPStore server has shut down too early), with error: Broken pipe
[rank3]:[W813 14:40:48.212917975 TCPStore.cpp:106] [c10d] sendBytes failed on SocketImpl(fd=100, addr=[localhost]:49296, remote=[sgl-b300-inference.datacrunch.io]:33691): Broken pipe
Exception raised from sendBytes at /__w/pytorch/pytorch/torch/csrc/distributed/c10d/Utils.hpp:758 (most recent call first):
frame #0: c10::Error::Error(c10::SourceLocation, std::__cxx11::basic_string<char, std::char_traits<char>, std::allocator<char> >) + 0x9d (0x75604f96933d in /home/devuser/conda/envs/py312/lib/python3.12/site-packages/torch/lib/libc10.so)
frame #1: <unknown function> + 0x6811231 (0x755fadf5b231 in /home/devuser/conda/envs/py312/lib/python3.12/site-packages/torch/lib/libtorch_cpu.so)
frame #2: <unknown function> + 0x68123e1 (0x755fadf5c3e1 in /home/devuser/conda/envs/py312/lib/python3.12/site-packages/torch/lib/libtorch_cpu.so)
frame #3: <unknown function> + 0x681258d (0x755fadf5c58d in /home/devuser/conda/envs/py312/lib/python3.12/site-packages/torch/lib/libtorch_cpu.so)
frame #4: c10d::TCPStore::check(std::vector<std::__cxx11::basic_string<char, std::char_traits<char>, std::allocator<char> >, std::allocator<std::__cxx11::basic_string<char, std::char_traits<char>, std::allocator<char> > > > const&) + 0x35d (0x755fadf551dd in /home/devuser/conda/envs/py312/lib/python3.12/site-packages/torch/lib/libtorch_cpu.so)
frame #5: c10d::ProcessGroupNCCL::HeartbeatMonitor::runLoop() + 0x436 (0x755f89b8d0e6 in /home/devuser/conda/envs/py312/lib/python3.12/site-packages/torch/lib/libtorch_cuda.so)
frame #6: <unknown function> + 0xef5e4 (0x75604f4705e4 in /home/devuser/conda/envs/py312/bin/../lib/libstdc++.so.6)
frame #7: <unknown function> + 0x9caa4 (0x7560508c5aa4 in /lib/x86_64-linux-gnu/libc.so.6)
frame #8: __clone + 0x44 (0x756050952a64 in /lib/x86_64-linux-gnu/libc.so.6)

[rank3]:[W813 14:40:48.215078910 ProcessGroupNCCL.cpp:1900] [PG ID 0 PG GUID 0(default_pg) Rank 3] Failed to check the "should dump" flag on TCPStore, (maybe TCPStore server has shut down too early), with error: Broken pipe
[rank1]:[W813 14:40:48.253738100 TCPStore.cpp:106] [c10d] sendBytes failed on SocketImpl(fd=100, addr=[localhost]:49304, remote=[sgl-b300-inference.datacrunch.io]:33691): Broken pipe
Exception raised from sendBytes at /__w/pytorch/pytorch/torch/csrc/distributed/c10d/Utils.hpp:758 (most recent call first):
frame #0: c10::Error::Error(c10::SourceLocation, std::__cxx11::basic_string<char, std::char_traits<char>, std::allocator<char> >) + 0x9d (0x7d8dac76933d in /home/devuser/conda/envs/py312/lib/python3.12/site-packages/torch/lib/libc10.so)
frame #1: <unknown function> + 0x6811231 (0x7d8d0ad5b231 in /home/devuser/conda/envs/py312/lib/python3.12/site-packages/torch/lib/libtorch_cpu.so)
frame #2: <unknown function> + 0x68123e1 (0x7d8d0ad5c3e1 in /home/devuser/conda/envs/py312/lib/python3.12/site-packages/torch/lib/libtorch_cpu.so)
frame #3: <unknown function> + 0x681258d (0x7d8d0ad5c58d in /home/devuser/conda/envs/py312/lib/python3.12/site-packages/torch/lib/libtorch_cpu.so)
frame #4: c10d::TCPStore::check(std::vector<std::__cxx11::basic_string<char, std::char_traits<char>, std::allocator<char> >, std::allocator<std::__cxx11::basic_string<char, std::char_traits<char>, std::allocator<char> > > > const&) + 0x35d (0x7d8d0ad551dd in /home/devuser/conda/envs/py312/lib/python3.12/site-packages/torch/lib/libtorch_cpu.so)
frame #5: c10d::ProcessGroupNCCL::HeartbeatMonitor::runLoop() + 0x436 (0x7d8ce698d0e6 in /home/devuser/conda/envs/py312/lib/python3.12/site-packages/torch/lib/libtorch_cuda.so)
frame #6: <unknown function> + 0xef5e4 (0x7d8dac2705e4 in /home/devuser/conda/envs/py312/bin/../lib/libstdc++.so.6)
frame #7: <unknown function> + 0x9caa4 (0x7d8dad6c7aa4 in /lib/x86_64-linux-gnu/libc.so.6)
frame #8: __clone + 0x44 (0x7d8dad754a64 in /lib/x86_64-linux-gnu/libc.so.6)

[rank1]:[W813 14:40:48.255809187 ProcessGroupNCCL.cpp:1900] [PG ID 0 PG GUID 0(default_pg) Rank 1] Failed to check the "should dump" flag on TCPStore, (maybe TCPStore server has shut down too early), with error: Broken pipe
[rank0]:[W813 14:40:49.494079653 TCPStore.cpp:106] [c10d] sendBytes failed on SocketImpl(fd=100, addr=[localhost]:49270, remote=[sgl-b300-inference.datacrunch.io]:33691): Broken pipe
Exception raised from sendBytes at /__w/pytorch/pytorch/torch/csrc/distributed/c10d/Utils.hpp:758 (most recent call first):
frame #0: c10::Error::Error(c10::SourceLocation, std::__cxx11::basic_string<char, std::char_traits<char>, std::allocator<char> >) + 0x9d (0x76c6d456933d in /home/devuser/conda/envs/py312/lib/python3.12/site-packages/torch/lib/libc10.so)
frame #1: <unknown function> + 0x6811231 (0x76c66195b231 in /home/devuser/conda/envs/py312/lib/python3.12/site-packages/torch/lib/libtorch_cpu.so)
frame #2: <unknown function> + 0x68123e1 (0x76c66195c3e1 in /home/devuser/conda/envs/py312/lib/python3.12/site-packages/torch/lib/libtorch_cpu.so)
frame #3: <unknown function> + 0x681258d (0x76c66195c58d in /home/devuser/conda/envs/py312/lib/python3.12/site-packages/torch/lib/libtorch_cpu.so)
frame #4: c10d::TCPStore::check(std::vector<std::__cxx11::basic_string<char, std::char_traits<char>, std::allocator<char> >, std::allocator<std::__cxx11::basic_string<char, std::char_traits<char>, std::allocator<char> > > > const&) + 0x35d (0x76c6619551dd in /home/devuser/conda/envs/py312/lib/python3.12/site-packages/torch/lib/libtorch_cpu.so)
frame #5: c10d::ProcessGroupNCCL::HeartbeatMonitor::runLoop() + 0x436 (0x76c63d58d0e6 in /home/devuser/conda/envs/py312/lib/python3.12/site-packages/torch/lib/libtorch_cuda.so)
frame #6: <unknown function> + 0xef5e4 (0x76c702e705e4 in /home/devuser/conda/envs/py312/bin/../lib/libstdc++.so.6)
frame #7: <unknown function> + 0x9caa4 (0x76c70414faa4 in /lib/x86_64-linux-gnu/libc.so.6)
frame #8: __clone + 0x44 (0x76c7041dca64 in /lib/x86_64-linux-gnu/libc.so.6)

[rank0]:[W813 14:40:49.497398723 ProcessGroupNCCL.cpp:1900] [PG ID 0 PG GUID 0(default_pg) Rank 0] Failed to check the "should dump" flag on TCPStore, (maybe TCPStore server has shut down too early), with error: Broken pipe
[rank5]:[W813 14:40:49.702223274 TCPStore.cpp:106] [c10d] sendBytes failed on SocketImpl(fd=100, addr=[localhost]:49286, remote=[sgl-b300-inference.datacrunch.io]:33691): Broken pipe
Exception raised from sendBytes at /__w/pytorch/pytorch/torch/csrc/distributed/c10d/Utils.hpp:758 (most recent call first):
frame #0: c10::Error::Error(c10::SourceLocation, std::__cxx11::basic_string<char, std::char_traits<char>, std::allocator<char> >) + 0x9d (0x7dcf2856933d in /home/devuser/conda/envs/py312/lib/python3.12/site-packages/torch/lib/libc10.so)
frame #1: <unknown function> + 0x6811231 (0x7dce86b5b231 in /home/devuser/conda/envs/py312/lib/python3.12/site-packages/torch/lib/libtorch_cpu.so)
frame #2: <unknown function> + 0x68123e1 (0x7dce86b5c3e1 in /home/devuser/conda/envs/py312/lib/python3.12/site-packages/torch/lib/libtorch_cpu.so)
frame #3: <unknown function> + 0x681258d (0x7dce86b5c58d in /home/devuser/conda/envs/py312/lib/python3.12/site-packages/torch/lib/libtorch_cpu.so)
frame #4: c10d::TCPStore::check(std::vector<std::__cxx11::basic_string<char, std::char_traits<char>, std::allocator<char> >, std::allocator<std::__cxx11::basic_string<char, std::char_traits<char>, std::allocator<char> > > > const&) + 0x35d (0x7dce86b551dd in /home/devuser/conda/envs/py312/lib/python3.12/site-packages/torch/lib/libtorch_cpu.so)
frame #5: c10d::ProcessGroupNCCL::HeartbeatMonitor::runLoop() + 0x436 (0x7dce6278d0e6 in /home/devuser/conda/envs/py312/lib/python3.12/site-packages/torch/lib/libtorch_cuda.so)
frame #6: <unknown function> + 0xef5e4 (0x7dcf280705e4 in /home/devuser/conda/envs/py312/bin/../lib/libstdc++.so.6)
frame #7: <unknown function> + 0x9caa4 (0x7dcf29462aa4 in /lib/x86_64-linux-gnu/libc.so.6)
frame #8: __clone + 0x44 (0x7dcf294efa64 in /lib/x86_64-linux-gnu/libc.so.6)

[rank5]:[W813 14:40:49.704831686 ProcessGroupNCCL.cpp:1900] [PG ID 0 PG GUID 0(default_pg) Rank 5] Failed to check the "should dump" flag on TCPStore, (maybe TCPStore server has shut down too early), with error: Broken pipe
[rank6]:[W813 14:40:49.920680067 TCPStore.cpp:106] [c10d] sendBytes failed on SocketImpl(fd=100, addr=[localhost]:49280, remote=[sgl-b300-inference.datacrunch.io]:33691): Broken pipe
Exception raised from sendBytes at /__w/pytorch/pytorch/torch/csrc/distributed/c10d/Utils.hpp:758 (most recent call first):
frame #0: c10::Error::Error(c10::SourceLocation, std::__cxx11::basic_string<char, std::char_traits<char>, std::allocator<char> >) + 0x9d (0x79e54e76933d in /home/devuser/conda/envs/py312/lib/python3.12/site-packages/torch/lib/libc10.so)
frame #1: <unknown function> + 0x6811231 (0x79e4dbb5b231 in /home/devuser/conda/envs/py312/lib/python3.12/site-packages/torch/lib/libtorch_cpu.so)
frame #2: <unknown function> + 0x68123e1 (0x79e4dbb5c3e1 in /home/devuser/conda/envs/py312/lib/python3.12/site-packages/torch/lib/libtorch_cpu.so)
frame #3: <unknown function> + 0x681258d (0x79e4dbb5c58d in /home/devuser/conda/envs/py312/lib/python3.12/site-packages/torch/lib/libtorch_cpu.so)
frame #4: c10d::TCPStore::check(std::vector<std::__cxx11::basic_string<char, std::char_traits<char>, std::allocator<char> >, std::allocator<std::__cxx11::basic_string<char, std::char_traits<char>, std::allocator<char> > > > const&) + 0x35d (0x79e4dbb551dd in /home/devuser/conda/envs/py312/lib/python3.12/site-packages/torch/lib/libtorch_cpu.so)
frame #5: c10d::ProcessGroupNCCL::HeartbeatMonitor::runLoop() + 0x436 (0x79e4b778d0e6 in /home/devuser/conda/envs/py312/lib/python3.12/site-packages/torch/lib/libtorch_cuda.so)
frame #6: <unknown function> + 0xef5e4 (0x79e57d0705e4 in /home/devuser/conda/envs/py312/bin/../lib/libstdc++.so.6)
frame #7: <unknown function> + 0x9caa4 (0x79e57e3cdaa4 in /lib/x86_64-linux-gnu/libc.so.6)
frame #8: __clone + 0x44 (0x79e57e45aa64 in /lib/x86_64-linux-gnu/libc.so.6)

[rank6]:[W813 14:40:49.922827732 ProcessGroupNCCL.cpp:1900] [PG ID 0 PG GUID 0(default_pg) Rank 6] Failed to check the "should dump" flag on TCPStore, (maybe TCPStore server has shut down too early), with error: Broken pipe
[rank2]:[W813 14:40:49.951427614 TCPStore.cpp:106] [c10d] sendBytes failed on SocketImpl(fd=100, addr=[localhost]:49326, remote=[sgl-b300-inference.datacrunch.io]:33691): Broken pipe
Exception raised from sendBytes at /__w/pytorch/pytorch/torch/csrc/distributed/c10d/Utils.hpp:758 (most recent call first):
frame #0: c10::Error::Error(c10::SourceLocation, std::__cxx11::basic_string<char, std::char_traits<char>, std::allocator<char> >) + 0x9d (0x7dc559d6933d in /home/devuser/conda/envs/py312/lib/python3.12/site-packages/torch/lib/libc10.so)
frame #1: <unknown function> + 0x6811231 (0x7dc4b835b231 in /home/devuser/conda/envs/py312/lib/python3.12/site-packages/torch/lib/libtorch_cpu.so)
frame #2: <unknown function> + 0x68123e1 (0x7dc4b835c3e1 in /home/devuser/conda/envs/py312/lib/python3.12/site-packages/torch/lib/libtorch_cpu.so)
frame #3: <unknown function> + 0x681258d (0x7dc4b835c58d in /home/devuser/conda/envs/py312/lib/python3.12/site-packages/torch/lib/libtorch_cpu.so)
frame #4: c10d::TCPStore::check(std::vector<std::__cxx11::basic_string<char, std::char_traits<char>, std::allocator<char> >, std::allocator<std::__cxx11::basic_string<char, std::char_traits<char>, std::allocator<char> > > > const&) + 0x35d (0x7dc4b83551dd in /home/devuser/conda/envs/py312/lib/python3.12/site-packages/torch/lib/libtorch_cpu.so)
frame #5: c10d::ProcessGroupNCCL::HeartbeatMonitor::runLoop() + 0x436 (0x7dc493f8d0e6 in /home/devuser/conda/envs/py312/lib/python3.12/site-packages/torch/lib/libtorch_cuda.so)
frame #6: <unknown function> + 0xef5e4 (0x7dc5598705e4 in /home/devuser/conda/envs/py312/bin/../lib/libstdc++.so.6)
frame #7: <unknown function> + 0x9caa4 (0x7dc55ac7aaa4 in /lib/x86_64-linux-gnu/libc.so.6)
frame #8: __clone + 0x44 (0x7dc55ad07a64 in /lib/x86_64-linux-gnu/libc.so.6)

[rank2]:[W813 14:40:49.953726295 ProcessGroupNCCL.cpp:1900] [PG ID 0 PG GUID 0(default_pg) Rank 2] Failed to check the "should dump" flag on TCPStore, (maybe TCPStore server has shut down too early), with error: Broken pipe
[rank4]:[W813 14:40:49.987549869 TCPStore.cpp:106] [c10d] sendBytes failed on SocketImpl(fd=100, addr=[localhost]:49282, remote=[sgl-b300-inference.datacrunch.io]:33691): Broken pipe
Exception raised from sendBytes at /__w/pytorch/pytorch/torch/csrc/distributed/c10d/Utils.hpp:758 (most recent call first):
frame #0: c10::Error::Error(c10::SourceLocation, std::__cxx11::basic_string<char, std::char_traits<char>, std::allocator<char> >) + 0x9d (0x75c75ab6933d in /home/devuser/conda/envs/py312/lib/python3.12/site-packages/torch/lib/libc10.so)
frame #1: <unknown function> + 0x6811231 (0x75c6b915b231 in /home/devuser/conda/envs/py312/lib/python3.12/site-packages/torch/lib/libtorch_cpu.so)
frame #2: <unknown function> + 0x68123e1 (0x75c6b915c3e1 in /home/devuser/conda/envs/py312/lib/python3.12/site-packages/torch/lib/libtorch_cpu.so)
frame #3: <unknown function> + 0x681258d (0x75c6b915c58d in /home/devuser/conda/envs/py312/lib/python3.12/site-packages/torch/lib/libtorch_cpu.so)
frame #4: c10d::TCPStore::check(std::vector<std::__cxx11::basic_string<char, std::char_traits<char>, std::allocator<char> >, std::allocator<std::__cxx11::basic_string<char, std::char_traits<char>, std::allocator<char> > > > const&) + 0x35d (0x75c6b91551dd in /home/devuser/conda/envs/py312/lib/python3.12/site-packages/torch/lib/libtorch_cpu.so)
frame #5: c10d::ProcessGroupNCCL::HeartbeatMonitor::runLoop() + 0x436 (0x75c694d8d0e6 in /home/devuser/conda/envs/py312/lib/python3.12/site-packages/torch/lib/libtorch_cuda.so)
frame #6: <unknown function> + 0xef5e4 (0x75c75a6705e4 in /home/devuser/conda/envs/py312/bin/../lib/libstdc++.so.6)
frame #7: <unknown function> + 0x9caa4 (0x75c75ba7caa4 in /lib/x86_64-linux-gnu/libc.so.6)
frame #8: __clone + 0x44 (0x75c75bb09a64 in /lib/x86_64-linux-gnu/libc.so.6)

[rank4]:[W813 14:40:49.990385044 ProcessGroupNCCL.cpp:1900] [PG ID 0 PG GUID 0(default_pg) Rank 4] Failed to check the "should dump" flag on TCPStore, (maybe TCPStore server has shut down too early), with error: Broken pipe
[rank7]:[W813 14:40:49.053541638 TCPStore.cpp:106] [c10d] sendBytes failed on SocketImpl(fd=100, addr=[localhost]:49310, remote=[sgl-b300-inference.datacrunch.io]:33691): Broken pipe
Exception raised from sendBytes at /__w/pytorch/pytorch/torch/csrc/distributed/c10d/Utils.hpp:758 (most recent call first):
frame #0: c10::Error::Error(c10::SourceLocation, std::__cxx11::basic_string<char, std::char_traits<char>, std::allocator<char> >) + 0x9d (0x78f0b036933d in /home/devuser/conda/envs/py312/lib/python3.12/site-packages/torch/lib/libc10.so)
frame #1: <unknown function> + 0x6811231 (0x78f00e95b231 in /home/devuser/conda/envs/py312/lib/python3.12/site-packages/torch/lib/libtorch_cpu.so)
frame #2: <unknown function> + 0x68123e1 (0x78f00e95c3e1 in /home/devuser/conda/envs/py312/lib/python3.12/site-packages/torch/lib/libtorch_cpu.so)
frame #3: <unknown function> + 0x681258d (0x78f00e95c58d in /home/devuser/conda/envs/py312/lib/python3.12/site-packages/torch/lib/libtorch_cpu.so)
frame #4: c10d::TCPStore::check(std::vector<std::__cxx11::basic_string<char, std::char_traits<char>, std::allocator<char> >, std::allocator<std::__cxx11::basic_string<char, std::char_traits<char>, std::allocator<char> > > > const&) + 0x35d (0x78f00e9551dd in /home/devuser/conda/envs/py312/lib/python3.12/site-packages/torch/lib/libtorch_cpu.so)
frame #5: c10d::ProcessGroupNCCL::HeartbeatMonitor::runLoop() + 0x436 (0x78efea58d0e6 in /home/devuser/conda/envs/py312/lib/python3.12/site-packages/torch/lib/libtorch_cuda.so)
frame #6: <unknown function> + 0xef5e4 (0x78f0afe705e4 in /home/devuser/conda/envs/py312/bin/../lib/libstdc++.so.6)
frame #7: <unknown function> + 0x9caa4 (0x78f0b12b7aa4 in /lib/x86_64-linux-gnu/libc.so.6)
frame #8: __clone + 0x44 (0x78f0b1344a64 in /lib/x86_64-linux-gnu/libc.so.6)

[rank7]:[W813 14:40:49.055534878 ProcessGroupNCCL.cpp:1900] [PG ID 0 PG GUID 0(default_pg) Rank 7] Failed to check the "should dump" flag on TCPStore, (maybe TCPStore server has shut down too early), with error: Broken pipe
[rank3]:[W813 14:40:49.215235434 TCPStore.cpp:106] [c10d] sendBytes failed on SocketImpl(fd=100, addr=[localhost]:49296, remote=[sgl-b300-inference.datacrunch.io]:33691): Broken pipe
Exception raised from sendBytes at /__w/pytorch/pytorch/torch/csrc/distributed/c10d/Utils.hpp:758 (most recent call first):
frame #0: c10::Error::Error(c10::SourceLocation, std::__cxx11::basic_string<char, std::char_traits<char>, std::allocator<char> >) + 0x9d (0x75604f96933d in /home/devuser/conda/envs/py312/lib/python3.12/site-packages/torch/lib/libc10.so)
frame #1: <unknown function> + 0x6811231 (0x755fadf5b231 in /home/devuser/conda/envs/py312/lib/python3.12/site-packages/torch/lib/libtorch_cpu.so)
frame #2: <unknown function> + 0x68123e1 (0x755fadf5c3e1 in /home/devuser/conda/envs/py312/lib/python3.12/site-packages/torch/lib/libtorch_cpu.so)
frame #3: <unknown function> + 0x681258d (0x755fadf5c58d in /home/devuser/conda/envs/py312/lib/python3.12/site-packages/torch/lib/libtorch_cpu.so)
frame #4: c10d::TCPStore::check(std::vector<std::__cxx11::basic_string<char, std::char_traits<char>, std::allocator<char> >, std::allocator<std::__cxx11::basic_string<char, std::char_traits<char>, std::allocator<char> > > > const&) + 0x35d (0x755fadf551dd in /home/devuser/conda/envs/py312/lib/python3.12/site-packages/torch/lib/libtorch_cpu.so)
frame #5: c10d::ProcessGroupNCCL::HeartbeatMonitor::runLoop() + 0x436 (0x755f89b8d0e6 in /home/devuser/conda/envs/py312/lib/python3.12/site-packages/torch/lib/libtorch_cuda.so)
frame #6: <unknown function> + 0xef5e4 (0x75604f4705e4 in /home/devuser/conda/envs/py312/bin/../lib/libstdc++.so.6)
frame #7: <unknown function> + 0x9caa4 (0x7560508c5aa4 in /lib/x86_64-linux-gnu/libc.so.6)
frame #8: __clone + 0x44 (0x756050952a64 in /lib/x86_64-linux-gnu/libc.so.6)

[rank3]:[W813 14:40:49.217464217 ProcessGroupNCCL.cpp:1900] [PG ID 0 PG GUID 0(default_pg) Rank 3] Failed to check the "should dump" flag on TCPStore, (maybe TCPStore server has shut down too early), with error: Broken pipe
[rank1]:[W813 14:40:49.255980811 TCPStore.cpp:106] [c10d] sendBytes failed on SocketImpl(fd=100, addr=[localhost]:49304, remote=[sgl-b300-inference.datacrunch.io]:33691): Broken pipe
Exception raised from sendBytes at /__w/pytorch/pytorch/torch/csrc/distributed/c10d/Utils.hpp:758 (most recent call first):
frame #0: c10::Error::Error(c10::SourceLocation, std::__cxx11::basic_string<char, std::char_traits<char>, std::allocator<char> >) + 0x9d (0x7d8dac76933d in /home/devuser/conda/envs/py312/lib/python3.12/site-packages/torch/lib/libc10.so)
frame #1: <unknown function> + 0x6811231 (0x7d8d0ad5b231 in /home/devuser/conda/envs/py312/lib/python3.12/site-packages/torch/lib/libtorch_cpu.so)
frame #2: <unknown function> + 0x68123e1 (0x7d8d0ad5c3e1 in /home/devuser/conda/envs/py312/lib/python3.12/site-packages/torch/lib/libtorch_cpu.so)
frame #3: <unknown function> + 0x681258d (0x7d8d0ad5c58d in /home/devuser/conda/envs/py312/lib/python3.12/site-packages/torch/lib/libtorch_cpu.so)
frame #4: c10d::TCPStore::check(std::vector<std::__cxx11::basic_string<char, std::char_traits<char>, std::allocator<char> >, std::allocator<std::__cxx11::basic_string<char, std::char_traits<char>, std::allocator<char> > > > const&) + 0x35d (0x7d8d0ad551dd in /home/devuser/conda/envs/py312/lib/python3.12/site-packages/torch/lib/libtorch_cpu.so)
frame #5: c10d::ProcessGroupNCCL::HeartbeatMonitor::runLoop() + 0x436 (0x7d8ce698d0e6 in /home/devuser/conda/envs/py312/lib/python3.12/site-packages/torch/lib/libtorch_cuda.so)
frame #6: <unknown function> + 0xef5e4 (0x7d8dac2705e4 in /home/devuser/conda/envs/py312/bin/../lib/libstdc++.so.6)
frame #7: <unknown function> + 0x9caa4 (0x7d8dad6c7aa4 in /lib/x86_64-linux-gnu/libc.so.6)
frame #8: __clone + 0x44 (0x7d8dad754a64 in /lib/x86_64-linux-gnu/libc.so.6)

[rank1]:[W813 14:40:49.258040209 ProcessGroupNCCL.cpp:1900] [PG ID 0 PG GUID 0(default_pg) Rank 1] Failed to check the "should dump" flag on TCPStore, (maybe TCPStore server has shut down too early), with error: Broken pipe
[rank0]:[W813 14:40:50.497673416 TCPStore.cpp:106] [c10d] sendBytes failed on SocketImpl(fd=100, addr=[localhost]:49270, remote=[sgl-b300-inference.datacrunch.io]:33691): Broken pipe
Exception raised from sendBytes at /__w/pytorch/pytorch/torch/csrc/distributed/c10d/Utils.hpp:758 (most recent call first):
frame #0: c10::Error::Error(c10::SourceLocation, std::__cxx11::basic_string<char, std::char_traits<char>, std::allocator<char> >) + 0x9d (0x76c6d456933d in /home/devuser/conda/envs/py312/lib/python3.12/site-packages/torch/lib/libc10.so)
frame #1: <unknown function> + 0x6811231 (0x76c66195b231 in /home/devuser/conda/envs/py312/lib/python3.12/site-packages/torch/lib/libtorch_cpu.so)
frame #2: <unknown function> + 0x68123e1 (0x76c66195c3e1 in /home/devuser/conda/envs/py312/lib/python3.12/site-packages/torch/lib/libtorch_cpu.so)
frame #3: <unknown function> + 0x681258d (0x76c66195c58d in /home/devuser/conda/envs/py312/lib/python3.12/site-packages/torch/lib/libtorch_cpu.so)
frame #4: c10d::TCPStore::check(std::vector<std::__cxx11::basic_string<char, std::char_traits<char>, std::allocator<char> >, std::allocator<std::__cxx11::basic_string<char, std::char_traits<char>, std::allocator<char> > > > const&) + 0x35d (0x76c6619551dd in /home/devuser/conda/envs/py312/lib/python3.12/site-packages/torch/lib/libtorch_cpu.so)
frame #5: c10d::ProcessGroupNCCL::HeartbeatMonitor::runLoop() + 0x436 (0x76c63d58d0e6 in /home/devuser/conda/envs/py312/lib/python3.12/site-packages/torch/lib/libtorch_cuda.so)
frame #6: <unknown function> + 0xef5e4 (0x76c702e705e4 in /home/devuser/conda/envs/py312/bin/../lib/libstdc++.so.6)
frame #7: <unknown function> + 0x9caa4 (0x76c70414faa4 in /lib/x86_64-linux-gnu/libc.so.6)
frame #8: __clone + 0x44 (0x76c7041dca64 in /lib/x86_64-linux-gnu/libc.so.6)

[rank0]:[W813 14:40:50.501015136 ProcessGroupNCCL.cpp:1900] [PG ID 0 PG GUID 0(default_pg) Rank 0] Failed to check the "should dump" flag on TCPStore, (maybe TCPStore server has shut down too early), with error: Broken pipe
[rank5]:[W813 14:40:50.704995195 TCPStore.cpp:106] [c10d] sendBytes failed on SocketImpl(fd=100, addr=[localhost]:49286, remote=[sgl-b300-inference.datacrunch.io]:33691): Broken pipe
Exception raised from sendBytes at /__w/pytorch/pytorch/torch/csrc/distributed/c10d/Utils.hpp:758 (most recent call first):
frame #0: c10::Error::Error(c10::SourceLocation, std::__cxx11::basic_string<char, std::char_traits<char>, std::allocator<char> >) + 0x9d (0x7dcf2856933d in /home/devuser/conda/envs/py312/lib/python3.12/site-packages/torch/lib/libc10.so)
frame #1: <unknown function> + 0x6811231 (0x7dce86b5b231 in /home/devuser/conda/envs/py312/lib/python3.12/site-packages/torch/lib/libtorch_cpu.so)
frame #2: <unknown function> + 0x68123e1 (0x7dce86b5c3e1 in /home/devuser/conda/envs/py312/lib/python3.12/site-packages/torch/lib/libtorch_cpu.so)
frame #3: <unknown function> + 0x681258d (0x7dce86b5c58d in /home/devuser/conda/envs/py312/lib/python3.12/site-packages/torch/lib/libtorch_cpu.so)
frame #4: c10d::TCPStore::check(std::vector<std::__cxx11::basic_string<char, std::char_traits<char>, std::allocator<char> >, std::allocator<std::__cxx11::basic_string<char, std::char_traits<char>, std::allocator<char> > > > const&) + 0x35d (0x7dce86b551dd in /home/devuser/conda/envs/py312/lib/python3.12/site-packages/torch/lib/libtorch_cpu.so)
frame #5: c10d::ProcessGroupNCCL::HeartbeatMonitor::runLoop() + 0x436 (0x7dce6278d0e6 in /home/devuser/conda/envs/py312/lib/python3.12/site-packages/torch/lib/libtorch_cuda.so)
frame #6: <unknown function> + 0xef5e4 (0x7dcf280705e4 in /home/devuser/conda/envs/py312/bin/../lib/libstdc++.so.6)
frame #7: <unknown function> + 0x9caa4 (0x7dcf29462aa4 in /lib/x86_64-linux-gnu/libc.so.6)
frame #8: __clone + 0x44 (0x7dcf294efa64 in /lib/x86_64-linux-gnu/libc.so.6)

[rank5]:[W813 14:40:50.708806560 ProcessGroupNCCL.cpp:1900] [PG ID 0 PG GUID 0(default_pg) Rank 5] Failed to check the "should dump" flag on TCPStore, (maybe TCPStore server has shut down too early), with error: Broken pipe
[rank6]:[W813 14:40:50.923035561 TCPStore.cpp:106] [c10d] sendBytes failed on SocketImpl(fd=100, addr=[localhost]:49280, remote=[sgl-b300-inference.datacrunch.io]:33691): Broken pipe
Exception raised from sendBytes at /__w/pytorch/pytorch/torch/csrc/distributed/c10d/Utils.hpp:758 (most recent call first):
frame #0: c10::Error::Error(c10::SourceLocation, std::__cxx11::basic_string<char, std::char_traits<char>, std::allocator<char> >) + 0x9d (0x79e54e76933d in /home/devuser/conda/envs/py312/lib/python3.12/site-packages/torch/lib/libc10.so)
frame #1: <unknown function> + 0x6811231 (0x79e4dbb5b231 in /home/devuser/conda/envs/py312/lib/python3.12/site-packages/torch/lib/libtorch_cpu.so)
frame #2: <unknown function> + 0x68123e1 (0x79e4dbb5c3e1 in /home/devuser/conda/envs/py312/lib/python3.12/site-packages/torch/lib/libtorch_cpu.so)
frame #3: <unknown function> + 0x681258d (0x79e4dbb5c58d in /home/devuser/conda/envs/py312/lib/python3.12/site-packages/torch/lib/libtorch_cpu.so)
frame #4: c10d::TCPStore::check(std::vector<std::__cxx11::basic_string<char, std::char_traits<char>, std::allocator<char> >, std::allocator<std::__cxx11::basic_string<char, std::char_traits<char>, std::allocator<char> > > > const&) + 0x35d (0x79e4dbb551dd in /home/devuser/conda/envs/py312/lib/python3.12/site-packages/torch/lib/libtorch_cpu.so)
frame #5: c10d::ProcessGroupNCCL::HeartbeatMonitor::runLoop() + 0x436 (0x79e4b778d0e6 in /home/devuser/conda/envs/py312/lib/python3.12/site-packages/torch/lib/libtorch_cuda.so)
frame #6: <unknown function> + 0xef5e4 (0x79e57d0705e4 in /home/devuser/conda/envs/py312/bin/../lib/libstdc++.so.6)
frame #7: <unknown function> + 0x9caa4 (0x79e57e3cdaa4 in /lib/x86_64-linux-gnu/libc.so.6)
frame #8: __clone + 0x44 (0x79e57e45aa64 in /lib/x86_64-linux-gnu/libc.so.6)

[rank6]:[W813 14:40:50.925464588 ProcessGroupNCCL.cpp:1900] [PG ID 0 PG GUID 0(default_pg) Rank 6] Failed to check the "should dump" flag on TCPStore, (maybe TCPStore server has shut down too early), with error: Broken pipe
[rank2]:[W813 14:40:50.953898915 TCPStore.cpp:106] [c10d] sendBytes failed on SocketImpl(fd=100, addr=[localhost]:49326, remote=[sgl-b300-inference.datacrunch.io]:33691): Broken pipe
Exception raised from sendBytes at /__w/pytorch/pytorch/torch/csrc/distributed/c10d/Utils.hpp:758 (most recent call first):
frame #0: c10::Error::Error(c10::SourceLocation, std::__cxx11::basic_string<char, std::char_traits<char>, std::allocator<char> >) + 0x9d (0x7dc559d6933d in /home/devuser/conda/envs/py312/lib/python3.12/site-packages/torch/lib/libc10.so)
frame #1: <unknown function> + 0x6811231 (0x7dc4b835b231 in /home/devuser/conda/envs/py312/lib/python3.12/site-packages/torch/lib/libtorch_cpu.so)
frame #2: <unknown function> + 0x68123e1 (0x7dc4b835c3e1 in /home/devuser/conda/envs/py312/lib/python3.12/site-packages/torch/lib/libtorch_cpu.so)
frame #3: <unknown function> + 0x681258d (0x7dc4b835c58d in /home/devuser/conda/envs/py312/lib/python3.12/site-packages/torch/lib/libtorch_cpu.so)
frame #4: c10d::TCPStore::check(std::vector<std::__cxx11::basic_string<char, std::char_traits<char>, std::allocator<char> >, std::allocator<std::__cxx11::basic_string<char, std::char_traits<char>, std::allocator<char> > > > const&) + 0x35d (0x7dc4b83551dd in /home/devuser/conda/envs/py312/lib/python3.12/site-packages/torch/lib/libtorch_cpu.so)
frame #5: c10d::ProcessGroupNCCL::HeartbeatMonitor::runLoop() + 0x436 (0x7dc493f8d0e6 in /home/devuser/conda/envs/py312/lib/python3.12/site-packages/torch/lib/libtorch_cuda.so)
frame #6: <unknown function> + 0xef5e4 (0x7dc5598705e4 in /home/devuser/conda/envs/py312/bin/../lib/libstdc++.so.6)
frame #7: <unknown function> + 0x9caa4 (0x7dc55ac7aaa4 in /lib/x86_64-linux-gnu/libc.so.6)
frame #8: __clone + 0x44 (0x7dc55ad07a64 in /lib/x86_64-linux-gnu/libc.so.6)

[rank2]:[W813 14:40:50.956477428 ProcessGroupNCCL.cpp:1900] [PG ID 0 PG GUID 0(default_pg) Rank 2] Failed to check the "should dump" flag on TCPStore, (maybe TCPStore server has shut down too early), with error: Broken pipe
[rank4]:[W813 14:40:50.990541805 TCPStore.cpp:106] [c10d] sendBytes failed on SocketImpl(fd=100, addr=[localhost]:49282, remote=[sgl-b300-inference.datacrunch.io]:33691): Broken pipe
Exception raised from sendBytes at /__w/pytorch/pytorch/torch/csrc/distributed/c10d/Utils.hpp:758 (most recent call first):
frame #0: c10::Error::Error(c10::SourceLocation, std::__cxx11::basic_string<char, std::char_traits<char>, std::allocator<char> >) + 0x9d (0x75c75ab6933d in /home/devuser/conda/envs/py312/lib/python3.12/site-packages/torch/lib/libc10.so)
frame #1: <unknown function> + 0x6811231 (0x75c6b915b231 in /home/devuser/conda/envs/py312/lib/python3.12/site-packages/torch/lib/libtorch_cpu.so)
frame #2: <unknown function> + 0x68123e1 (0x75c6b915c3e1 in /home/devuser/conda/envs/py312/lib/python3.12/site-packages/torch/lib/libtorch_cpu.so)
frame #3: <unknown function> + 0x681258d (0x75c6b915c58d in /home/devuser/conda/envs/py312/lib/python3.12/site-packages/torch/lib/libtorch_cpu.so)
frame #4: c10d::TCPStore::check(std::vector<std::__cxx11::basic_string<char, std::char_traits<char>, std::allocator<char> >, std::allocator<std::__cxx11::basic_string<char, std::char_traits<char>, std::allocator<char> > > > const&) + 0x35d (0x75c6b91551dd in /home/devuser/conda/envs/py312/lib/python3.12/site-packages/torch/lib/libtorch_cpu.so)
frame #5: c10d::ProcessGroupNCCL::HeartbeatMonitor::runLoop() + 0x436 (0x75c694d8d0e6 in /home/devuser/conda/envs/py312/lib/python3.12/site-packages/torch/lib/libtorch_cuda.so)
frame #6: <unknown function> + 0xef5e4 (0x75c75a6705e4 in /home/devuser/conda/envs/py312/bin/../lib/libstdc++.so.6)
frame #7: <unknown function> + 0x9caa4 (0x75c75ba7caa4 in /lib/x86_64-linux-gnu/libc.so.6)
frame #8: __clone + 0x44 (0x75c75bb09a64 in /lib/x86_64-linux-gnu/libc.so.6)

[rank4]:[W813 14:40:50.992572384 ProcessGroupNCCL.cpp:1900] [PG ID 0 PG GUID 0(default_pg) Rank 4] Failed to check the "should dump" flag on TCPStore, (maybe TCPStore server has shut down too early), with error: Broken pipe
[rank7]:[W813 14:40:50.055696800 TCPStore.cpp:106] [c10d] sendBytes failed on SocketImpl(fd=100, addr=[localhost]:49310, remote=[sgl-b300-inference.datacrunch.io]:33691): Broken pipe
Exception raised from sendBytes at /__w/pytorch/pytorch/torch/csrc/distributed/c10d/Utils.hpp:758 (most recent call first):
frame #0: c10::Error::Error(c10::SourceLocation, std::__cxx11::basic_string<char, std::char_traits<char>, std::allocator<char> >) + 0x9d (0x78f0b036933d in /home/devuser/conda/envs/py312/lib/python3.12/site-packages/torch/lib/libc10.so)
frame #1: <unknown function> + 0x6811231 (0x78f00e95b231 in /home/devuser/conda/envs/py312/lib/python3.12/site-packages/torch/lib/libtorch_cpu.so)
frame #2: <unknown function> + 0x68123e1 (0x78f00e95c3e1 in /home/devuser/conda/envs/py312/lib/python3.12/site-packages/torch/lib/libtorch_cpu.so)
frame #3: <unknown function> + 0x681258d (0x78f00e95c58d in /home/devuser/conda/envs/py312/lib/python3.12/site-packages/torch/lib/libtorch_cpu.so)
frame #4: c10d::TCPStore::check(std::vector<std::__cxx11::basic_string<char, std::char_traits<char>, std::allocator<char> >, std::allocator<std::__cxx11::basic_string<char, std::char_traits<char>, std::allocator<char> > > > const&) + 0x35d (0x78f00e9551dd in /home/devuser/conda/envs/py312/lib/python3.12/site-packages/torch/lib/libtorch_cpu.so)
frame #5: c10d::ProcessGroupNCCL::HeartbeatMonitor::runLoop() + 0x436 (0x78efea58d0e6 in /home/devuser/conda/envs/py312/lib/python3.12/site-packages/torch/lib/libtorch_cuda.so)
frame #6: <unknown function> + 0xef5e4 (0x78f0afe705e4 in /home/devuser/conda/envs/py312/bin/../lib/libstdc++.so.6)
frame #7: <unknown function> + 0x9caa4 (0x78f0b12b7aa4 in /lib/x86_64-linux-gnu/libc.so.6)
frame #8: __clone + 0x44 (0x78f0b1344a64 in /lib/x86_64-linux-gnu/libc.so.6)

[rank7]:[W813 14:40:50.058066829 ProcessGroupNCCL.cpp:1900] [PG ID 0 PG GUID 0(default_pg) Rank 7] Failed to check the "should dump" flag on TCPStore, (maybe TCPStore server has shut down too early), with error: Broken pipe
[rank3]:[W813 14:40:50.217625871 TCPStore.cpp:106] [c10d] sendBytes failed on SocketImpl(fd=100, addr=[localhost]:49296, remote=[sgl-b300-inference.datacrunch.io]:33691): Broken pipe
Exception raised from sendBytes at /__w/pytorch/pytorch/torch/csrc/distributed/c10d/Utils.hpp:758 (most recent call first):
frame #0: c10::Error::Error(c10::SourceLocation, std::__cxx11::basic_string<char, std::char_traits<char>, std::allocator<char> >) + 0x9d (0x75604f96933d in /home/devuser/conda/envs/py312/lib/python3.12/site-packages/torch/lib/libc10.so)
frame #1: <unknown function> + 0x6811231 (0x755fadf5b231 in /home/devuser/conda/envs/py312/lib/python3.12/site-packages/torch/lib/libtorch_cpu.so)
frame #2: <unknown function> + 0x68123e1 (0x755fadf5c3e1 in /home/devuser/conda/envs/py312/lib/python3.12/site-packages/torch/lib/libtorch_cpu.so)
frame #3: <unknown function> + 0x681258d (0x755fadf5c58d in /home/devuser/conda/envs/py312/lib/python3.12/site-packages/torch/lib/libtorch_cpu.so)
frame #4: c10d::TCPStore::check(std::vector<std::__cxx11::basic_string<char, std::char_traits<char>, std::allocator<char> >, std::allocator<std::__cxx11::basic_string<char, std::char_traits<char>, std::allocator<char> > > > const&) + 0x35d (0x755fadf551dd in /home/devuser/conda/envs/py312/lib/python3.12/site-packages/torch/lib/libtorch_cpu.so)
frame #5: c10d::ProcessGroupNCCL::HeartbeatMonitor::runLoop() + 0x436 (0x755f89b8d0e6 in /home/devuser/conda/envs/py312/lib/python3.12/site-packages/torch/lib/libtorch_cuda.so)
frame #6: <unknown function> + 0xef5e4 (0x75604f4705e4 in /home/devuser/conda/envs/py312/bin/../lib/libstdc++.so.6)
frame #7: <unknown function> + 0x9caa4 (0x7560508c5aa4 in /lib/x86_64-linux-gnu/libc.so.6)
frame #8: __clone + 0x44 (0x756050952a64 in /lib/x86_64-linux-gnu/libc.so.6)

[rank3]:[W813 14:40:50.219813145 ProcessGroupNCCL.cpp:1900] [PG ID 0 PG GUID 0(default_pg) Rank 3] Failed to check the "should dump" flag on TCPStore, (maybe TCPStore server has shut down too early), with error: Broken pipe
[rank1]:[W813 14:40:50.258230142 TCPStore.cpp:106] [c10d] sendBytes failed on SocketImpl(fd=100, addr=[localhost]:49304, remote=[sgl-b300-inference.datacrunch.io]:33691): Broken pipe
Exception raised from sendBytes at /__w/pytorch/pytorch/torch/csrc/distributed/c10d/Utils.hpp:758 (most recent call first):
frame #0: c10::Error::Error(c10::SourceLocation, std::__cxx11::basic_string<char, std::char_traits<char>, std::allocator<char> >) + 0x9d (0x7d8dac76933d in /home/devuser/conda/envs/py312/lib/python3.12/site-packages/torch/lib/libc10.so)
frame #1: <unknown function> + 0x6811231 (0x7d8d0ad5b231 in /home/devuser/conda/envs/py312/lib/python3.12/site-packages/torch/lib/libtorch_cpu.so)
frame #2: <unknown function> + 0x68123e1 (0x7d8d0ad5c3e1 in /home/devuser/conda/envs/py312/lib/python3.12/site-packages/torch/lib/libtorch_cpu.so)
frame #3: <unknown function> + 0x681258d (0x7d8d0ad5c58d in /home/devuser/conda/envs/py312/lib/python3.12/site-packages/torch/lib/libtorch_cpu.so)
frame #4: c10d::TCPStore::check(std::vector<std::__cxx11::basic_string<char, std::char_traits<char>, std::allocator<char> >, std::allocator<std::__cxx11::basic_string<char, std::char_traits<char>, std::allocator<char> > > > const&) + 0x35d (0x7d8d0ad551dd in /home/devuser/conda/envs/py312/lib/python3.12/site-packages/torch/lib/libtorch_cpu.so)
frame #5: c10d::ProcessGroupNCCL::HeartbeatMonitor::runLoop() + 0x436 (0x7d8ce698d0e6 in /home/devuser/conda/envs/py312/lib/python3.12/site-packages/torch/lib/libtorch_cuda.so)
frame #6: <unknown function> + 0xef5e4 (0x7d8dac2705e4 in /home/devuser/conda/envs/py312/bin/../lib/libstdc++.so.6)
frame #7: <unknown function> + 0x9caa4 (0x7d8dad6c7aa4 in /lib/x86_64-linux-gnu/libc.so.6)
frame #8: __clone + 0x44 (0x7d8dad754a64 in /lib/x86_64-linux-gnu/libc.so.6)

[rank1]:[W813 14:40:50.260321209 ProcessGroupNCCL.cpp:1900] [PG ID 0 PG GUID 0(default_pg) Rank 1] Failed to check the "should dump" flag on TCPStore, (maybe TCPStore server has shut down too early), with error: Broken pipe
[rank0]:[W813 14:40:51.501159562 TCPStore.cpp:106] [c10d] sendBytes failed on SocketImpl(fd=100, addr=[localhost]:49270, remote=[sgl-b300-inference.datacrunch.io]:33691): Broken pipe
Exception raised from sendBytes at /__w/pytorch/pytorch/torch/csrc/distributed/c10d/Utils.hpp:758 (most recent call first):
frame #0: c10::Error::Error(c10::SourceLocation, std::__cxx11::basic_string<char, std::char_traits<char>, std::allocator<char> >) + 0x9d (0x76c6d456933d in /home/devuser/conda/envs/py312/lib/python3.12/site-packages/torch/lib/libc10.so)
frame #1: <unknown function> + 0x6811231 (0x76c66195b231 in /home/devuser/conda/envs/py312/lib/python3.12/site-packages/torch/lib/libtorch_cpu.so)
frame #2: <unknown function> + 0x68123e1 (0x76c66195c3e1 in /home/devuser/conda/envs/py312/lib/python3.12/site-packages/torch/lib/libtorch_cpu.so)
frame #3: <unknown function> + 0x681258d (0x76c66195c58d in /home/devuser/conda/envs/py312/lib/python3.12/site-packages/torch/lib/libtorch_cpu.so)
frame #4: c10d::TCPStore::check(std::vector<std::__cxx11::basic_string<char, std::char_traits<char>, std::allocator<char> >, std::allocator<std::__cxx11::basic_string<char, std::char_traits<char>, std::allocator<char> > > > const&) + 0x35d (0x76c6619551dd in /home/devuser/conda/envs/py312/lib/python3.12/site-packages/torch/lib/libtorch_cpu.so)
frame #5: c10d::ProcessGroupNCCL::HeartbeatMonitor::runLoop() + 0x436 (0x76c63d58d0e6 in /home/devuser/conda/envs/py312/lib/python3.12/site-packages/torch/lib/libtorch_cuda.so)
frame #6: <unknown function> + 0xef5e4 (0x76c702e705e4 in /home/devuser/conda/envs/py312/bin/../lib/libstdc++.so.6)
frame #7: <unknown function> + 0x9caa4 (0x76c70414faa4 in /lib/x86_64-linux-gnu/libc.so.6)
frame #8: __clone + 0x44 (0x76c7041dca64 in /lib/x86_64-linux-gnu/libc.so.6)

[rank0]:[W813 14:40:51.503320467 ProcessGroupNCCL.cpp:1900] [PG ID 0 PG GUID 0(default_pg) Rank 0] Failed to check the "should dump" flag on TCPStore, (maybe TCPStore server has shut down too early), with error: Broken pipe
[rank5]:[W813 14:40:51.709076134 TCPStore.cpp:106] [c10d] sendBytes failed on SocketImpl(fd=100, addr=[localhost]:49286, remote=[sgl-b300-inference.datacrunch.io]:33691): Broken pipe
Exception raised from sendBytes at /__w/pytorch/pytorch/torch/csrc/distributed/c10d/Utils.hpp:758 (most recent call first):
frame #0: c10::Error::Error(c10::SourceLocation, std::__cxx11::basic_string<char, std::char_traits<char>, std::allocator<char> >) + 0x9d (0x7dcf2856933d in /home/devuser/conda/envs/py312/lib/python3.12/site-packages/torch/lib/libc10.so)
frame #1: <unknown function> + 0x6811231 (0x7dce86b5b231 in /home/devuser/conda/envs/py312/lib/python3.12/site-packages/torch/lib/libtorch_cpu.so)
frame #2: <unknown function> + 0x68123e1 (0x7dce86b5c3e1 in /home/devuser/conda/envs/py312/lib/python3.12/site-packages/torch/lib/libtorch_cpu.so)
frame #3: <unknown function> + 0x681258d (0x7dce86b5c58d in /home/devuser/conda/envs/py312/lib/python3.12/site-packages/torch/lib/libtorch_cpu.so)
frame #4: c10d::TCPStore::check(std::vector<std::__cxx11::basic_string<char, std::char_traits<char>, std::allocator<char> >, std::allocator<std::__cxx11::basic_string<char, std::char_traits<char>, std::allocator<char> > > > const&) + 0x35d (0x7dce86b551dd in /home/devuser/conda/envs/py312/lib/python3.12/site-packages/torch/lib/libtorch_cpu.so)
frame #5: c10d::ProcessGroupNCCL::HeartbeatMonitor::runLoop() + 0x436 (0x7dce6278d0e6 in /home/devuser/conda/envs/py312/lib/python3.12/site-packages/torch/lib/libtorch_cuda.so)
frame #6: <unknown function> + 0xef5e4 (0x7dcf280705e4 in /home/devuser/conda/envs/py312/bin/../lib/libstdc++.so.6)
frame #7: <unknown function> + 0x9caa4 (0x7dcf29462aa4 in /lib/x86_64-linux-gnu/libc.so.6)
frame #8: __clone + 0x44 (0x7dcf294efa64 in /lib/x86_64-linux-gnu/libc.so.6)

[rank5]:[W813 14:40:51.713104303 ProcessGroupNCCL.cpp:1900] [PG ID 0 PG GUID 0(default_pg) Rank 5] Failed to check the "should dump" flag on TCPStore, (maybe TCPStore server has shut down too early), with error: Broken pipe
[rank6]:[W813 14:40:51.925636127 TCPStore.cpp:106] [c10d] sendBytes failed on SocketImpl(fd=100, addr=[localhost]:49280, remote=[sgl-b300-inference.datacrunch.io]:33691): Broken pipe
Exception raised from sendBytes at /__w/pytorch/pytorch/torch/csrc/distributed/c10d/Utils.hpp:758 (most recent call first):
frame #0: c10::Error::Error(c10::SourceLocation, std::__cxx11::basic_string<char, std::char_traits<char>, std::allocator<char> >) + 0x9d (0x79e54e76933d in /home/devuser/conda/envs/py312/lib/python3.12/site-packages/torch/lib/libc10.so)
frame #1: <unknown function> + 0x6811231 (0x79e4dbb5b231 in /home/devuser/conda/envs/py312/lib/python3.12/site-packages/torch/lib/libtorch_cpu.so)
frame #2: <unknown function> + 0x68123e1 (0x79e4dbb5c3e1 in /home/devuser/conda/envs/py312/lib/python3.12/site-packages/torch/lib/libtorch_cpu.so)
frame #3: <unknown function> + 0x681258d (0x79e4dbb5c58d in /home/devuser/conda/envs/py312/lib/python3.12/site-packages/torch/lib/libtorch_cpu.so)
frame #4: c10d::TCPStore::check(std::vector<std::__cxx11::basic_string<char, std::char_traits<char>, std::allocator<char> >, std::allocator<std::__cxx11::basic_string<char, std::char_traits<char>, std::allocator<char> > > > const&) + 0x35d (0x79e4dbb551dd in /home/devuser/conda/envs/py312/lib/python3.12/site-packages/torch/lib/libtorch_cpu.so)
frame #5: c10d::ProcessGroupNCCL::HeartbeatMonitor::runLoop() + 0x436 (0x79e4b778d0e6 in /home/devuser/conda/envs/py312/lib/python3.12/site-packages/torch/lib/libtorch_cuda.so)
frame #6: <unknown function> + 0xef5e4 (0x79e57d0705e4 in /home/devuser/conda/envs/py312/bin/../lib/libstdc++.so.6)
frame #7: <unknown function> + 0x9caa4 (0x79e57e3cdaa4 in /lib/x86_64-linux-gnu/libc.so.6)
frame #8: __clone + 0x44 (0x79e57e45aa64 in /lib/x86_64-linux-gnu/libc.so.6)

[rank6]:[W813 14:40:51.928253589 ProcessGroupNCCL.cpp:1900] [PG ID 0 PG GUID 0(default_pg) Rank 6] Failed to check the "should dump" flag on TCPStore, (maybe TCPStore server has shut down too early), with error: Broken pipe
[rank2]:[W813 14:40:51.956637767 TCPStore.cpp:106] [c10d] sendBytes failed on SocketImpl(fd=100, addr=[localhost]:49326, remote=[sgl-b300-inference.datacrunch.io]:33691): Broken pipe
Exception raised from sendBytes at /__w/pytorch/pytorch/torch/csrc/distributed/c10d/Utils.hpp:758 (most recent call first):
frame #0: c10::Error::Error(c10::SourceLocation, std::__cxx11::basic_string<char, std::char_traits<char>, std::allocator<char> >) + 0x9d (0x7dc559d6933d in /home/devuser/conda/envs/py312/lib/python3.12/site-packages/torch/lib/libc10.so)
frame #1: <unknown function> + 0x6811231 (0x7dc4b835b231 in /home/devuser/conda/envs/py312/lib/python3.12/site-packages/torch/lib/libtorch_cpu.so)
frame #2: <unknown function> + 0x68123e1 (0x7dc4b835c3e1 in /home/devuser/conda/envs/py312/lib/python3.12/site-packages/torch/lib/libtorch_cpu.so)
frame #3: <unknown function> + 0x681258d (0x7dc4b835c58d in /home/devuser/conda/envs/py312/lib/python3.12/site-packages/torch/lib/libtorch_cpu.so)
frame #4: c10d::TCPStore::check(std::vector<std::__cxx11::basic_string<char, std::char_traits<char>, std::allocator<char> >, std::allocator<std::__cxx11::basic_string<char, std::char_traits<char>, std::allocator<char> > > > const&) + 0x35d (0x7dc4b83551dd in /home/devuser/conda/envs/py312/lib/python3.12/site-packages/torch/lib/libtorch_cpu.so)
frame #5: c10d::ProcessGroupNCCL::HeartbeatMonitor::runLoop() + 0x436 (0x7dc493f8d0e6 in /home/devuser/conda/envs/py312/lib/python3.12/site-packages/torch/lib/libtorch_cuda.so)
frame #6: <unknown function> + 0xef5e4 (0x7dc5598705e4 in /home/devuser/conda/envs/py312/bin/../lib/libstdc++.so.6)
frame #7: <unknown function> + 0x9caa4 (0x7dc55ac7aaa4 in /lib/x86_64-linux-gnu/libc.so.6)
frame #8: __clone + 0x44 (0x7dc55ad07a64 in /lib/x86_64-linux-gnu/libc.so.6)

[rank2]:[W813 14:40:51.959186011 ProcessGroupNCCL.cpp:1900] [PG ID 0 PG GUID 0(default_pg) Rank 2] Failed to check the "should dump" flag on TCPStore, (maybe TCPStore server has shut down too early), with error: Broken pipe
[rank4]:[W813 14:40:51.992725514 TCPStore.cpp:106] [c10d] sendBytes failed on SocketImpl(fd=100, addr=[localhost]:49282, remote=[sgl-b300-inference.datacrunch.io]:33691): Broken pipe
Exception raised from sendBytes at /__w/pytorch/pytorch/torch/csrc/distributed/c10d/Utils.hpp:758 (most recent call first):
frame #0: c10::Error::Error(c10::SourceLocation, std::__cxx11::basic_string<char, std::char_traits<char>, std::allocator<char> >) + 0x9d (0x75c75ab6933d in /home/devuser/conda/envs/py312/lib/python3.12/site-packages/torch/lib/libc10.so)
frame #1: <unknown function> + 0x6811231 (0x75c6b915b231 in /home/devuser/conda/envs/py312/lib/python3.12/site-packages/torch/lib/libtorch_cpu.so)
frame #2: <unknown function> + 0x68123e1 (0x75c6b915c3e1 in /home/devuser/conda/envs/py312/lib/python3.12/site-packages/torch/lib/libtorch_cpu.so)
frame #3: <unknown function> + 0x681258d (0x75c6b915c58d in /home/devuser/conda/envs/py312/lib/python3.12/site-packages/torch/lib/libtorch_cpu.so)
frame #4: c10d::TCPStore::check(std::vector<std::__cxx11::basic_string<char, std::char_traits<char>, std::allocator<char> >, std::allocator<std::__cxx11::basic_string<char, std::char_traits<char>, std::allocator<char> > > > const&) + 0x35d (0x75c6b91551dd in /home/devuser/conda/envs/py312/lib/python3.12/site-packages/torch/lib/libtorch_cpu.so)
frame #5: c10d::ProcessGroupNCCL::HeartbeatMonitor::runLoop() + 0x436 (0x75c694d8d0e6 in /home/devuser/conda/envs/py312/lib/python3.12/site-packages/torch/lib/libtorch_cuda.so)
frame #6: <unknown function> + 0xef5e4 (0x75c75a6705e4 in /home/devuser/conda/envs/py312/bin/../lib/libstdc++.so.6)
frame #7: <unknown function> + 0x9caa4 (0x75c75ba7caa4 in /lib/x86_64-linux-gnu/libc.so.6)
frame #8: __clone + 0x44 (0x75c75bb09a64 in /lib/x86_64-linux-gnu/libc.so.6)

[rank4]:[W813 14:40:51.994771633 ProcessGroupNCCL.cpp:1900] [PG ID 0 PG GUID 0(default_pg) Rank 4] Failed to check the "should dump" flag on TCPStore, (maybe TCPStore server has shut down too early), with error: Broken pipe
[rank7]:[W813 14:40:51.058209430 TCPStore.cpp:106] [c10d] sendBytes failed on SocketImpl(fd=100, addr=[localhost]:49310, remote=[sgl-b300-inference.datacrunch.io]:33691): Broken pipe
Exception raised from sendBytes at /__w/pytorch/pytorch/torch/csrc/distributed/c10d/Utils.hpp:758 (most recent call first):
frame #0: c10::Error::Error(c10::SourceLocation, std::__cxx11::basic_string<char, std::char_traits<char>, std::allocator<char> >) + 0x9d (0x78f0b036933d in /home/devuser/conda/envs/py312/lib/python3.12/site-packages/torch/lib/libc10.so)
frame #1: <unknown function> + 0x6811231 (0x78f00e95b231 in /home/devuser/conda/envs/py312/lib/python3.12/site-packages/torch/lib/libtorch_cpu.so)
frame #2: <unknown function> + 0x68123e1 (0x78f00e95c3e1 in /home/devuser/conda/envs/py312/lib/python3.12/site-packages/torch/lib/libtorch_cpu.so)
frame #3: <unknown function> + 0x681258d (0x78f00e95c58d in /home/devuser/conda/envs/py312/lib/python3.12/site-packages/torch/lib/libtorch_cpu.so)
frame #4: c10d::TCPStore::check(std::vector<std::__cxx11::basic_string<char, std::char_traits<char>, std::allocator<char> >, std::allocator<std::__cxx11::basic_string<char, std::char_traits<char>, std::allocator<char> > > > const&) + 0x35d (0x78f00e9551dd in /home/devuser/conda/envs/py312/lib/python3.12/site-packages/torch/lib/libtorch_cpu.so)
frame #5: c10d::ProcessGroupNCCL::HeartbeatMonitor::runLoop() + 0x436 (0x78efea58d0e6 in /home/devuser/conda/envs/py312/lib/python3.12/site-packages/torch/lib/libtorch_cuda.so)
frame #6: <unknown function> + 0xef5e4 (0x78f0afe705e4 in /home/devuser/conda/envs/py312/bin/../lib/libstdc++.so.6)
frame #7: <unknown function> + 0x9caa4 (0x78f0b12b7aa4 in /lib/x86_64-linux-gnu/libc.so.6)
frame #8: __clone + 0x44 (0x78f0b1344a64 in /lib/x86_64-linux-gnu/libc.so.6)

[rank7]:[W813 14:40:51.060176891 ProcessGroupNCCL.cpp:1900] [PG ID 0 PG GUID 0(default_pg) Rank 7] Failed to check the "should dump" flag on TCPStore, (maybe TCPStore server has shut down too early), with error: Broken pipe
[rank3]:[W813 14:40:51.219989576 TCPStore.cpp:106] [c10d] sendBytes failed on SocketImpl(fd=100, addr=[localhost]:49296, remote=[sgl-b300-inference.datacrunch.io]:33691): Broken pipe
Exception raised from sendBytes at /__w/pytorch/pytorch/torch/csrc/distributed/c10d/Utils.hpp:758 (most recent call first):
frame #0: c10::Error::Error(c10::SourceLocation, std::__cxx11::basic_string<char, std::char_traits<char>, std::allocator<char> >) + 0x9d (0x75604f96933d in /home/devuser/conda/envs/py312/lib/python3.12/site-packages/torch/lib/libc10.so)
frame #1: <unknown function> + 0x6811231 (0x755fadf5b231 in /home/devuser/conda/envs/py312/lib/python3.12/site-packages/torch/lib/libtorch_cpu.so)
frame #2: <unknown function> + 0x68123e1 (0x755fadf5c3e1 in /home/devuser/conda/envs/py312/lib/python3.12/site-packages/torch/lib/libtorch_cpu.so)
frame #3: <unknown function> + 0x681258d (0x755fadf5c58d in /home/devuser/conda/envs/py312/lib/python3.12/site-packages/torch/lib/libtorch_cpu.so)
frame #4: c10d::TCPStore::check(std::vector<std::__cxx11::basic_string<char, std::char_traits<char>, std::allocator<char> >, std::allocator<std::__cxx11::basic_string<char, std::char_traits<char>, std::allocator<char> > > > const&) + 0x35d (0x755fadf551dd in /home/devuser/conda/envs/py312/lib/python3.12/site-packages/torch/lib/libtorch_cpu.so)
frame #5: c10d::ProcessGroupNCCL::HeartbeatMonitor::runLoop() + 0x436 (0x755f89b8d0e6 in /home/devuser/conda/envs/py312/lib/python3.12/site-packages/torch/lib/libtorch_cuda.so)
frame #6: <unknown function> + 0xef5e4 (0x75604f4705e4 in /home/devuser/conda/envs/py312/bin/../lib/libstdc++.so.6)
frame #7: <unknown function> + 0x9caa4 (0x7560508c5aa4 in /lib/x86_64-linux-gnu/libc.so.6)
frame #8: __clone + 0x44 (0x756050952a64 in /lib/x86_64-linux-gnu/libc.so.6)

[rank3]:[W813 14:40:51.222326606 ProcessGroupNCCL.cpp:1900] [PG ID 0 PG GUID 0(default_pg) Rank 3] Failed to check the "should dump" flag on TCPStore, (maybe TCPStore server has shut down too early), with error: Broken pipe
[rank1]:[W813 14:40:51.260492341 TCPStore.cpp:106] [c10d] sendBytes failed on SocketImpl(fd=100, addr=[localhost]:49304, remote=[sgl-b300-inference.datacrunch.io]:33691): Broken pipe
Exception raised from sendBytes at /__w/pytorch/pytorch/torch/csrc/distributed/c10d/Utils.hpp:758 (most recent call first):
frame #0: c10::Error::Error(c10::SourceLocation, std::__cxx11::basic_string<char, std::char_traits<char>, std::allocator<char> >) + 0x9d (0x7d8dac76933d in /home/devuser/conda/envs/py312/lib/python3.12/site-packages/torch/lib/libc10.so)
frame #1: <unknown function> + 0x6811231 (0x7d8d0ad5b231 in /home/devuser/conda/envs/py312/lib/python3.12/site-packages/torch/lib/libtorch_cpu.so)
frame #2: <unknown function> + 0x68123e1 (0x7d8d0ad5c3e1 in /home/devuser/conda/envs/py312/lib/python3.12/site-packages/torch/lib/libtorch_cpu.so)
frame #3: <unknown function> + 0x681258d (0x7d8d0ad5c58d in /home/devuser/conda/envs/py312/lib/python3.12/site-packages/torch/lib/libtorch_cpu.so)
frame #4: c10d::TCPStore::check(std::vector<std::__cxx11::basic_string<char, std::char_traits<char>, std::allocator<char> >, std::allocator<std::__cxx11::basic_string<char, std::char_traits<char>, std::allocator<char> > > > const&) + 0x35d (0x7d8d0ad551dd in /home/devuser/conda/envs/py312/lib/python3.12/site-packages/torch/lib/libtorch_cpu.so)
frame #5: c10d::ProcessGroupNCCL::HeartbeatMonitor::runLoop() + 0x436 (0x7d8ce698d0e6 in /home/devuser/conda/envs/py312/lib/python3.12/site-packages/torch/lib/libtorch_cuda.so)
frame #6: <unknown function> + 0xef5e4 (0x7d8dac2705e4 in /home/devuser/conda/envs/py312/bin/../lib/libstdc++.so.6)
frame #7: <unknown function> + 0x9caa4 (0x7d8dad6c7aa4 in /lib/x86_64-linux-gnu/libc.so.6)
frame #8: __clone + 0x44 (0x7d8dad754a64 in /lib/x86_64-linux-gnu/libc.so.6)

[rank1]:[W813 14:40:51.262569759 ProcessGroupNCCL.cpp:1900] [PG ID 0 PG GUID 0(default_pg) Rank 1] Failed to check the "should dump" flag on TCPStore, (maybe TCPStore server has shut down too early), with error: Broken pipe
[rank0]:[W813 14:40:52.503371915 TCPStore.cpp:106] [c10d] sendBytes failed on SocketImpl(fd=100, addr=[localhost]:49270, remote=[sgl-b300-inference.datacrunch.io]:33691): Broken pipe
Exception raised from sendBytes at /__w/pytorch/pytorch/torch/csrc/distributed/c10d/Utils.hpp:758 (most recent call first):
frame #0: c10::Error::Error(c10::SourceLocation, std::__cxx11::basic_string<char, std::char_traits<char>, std::allocator<char> >) + 0x9d (0x76c6d456933d in /home/devuser/conda/envs/py312/lib/python3.12/site-packages/torch/lib/libc10.so)
frame #1: <unknown function> + 0x6811231 (0x76c66195b231 in /home/devuser/conda/envs/py312/lib/python3.12/site-packages/torch/lib/libtorch_cpu.so)
frame #2: <unknown function> + 0x68123e1 (0x76c66195c3e1 in /home/devuser/conda/envs/py312/lib/python3.12/site-packages/torch/lib/libtorch_cpu.so)
frame #3: <unknown function> + 0x681258d (0x76c66195c58d in /home/devuser/conda/envs/py312/lib/python3.12/site-packages/torch/lib/libtorch_cpu.so)
frame #4: c10d::TCPStore::check(std::vector<std::__cxx11::basic_string<char, std::char_traits<char>, std::allocator<char> >, std::allocator<std::__cxx11::basic_string<char, std::char_traits<char>, std::allocator<char> > > > const&) + 0x35d (0x76c6619551dd in /home/devuser/conda/envs/py312/lib/python3.12/site-packages/torch/lib/libtorch_cpu.so)
frame #5: c10d::ProcessGroupNCCL::HeartbeatMonitor::runLoop() + 0x436 (0x76c63d58d0e6 in /home/devuser/conda/envs/py312/lib/python3.12/site-packages/torch/lib/libtorch_cuda.so)
frame #6: <unknown function> + 0xef5e4 (0x76c702e705e4 in /home/devuser/conda/envs/py312/bin/../lib/libstdc++.so.6)
frame #7: <unknown function> + 0x9caa4 (0x76c70414faa4 in /lib/x86_64-linux-gnu/libc.so.6)
frame #8: __clone + 0x44 (0x76c7041dca64 in /lib/x86_64-linux-gnu/libc.so.6)

[rank0]:[W813 14:40:52.505463462 ProcessGroupNCCL.cpp:1900] [PG ID 0 PG GUID 0(default_pg) Rank 0] Failed to check the "should dump" flag on TCPStore, (maybe TCPStore server has shut down too early), with error: Broken pipe
[rank5]:[W813 14:40:52.713325858 TCPStore.cpp:106] [c10d] sendBytes failed on SocketImpl(fd=100, addr=[localhost]:49286, remote=[sgl-b300-inference.datacrunch.io]:33691): Broken pipe
Exception raised from sendBytes at /__w/pytorch/pytorch/torch/csrc/distributed/c10d/Utils.hpp:758 (most recent call first):
frame #0: c10::Error::Error(c10::SourceLocation, std::__cxx11::basic_string<char, std::char_traits<char>, std::allocator<char> >) + 0x9d (0x7dcf2856933d in /home/devuser/conda/envs/py312/lib/python3.12/site-packages/torch/lib/libc10.so)
frame #1: <unknown function> + 0x6811231 (0x7dce86b5b231 in /home/devuser/conda/envs/py312/lib/python3.12/site-packages/torch/lib/libtorch_cpu.so)
frame #2: <unknown function> + 0x68123e1 (0x7dce86b5c3e1 in /home/devuser/conda/envs/py312/lib/python3.12/site-packages/torch/lib/libtorch_cpu.so)
frame #3: <unknown function> + 0x681258d (0x7dce86b5c58d in /home/devuser/conda/envs/py312/lib/python3.12/site-packages/torch/lib/libtorch_cpu.so)
frame #4: c10d::TCPStore::check(std::vector<std::__cxx11::basic_string<char, std::char_traits<char>, std::allocator<char> >, std::allocator<std::__cxx11::basic_string<char, std::char_traits<char>, std::allocator<char> > > > const&) + 0x35d (0x7dce86b551dd in /home/devuser/conda/envs/py312/lib/python3.12/site-packages/torch/lib/libtorch_cpu.so)
frame #5: c10d::ProcessGroupNCCL::HeartbeatMonitor::runLoop() + 0x436 (0x7dce6278d0e6 in /home/devuser/conda/envs/py312/lib/python3.12/site-packages/torch/lib/libtorch_cuda.so)
frame #6: <unknown function> + 0xef5e4 (0x7dcf280705e4 in /home/devuser/conda/envs/py312/bin/../lib/libstdc++.so.6)
frame #7: <unknown function> + 0x9caa4 (0x7dcf29462aa4 in /lib/x86_64-linux-gnu/libc.so.6)
frame #8: __clone + 0x44 (0x7dcf294efa64 in /lib/x86_64-linux-gnu/libc.so.6)

[rank5]:[W813 14:40:52.717225431 ProcessGroupNCCL.cpp:1900] [PG ID 0 PG GUID 0(default_pg) Rank 5] Failed to check the "should dump" flag on TCPStore, (maybe TCPStore server has shut down too early), with error: Broken pipe
[rank6]:[W813 14:40:52.928364058 TCPStore.cpp:106] [c10d] sendBytes failed on SocketImpl(fd=100, addr=[localhost]:49280, remote=[sgl-b300-inference.datacrunch.io]:33691): Broken pipe
Exception raised from sendBytes at /__w/pytorch/pytorch/torch/csrc/distributed/c10d/Utils.hpp:758 (most recent call first):
frame #0: c10::Error::Error(c10::SourceLocation, std::__cxx11::basic_string<char, std::char_traits<char>, std::allocator<char> >) + 0x9d (0x79e54e76933d in /home/devuser/conda/envs/py312/lib/python3.12/site-packages/torch/lib/libc10.so)
frame #1: <unknown function> + 0x6811231 (0x79e4dbb5b231 in /home/devuser/conda/envs/py312/lib/python3.12/site-packages/torch/lib/libtorch_cpu.so)
frame #2: <unknown function> + 0x68123e1 (0x79e4dbb5c3e1 in /home/devuser/conda/envs/py312/lib/python3.12/site-packages/torch/lib/libtorch_cpu.so)
frame #3: <unknown function> + 0x681258d (0x79e4dbb5c58d in /home/devuser/conda/envs/py312/lib/python3.12/site-packages/torch/lib/libtorch_cpu.so)
frame #4: c10d::TCPStore::check(std::vector<std::__cxx11::basic_string<char, std::char_traits<char>, std::allocator<char> >, std::allocator<std::__cxx11::basic_string<char, std::char_traits<char>, std::allocator<char> > > > const&) + 0x35d (0x79e4dbb551dd in /home/devuser/conda/envs/py312/lib/python3.12/site-packages/torch/lib/libtorch_cpu.so)
frame #5: c10d::ProcessGroupNCCL::HeartbeatMonitor::runLoop() + 0x436 (0x79e4b778d0e6 in /home/devuser/conda/envs/py312/lib/python3.12/site-packages/torch/lib/libtorch_cuda.so)
frame #6: <unknown function> + 0xef5e4 (0x79e57d0705e4 in /home/devuser/conda/envs/py312/bin/../lib/libstdc++.so.6)
frame #7: <unknown function> + 0x9caa4 (0x79e57e3cdaa4 in /lib/x86_64-linux-gnu/libc.so.6)
frame #8: __clone + 0x44 (0x79e57e45aa64 in /lib/x86_64-linux-gnu/libc.so.6)

[rank6]:[W813 14:40:52.930530043 ProcessGroupNCCL.cpp:1900] [PG ID 0 PG GUID 0(default_pg) Rank 6] Failed to check the "should dump" flag on TCPStore, (maybe TCPStore server has shut down too early), with error: Broken pipe
[rank2]:[W813 14:40:52.959315080 TCPStore.cpp:106] [c10d] sendBytes failed on SocketImpl(fd=100, addr=[localhost]:49326, remote=[sgl-b300-inference.datacrunch.io]:33691): Broken pipe
Exception raised from sendBytes at /__w/pytorch/pytorch/torch/csrc/distributed/c10d/Utils.hpp:758 (most recent call first):
frame #0: c10::Error::Error(c10::SourceLocation, std::__cxx11::basic_string<char, std::char_traits<char>, std::allocator<char> >) + 0x9d (0x7dc559d6933d in /home/devuser/conda/envs/py312/lib/python3.12/site-packages/torch/lib/libc10.so)
frame #1: <unknown function> + 0x6811231 (0x7dc4b835b231 in /home/devuser/conda/envs/py312/lib/python3.12/site-packages/torch/lib/libtorch_cpu.so)
frame #2: <unknown function> + 0x68123e1 (0x7dc4b835c3e1 in /home/devuser/conda/envs/py312/lib/python3.12/site-packages/torch/lib/libtorch_cpu.so)
frame #3: <unknown function> + 0x681258d (0x7dc4b835c58d in /home/devuser/conda/envs/py312/lib/python3.12/site-packages/torch/lib/libtorch_cpu.so)
frame #4: c10d::TCPStore::check(std::vector<std::__cxx11::basic_string<char, std::char_traits<char>, std::allocator<char> >, std::allocator<std::__cxx11::basic_string<char, std::char_traits<char>, std::allocator<char> > > > const&) + 0x35d (0x7dc4b83551dd in /home/devuser/conda/envs/py312/lib/python3.12/site-packages/torch/lib/libtorch_cpu.so)
frame #5: c10d::ProcessGroupNCCL::HeartbeatMonitor::runLoop() + 0x436 (0x7dc493f8d0e6 in /home/devuser/conda/envs/py312/lib/python3.12/site-packages/torch/lib/libtorch_cuda.so)
frame #6: <unknown function> + 0xef5e4 (0x7dc5598705e4 in /home/devuser/conda/envs/py312/bin/../lib/libstdc++.so.6)
frame #7: <unknown function> + 0x9caa4 (0x7dc55ac7aaa4 in /lib/x86_64-linux-gnu/libc.so.6)
frame #8: __clone + 0x44 (0x7dc55ad07a64 in /lib/x86_64-linux-gnu/libc.so.6)

[rank2]:[W813 14:40:52.961550543 ProcessGroupNCCL.cpp:1900] [PG ID 0 PG GUID 0(default_pg) Rank 2] Failed to check the "should dump" flag on TCPStore, (maybe TCPStore server has shut down too early), with error: Broken pipe
[rank4]:[W813 14:40:52.994935511 TCPStore.cpp:106] [c10d] sendBytes failed on SocketImpl(fd=100, addr=[localhost]:49282, remote=[sgl-b300-inference.datacrunch.io]:33691): Broken pipe
Exception raised from sendBytes at /__w/pytorch/pytorch/torch/csrc/distributed/c10d/Utils.hpp:758 (most recent call first):
frame #0: c10::Error::Error(c10::SourceLocation, std::__cxx11::basic_string<char, std::char_traits<char>, std::allocator<char> >) + 0x9d (0x75c75ab6933d in /home/devuser/conda/envs/py312/lib/python3.12/site-packages/torch/lib/libc10.so)
frame #1: <unknown function> + 0x6811231 (0x75c6b915b231 in /home/devuser/conda/envs/py312/lib/python3.12/site-packages/torch/lib/libtorch_cpu.so)
frame #2: <unknown function> + 0x68123e1 (0x75c6b915c3e1 in /home/devuser/conda/envs/py312/lib/python3.12/site-packages/torch/lib/libtorch_cpu.so)
frame #3: <unknown function> + 0x681258d (0x75c6b915c58d in /home/devuser/conda/envs/py312/lib/python3.12/site-packages/torch/lib/libtorch_cpu.so)
frame #4: c10d::TCPStore::check(std::vector<std::__cxx11::basic_string<char, std::char_traits<char>, std::allocator<char> >, std::allocator<std::__cxx11::basic_string<char, std::char_traits<char>, std::allocator<char> > > > const&) + 0x35d (0x75c6b91551dd in /home/devuser/conda/envs/py312/lib/python3.12/site-packages/torch/lib/libtorch_cpu.so)
frame #5: c10d::ProcessGroupNCCL::HeartbeatMonitor::runLoop() + 0x436 (0x75c694d8d0e6 in /home/devuser/conda/envs/py312/lib/python3.12/site-packages/torch/lib/libtorch_cuda.so)
frame #6: <unknown function> + 0xef5e4 (0x75c75a6705e4 in /home/devuser/conda/envs/py312/bin/../lib/libstdc++.so.6)
frame #7: <unknown function> + 0x9caa4 (0x75c75ba7caa4 in /lib/x86_64-linux-gnu/libc.so.6)
frame #8: __clone + 0x44 (0x75c75bb09a64 in /lib/x86_64-linux-gnu/libc.so.6)

[rank4]:[W813 14:40:52.997304690 ProcessGroupNCCL.cpp:1900] [PG ID 0 PG GUID 0(default_pg) Rank 4] Failed to check the "should dump" flag on TCPStore, (maybe TCPStore server has shut down too early), with error: Broken pipe
[rank7]:[W813 14:40:52.060281381 TCPStore.cpp:106] [c10d] sendBytes failed on SocketImpl(fd=100, addr=[localhost]:49310, remote=[sgl-b300-inference.datacrunch.io]:33691): Broken pipe
Exception raised from sendBytes at /__w/pytorch/pytorch/torch/csrc/distributed/c10d/Utils.hpp:758 (most recent call first):
frame #0: c10::Error::Error(c10::SourceLocation, std::__cxx11::basic_string<char, std::char_traits<char>, std::allocator<char> >) + 0x9d (0x78f0b036933d in /home/devuser/conda/envs/py312/lib/python3.12/site-packages/torch/lib/libc10.so)
frame #1: <unknown function> + 0x6811231 (0x78f00e95b231 in /home/devuser/conda/envs/py312/lib/python3.12/site-packages/torch/lib/libtorch_cpu.so)
frame #2: <unknown function> + 0x68123e1 (0x78f00e95c3e1 in /home/devuser/conda/envs/py312/lib/python3.12/site-packages/torch/lib/libtorch_cpu.so)
frame #3: <unknown function> + 0x681258d (0x78f00e95c58d in /home/devuser/conda/envs/py312/lib/python3.12/site-packages/torch/lib/libtorch_cpu.so)
frame #4: c10d::TCPStore::check(std::vector<std::__cxx11::basic_string<char, std::char_traits<char>, std::allocator<char> >, std::allocator<std::__cxx11::basic_string<char, std::char_traits<char>, std::allocator<char> > > > const&) + 0x35d (0x78f00e9551dd in /home/devuser/conda/envs/py312/lib/python3.12/site-packages/torch/lib/libtorch_cpu.so)
frame #5: c10d::ProcessGroupNCCL::HeartbeatMonitor::runLoop() + 0x436 (0x78efea58d0e6 in /home/devuser/conda/envs/py312/lib/python3.12/site-packages/torch/lib/libtorch_cuda.so)
frame #6: <unknown function> + 0xef5e4 (0x78f0afe705e4 in /home/devuser/conda/envs/py312/bin/../lib/libstdc++.so.6)
frame #7: <unknown function> + 0x9caa4 (0x78f0b12b7aa4 in /lib/x86_64-linux-gnu/libc.so.6)
frame #8: __clone + 0x44 (0x78f0b1344a64 in /lib/x86_64-linux-gnu/libc.so.6)

[rank7]:[W813 14:40:52.062433697 ProcessGroupNCCL.cpp:1900] [PG ID 0 PG GUID 0(default_pg) Rank 7] Failed to check the "should dump" flag on TCPStore, (maybe TCPStore server has shut down too early), with error: Broken pipe
[rank3]:[W813 14:40:52.222487846 TCPStore.cpp:106] [c10d] sendBytes failed on SocketImpl(fd=100, addr=[localhost]:49296, remote=[sgl-b300-inference.datacrunch.io]:33691): Broken pipe
Exception raised from sendBytes at /__w/pytorch/pytorch/torch/csrc/distributed/c10d/Utils.hpp:758 (most recent call first):
frame #0: c10::Error::Error(c10::SourceLocation, std::__cxx11::basic_string<char, std::char_traits<char>, std::allocator<char> >) + 0x9d (0x75604f96933d in /home/devuser/conda/envs/py312/lib/python3.12/site-packages/torch/lib/libc10.so)
frame #1: <unknown function> + 0x6811231 (0x755fadf5b231 in /home/devuser/conda/envs/py312/lib/python3.12/site-packages/torch/lib/libtorch_cpu.so)
frame #2: <unknown function> + 0x68123e1 (0x755fadf5c3e1 in /home/devuser/conda/envs/py312/lib/python3.12/site-packages/torch/lib/libtorch_cpu.so)
frame #3: <unknown function> + 0x681258d (0x755fadf5c58d in /home/devuser/conda/envs/py312/lib/python3.12/site-packages/torch/lib/libtorch_cpu.so)
frame #4: c10d::TCPStore::check(std::vector<std::__cxx11::basic_string<char, std::char_traits<char>, std::allocator<char> >, std::allocator<std::__cxx11::basic_string<char, std::char_traits<char>, std::allocator<char> > > > const&) + 0x35d (0x755fadf551dd in /home/devuser/conda/envs/py312/lib/python3.12/site-packages/torch/lib/libtorch_cpu.so)
frame #5: c10d::ProcessGroupNCCL::HeartbeatMonitor::runLoop() + 0x436 (0x755f89b8d0e6 in /home/devuser/conda/envs/py312/lib/python3.12/site-packages/torch/lib/libtorch_cuda.so)
frame #6: <unknown function> + 0xef5e4 (0x75604f4705e4 in /home/devuser/conda/envs/py312/bin/../lib/libstdc++.so.6)
frame #7: <unknown function> + 0x9caa4 (0x7560508c5aa4 in /lib/x86_64-linux-gnu/libc.so.6)
frame #8: __clone + 0x44 (0x756050952a64 in /lib/x86_64-linux-gnu/libc.so.6)

[rank3]:[W813 14:40:52.224958742 ProcessGroupNCCL.cpp:1900] [PG ID 0 PG GUID 0(default_pg) Rank 3] Failed to check the "should dump" flag on TCPStore, (maybe TCPStore server has shut down too early), with error: Broken pipe
[rank1]:[W813 14:40:52.262700340 TCPStore.cpp:106] [c10d] sendBytes failed on SocketImpl(fd=100, addr=[localhost]:49304, remote=[sgl-b300-inference.datacrunch.io]:33691): Broken pipe
Exception raised from sendBytes at /__w/pytorch/pytorch/torch/csrc/distributed/c10d/Utils.hpp:758 (most recent call first):
frame #0: c10::Error::Error(c10::SourceLocation, std::__cxx11::basic_string<char, std::char_traits<char>, std::allocator<char> >) + 0x9d (0x7d8dac76933d in /home/devuser/conda/envs/py312/lib/python3.12/site-packages/torch/lib/libc10.so)
frame #1: <unknown function> + 0x6811231 (0x7d8d0ad5b231 in /home/devuser/conda/envs/py312/lib/python3.12/site-packages/torch/lib/libtorch_cpu.so)
frame #2: <unknown function> + 0x68123e1 (0x7d8d0ad5c3e1 in /home/devuser/conda/envs/py312/lib/python3.12/site-packages/torch/lib/libtorch_cpu.so)
frame #3: <unknown function> + 0x681258d (0x7d8d0ad5c58d in /home/devuser/conda/envs/py312/lib/python3.12/site-packages/torch/lib/libtorch_cpu.so)
frame #4: c10d::TCPStore::check(std::vector<std::__cxx11::basic_string<char, std::char_traits<char>, std::allocator<char> >, std::allocator<std::__cxx11::basic_string<char, std::char_traits<char>, std::allocator<char> > > > const&) + 0x35d (0x7d8d0ad551dd in /home/devuser/conda/envs/py312/lib/python3.12/site-packages/torch/lib/libtorch_cpu.so)
frame #5: c10d::ProcessGroupNCCL::HeartbeatMonitor::runLoop() + 0x436 (0x7d8ce698d0e6 in /home/devuser/conda/envs/py312/lib/python3.12/site-packages/torch/lib/libtorch_cuda.so)
frame #6: <unknown function> + 0xef5e4 (0x7d8dac2705e4 in /home/devuser/conda/envs/py312/bin/../lib/libstdc++.so.6)
frame #7: <unknown function> + 0x9caa4 (0x7d8dad6c7aa4 in /lib/x86_64-linux-gnu/libc.so.6)
frame #8: __clone + 0x44 (0x7d8dad754a64 in /lib/x86_64-linux-gnu/libc.so.6)

[rank1]:[W813 14:40:52.264925214 ProcessGroupNCCL.cpp:1900] [PG ID 0 PG GUID 0(default_pg) Rank 1] Failed to check the "should dump" flag on TCPStore, (maybe TCPStore server has shut down too early), with error: Broken pipe
[rank0]:[W813 14:40:53.505572096 TCPStore.cpp:106] [c10d] sendBytes failed on SocketImpl(fd=100, addr=[localhost]:49270, remote=[sgl-b300-inference.datacrunch.io]:33691): Broken pipe
Exception raised from sendBytes at /__w/pytorch/pytorch/torch/csrc/distributed/c10d/Utils.hpp:758 (most recent call first):
frame #0: c10::Error::Error(c10::SourceLocation, std::__cxx11::basic_string<char, std::char_traits<char>, std::allocator<char> >) + 0x9d (0x76c6d456933d in /home/devuser/conda/envs/py312/lib/python3.12/site-packages/torch/lib/libc10.so)
frame #1: <unknown function> + 0x6811231 (0x76c66195b231 in /home/devuser/conda/envs/py312/lib/python3.12/site-packages/torch/lib/libtorch_cpu.so)
frame #2: <unknown function> + 0x68123e1 (0x76c66195c3e1 in /home/devuser/conda/envs/py312/lib/python3.12/site-packages/torch/lib/libtorch_cpu.so)
frame #3: <unknown function> + 0x681258d (0x76c66195c58d in /home/devuser/conda/envs/py312/lib/python3.12/site-packages/torch/lib/libtorch_cpu.so)
frame #4: c10d::TCPStore::check(std::vector<std::__cxx11::basic_string<char, std::char_traits<char>, std::allocator<char> >, std::allocator<std::__cxx11::basic_string<char, std::char_traits<char>, std::allocator<char> > > > const&) + 0x35d (0x76c6619551dd in /home/devuser/conda/envs/py312/lib/python3.12/site-packages/torch/lib/libtorch_cpu.so)
frame #5: c10d::ProcessGroupNCCL::HeartbeatMonitor::runLoop() + 0x436 (0x76c63d58d0e6 in /home/devuser/conda/envs/py312/lib/python3.12/site-packages/torch/lib/libtorch_cuda.so)
frame #6: <unknown function> + 0xef5e4 (0x76c702e705e4 in /home/devuser/conda/envs/py312/bin/../lib/libstdc++.so.6)
frame #7: <unknown function> + 0x9caa4 (0x76c70414faa4 in /lib/x86_64-linux-gnu/libc.so.6)
frame #8: __clone + 0x44 (0x76c7041dca64 in /lib/x86_64-linux-gnu/libc.so.6)

[rank0]:[W813 14:40:53.507647534 ProcessGroupNCCL.cpp:1900] [PG ID 0 PG GUID 0(default_pg) Rank 0] Failed to check the "should dump" flag on TCPStore, (maybe TCPStore server has shut down too early), with error: Broken pipe
[rank5]:[W813 14:40:53.717359875 TCPStore.cpp:106] [c10d] sendBytes failed on SocketImpl(fd=100, addr=[localhost]:49286, remote=[sgl-b300-inference.datacrunch.io]:33691): Broken pipe
Exception raised from sendBytes at /__w/pytorch/pytorch/torch/csrc/distributed/c10d/Utils.hpp:758 (most recent call first):
frame #0: c10::Error::Error(c10::SourceLocation, std::__cxx11::basic_string<char, std::char_traits<char>, std::allocator<char> >) + 0x9d (0x7dcf2856933d in /home/devuser/conda/envs/py312/lib/python3.12/site-packages/torch/lib/libc10.so)
frame #1: <unknown function> + 0x6811231 (0x7dce86b5b231 in /home/devuser/conda/envs/py312/lib/python3.12/site-packages/torch/lib/libtorch_cpu.so)
frame #2: <unknown function> + 0x68123e1 (0x7dce86b5c3e1 in /home/devuser/conda/envs/py312/lib/python3.12/site-packages/torch/lib/libtorch_cpu.so)
frame #3: <unknown function> + 0x681258d (0x7dce86b5c58d in /home/devuser/conda/envs/py312/lib/python3.12/site-packages/torch/lib/libtorch_cpu.so)
frame #4: c10d::TCPStore::check(std::vector<std::__cxx11::basic_string<char, std::char_traits<char>, std::allocator<char> >, std::allocator<std::__cxx11::basic_string<char, std::char_traits<char>, std::allocator<char> > > > const&) + 0x35d (0x7dce86b551dd in /home/devuser/conda/envs/py312/lib/python3.12/site-packages/torch/lib/libtorch_cpu.so)
frame #5: c10d::ProcessGroupNCCL::HeartbeatMonitor::runLoop() + 0x436 (0x7dce6278d0e6 in /home/devuser/conda/envs/py312/lib/python3.12/site-packages/torch/lib/libtorch_cuda.so)
frame #6: <unknown function> + 0xef5e4 (0x7dcf280705e4 in /home/devuser/conda/envs/py312/bin/../lib/libstdc++.so.6)
frame #7: <unknown function> + 0x9caa4 (0x7dcf29462aa4 in /lib/x86_64-linux-gnu/libc.so.6)
frame #8: __clone + 0x44 (0x7dcf294efa64 in /lib/x86_64-linux-gnu/libc.so.6)

[rank5]:[W813 14:40:53.721173201 ProcessGroupNCCL.cpp:1900] [PG ID 0 PG GUID 0(default_pg) Rank 5] Failed to check the "should dump" flag on TCPStore, (maybe TCPStore server has shut down too early), with error: Broken pipe
[rank6]:[W813 14:40:53.930624372 TCPStore.cpp:106] [c10d] sendBytes failed on SocketImpl(fd=100, addr=[localhost]:49280, remote=[sgl-b300-inference.datacrunch.io]:33691): Broken pipe
Exception raised from sendBytes at /__w/pytorch/pytorch/torch/csrc/distributed/c10d/Utils.hpp:758 (most recent call first):
frame #0: c10::Error::Error(c10::SourceLocation, std::__cxx11::basic_string<char, std::char_traits<char>, std::allocator<char> >) + 0x9d (0x79e54e76933d in /home/devuser/conda/envs/py312/lib/python3.12/site-packages/torch/lib/libc10.so)
frame #1: <unknown function> + 0x6811231 (0x79e4dbb5b231 in /home/devuser/conda/envs/py312/lib/python3.12/site-packages/torch/lib/libtorch_cpu.so)
frame #2: <unknown function> + 0x68123e1 (0x79e4dbb5c3e1 in /home/devuser/conda/envs/py312/lib/python3.12/site-packages/torch/lib/libtorch_cpu.so)
frame #3: <unknown function> + 0x681258d (0x79e4dbb5c58d in /home/devuser/conda/envs/py312/lib/python3.12/site-packages/torch/lib/libtorch_cpu.so)
frame #4: c10d::TCPStore::check(std::vector<std::__cxx11::basic_string<char, std::char_traits<char>, std::allocator<char> >, std::allocator<std::__cxx11::basic_string<char, std::char_traits<char>, std::allocator<char> > > > const&) + 0x35d (0x79e4dbb551dd in /home/devuser/conda/envs/py312/lib/python3.12/site-packages/torch/lib/libtorch_cpu.so)
frame #5: c10d::ProcessGroupNCCL::HeartbeatMonitor::runLoop() + 0x436 (0x79e4b778d0e6 in /home/devuser/conda/envs/py312/lib/python3.12/site-packages/torch/lib/libtorch_cuda.so)
frame #6: <unknown function> + 0xef5e4 (0x79e57d0705e4 in /home/devuser/conda/envs/py312/bin/../lib/libstdc++.so.6)
frame #7: <unknown function> + 0x9caa4 (0x79e57e3cdaa4 in /lib/x86_64-linux-gnu/libc.so.6)
frame #8: __clone + 0x44 (0x79e57e45aa64 in /lib/x86_64-linux-gnu/libc.so.6)

[rank6]:[W813 14:40:53.933242213 ProcessGroupNCCL.cpp:1900] [PG ID 0 PG GUID 0(default_pg) Rank 6] Failed to check the "should dump" flag on TCPStore, (maybe TCPStore server has shut down too early), with error: Broken pipe
[rank2]:[W813 14:40:53.961662690 TCPStore.cpp:106] [c10d] sendBytes failed on SocketImpl(fd=100, addr=[localhost]:49326, remote=[sgl-b300-inference.datacrunch.io]:33691): Broken pipe
Exception raised from sendBytes at /__w/pytorch/pytorch/torch/csrc/distributed/c10d/Utils.hpp:758 (most recent call first):
frame #0: c10::Error::Error(c10::SourceLocation, std::__cxx11::basic_string<char, std::char_traits<char>, std::allocator<char> >) + 0x9d (0x7dc559d6933d in /home/devuser/conda/envs/py312/lib/python3.12/site-packages/torch/lib/libc10.so)
frame #1: <unknown function> + 0x6811231 (0x7dc4b835b231 in /home/devuser/conda/envs/py312/lib/python3.12/site-packages/torch/lib/libtorch_cpu.so)
frame #2: <unknown function> + 0x68123e1 (0x7dc4b835c3e1 in /home/devuser/conda/envs/py312/lib/python3.12/site-packages/torch/lib/libtorch_cpu.so)
frame #3: <unknown function> + 0x681258d (0x7dc4b835c58d in /home/devuser/conda/envs/py312/lib/python3.12/site-packages/torch/lib/libtorch_cpu.so)
frame #4: c10d::TCPStore::check(std::vector<std::__cxx11::basic_string<char, std::char_traits<char>, std::allocator<char> >, std::allocator<std::__cxx11::basic_string<char, std::char_traits<char>, std::allocator<char> > > > const&) + 0x35d (0x7dc4b83551dd in /home/devuser/conda/envs/py312/lib/python3.12/site-packages/torch/lib/libtorch_cpu.so)
frame #5: c10d::ProcessGroupNCCL::HeartbeatMonitor::runLoop() + 0x436 (0x7dc493f8d0e6 in /home/devuser/conda/envs/py312/lib/python3.12/site-packages/torch/lib/libtorch_cuda.so)
frame #6: <unknown function> + 0xef5e4 (0x7dc5598705e4 in /home/devuser/conda/envs/py312/bin/../lib/libstdc++.so.6)
frame #7: <unknown function> + 0x9caa4 (0x7dc55ac7aaa4 in /lib/x86_64-linux-gnu/libc.so.6)
frame #8: __clone + 0x44 (0x7dc55ad07a64 in /lib/x86_64-linux-gnu/libc.so.6)

[rank2]:[W813 14:40:53.964134967 ProcessGroupNCCL.cpp:1900] [PG ID 0 PG GUID 0(default_pg) Rank 2] Failed to check the "should dump" flag on TCPStore, (maybe TCPStore server has shut down too early), with error: Broken pipe
[rank4]:[W813 14:40:53.997412398 TCPStore.cpp:106] [c10d] sendBytes failed on SocketImpl(fd=100, addr=[localhost]:49282, remote=[sgl-b300-inference.datacrunch.io]:33691): Broken pipe
Exception raised from sendBytes at /__w/pytorch/pytorch/torch/csrc/distributed/c10d/Utils.hpp:758 (most recent call first):
frame #0: c10::Error::Error(c10::SourceLocation, std::__cxx11::basic_string<char, std::char_traits<char>, std::allocator<char> >) + 0x9d (0x75c75ab6933d in /home/devuser/conda/envs/py312/lib/python3.12/site-packages/torch/lib/libc10.so)
frame #1: <unknown function> + 0x6811231 (0x75c6b915b231 in /home/devuser/conda/envs/py312/lib/python3.12/site-packages/torch/lib/libtorch_cpu.so)
frame #2: <unknown function> + 0x68123e1 (0x75c6b915c3e1 in /home/devuser/conda/envs/py312/lib/python3.12/site-packages/torch/lib/libtorch_cpu.so)
frame #3: <unknown function> + 0x681258d (0x75c6b915c58d in /home/devuser/conda/envs/py312/lib/python3.12/site-packages/torch/lib/libtorch_cpu.so)
frame #4: c10d::TCPStore::check(std::vector<std::__cxx11::basic_string<char, std::char_traits<char>, std::allocator<char> >, std::allocator<std::__cxx11::basic_string<char, std::char_traits<char>, std::allocator<char> > > > const&) + 0x35d (0x75c6b91551dd in /home/devuser/conda/envs/py312/lib/python3.12/site-packages/torch/lib/libtorch_cpu.so)
frame #5: c10d::ProcessGroupNCCL::HeartbeatMonitor::runLoop() + 0x436 (0x75c694d8d0e6 in /home/devuser/conda/envs/py312/lib/python3.12/site-packages/torch/lib/libtorch_cuda.so)
frame #6: <unknown function> + 0xef5e4 (0x75c75a6705e4 in /home/devuser/conda/envs/py312/bin/../lib/libstdc++.so.6)
frame #7: <unknown function> + 0x9caa4 (0x75c75ba7caa4 in /lib/x86_64-linux-gnu/libc.so.6)
frame #8: __clone + 0x44 (0x75c75bb09a64 in /lib/x86_64-linux-gnu/libc.so.6)

[rank4]:[W813 14:40:53.999640471 ProcessGroupNCCL.cpp:1900] [PG ID 0 PG GUID 0(default_pg) Rank 4] Failed to check the "should dump" flag on TCPStore, (maybe TCPStore server has shut down too early), with error: Broken pipe
[rank7]:[W813 14:40:53.062521986 TCPStore.cpp:106] [c10d] sendBytes failed on SocketImpl(fd=100, addr=[localhost]:49310, remote=[sgl-b300-inference.datacrunch.io]:33691): Broken pipe
Exception raised from sendBytes at /__w/pytorch/pytorch/torch/csrc/distributed/c10d/Utils.hpp:758 (most recent call first):
frame #0: c10::Error::Error(c10::SourceLocation, std::__cxx11::basic_string<char, std::char_traits<char>, std::allocator<char> >) + 0x9d (0x78f0b036933d in /home/devuser/conda/envs/py312/lib/python3.12/site-packages/torch/lib/libc10.so)
frame #1: <unknown function> + 0x6811231 (0x78f00e95b231 in /home/devuser/conda/envs/py312/lib/python3.12/site-packages/torch/lib/libtorch_cpu.so)
frame #2: <unknown function> + 0x68123e1 (0x78f00e95c3e1 in /home/devuser/conda/envs/py312/lib/python3.12/site-packages/torch/lib/libtorch_cpu.so)
frame #3: <unknown function> + 0x681258d (0x78f00e95c58d in /home/devuser/conda/envs/py312/lib/python3.12/site-packages/torch/lib/libtorch_cpu.so)
frame #4: c10d::TCPStore::check(std::vector<std::__cxx11::basic_string<char, std::char_traits<char>, std::allocator<char> >, std::allocator<std::__cxx11::basic_string<char, std::char_traits<char>, std::allocator<char> > > > const&) + 0x35d (0x78f00e9551dd in /home/devuser/conda/envs/py312/lib/python3.12/site-packages/torch/lib/libtorch_cpu.so)
frame #5: c10d::ProcessGroupNCCL::HeartbeatMonitor::runLoop() + 0x436 (0x78efea58d0e6 in /home/devuser/conda/envs/py312/lib/python3.12/site-packages/torch/lib/libtorch_cuda.so)
frame #6: <unknown function> + 0xef5e4 (0x78f0afe705e4 in /home/devuser/conda/envs/py312/bin/../lib/libstdc++.so.6)
frame #7: <unknown function> + 0x9caa4 (0x78f0b12b7aa4 in /lib/x86_64-linux-gnu/libc.so.6)
frame #8: __clone + 0x44 (0x78f0b1344a64 in /lib/x86_64-linux-gnu/libc.so.6)

[rank7]:[W813 14:40:53.064638753 ProcessGroupNCCL.cpp:1900] [PG ID 0 PG GUID 0(default_pg) Rank 7] Failed to check the "should dump" flag on TCPStore, (maybe TCPStore server has shut down too early), with error: Broken pipe
[rank3]:[W813 14:40:53.225080632 TCPStore.cpp:106] [c10d] sendBytes failed on SocketImpl(fd=100, addr=[localhost]:49296, remote=[sgl-b300-inference.datacrunch.io]:33691): Broken pipe
Exception raised from sendBytes at /__w/pytorch/pytorch/torch/csrc/distributed/c10d/Utils.hpp:758 (most recent call first):
frame #0: c10::Error::Error(c10::SourceLocation, std::__cxx11::basic_string<char, std::char_traits<char>, std::allocator<char> >) + 0x9d (0x75604f96933d in /home/devuser/conda/envs/py312/lib/python3.12/site-packages/torch/lib/libc10.so)
frame #1: <unknown function> + 0x6811231 (0x755fadf5b231 in /home/devuser/conda/envs/py312/lib/python3.12/site-packages/torch/lib/libtorch_cpu.so)
frame #2: <unknown function> + 0x68123e1 (0x755fadf5c3e1 in /home/devuser/conda/envs/py312/lib/python3.12/site-packages/torch/lib/libtorch_cpu.so)
frame #3: <unknown function> + 0x681258d (0x755fadf5c58d in /home/devuser/conda/envs/py312/lib/python3.12/site-packages/torch/lib/libtorch_cpu.so)
frame #4: c10d::TCPStore::check(std::vector<std::__cxx11::basic_string<char, std::char_traits<char>, std::allocator<char> >, std::allocator<std::__cxx11::basic_string<char, std::char_traits<char>, std::allocator<char> > > > const&) + 0x35d (0x755fadf551dd in /home/devuser/conda/envs/py312/lib/python3.12/site-packages/torch/lib/libtorch_cpu.so)
frame #5: c10d::ProcessGroupNCCL::HeartbeatMonitor::runLoop() + 0x436 (0x755f89b8d0e6 in /home/devuser/conda/envs/py312/lib/python3.12/site-packages/torch/lib/libtorch_cuda.so)
frame #6: <unknown function> + 0xef5e4 (0x75604f4705e4 in /home/devuser/conda/envs/py312/bin/../lib/libstdc++.so.6)
frame #7: <unknown function> + 0x9caa4 (0x7560508c5aa4 in /lib/x86_64-linux-gnu/libc.so.6)
frame #8: __clone + 0x44 (0x756050952a64 in /lib/x86_64-linux-gnu/libc.so.6)

[rank3]:[W813 14:40:53.227554957 ProcessGroupNCCL.cpp:1900] [PG ID 0 PG GUID 0(default_pg) Rank 3] Failed to check the "should dump" flag on TCPStore, (maybe TCPStore server has shut down too early), with error: Broken pipe
[rank1]:[W813 14:40:53.265041624 TCPStore.cpp:106] [c10d] sendBytes failed on SocketImpl(fd=100, addr=[localhost]:49304, remote=[sgl-b300-inference.datacrunch.io]:33691): Broken pipe
Exception raised from sendBytes at /__w/pytorch/pytorch/torch/csrc/distributed/c10d/Utils.hpp:758 (most recent call first):
frame #0: c10::Error::Error(c10::SourceLocation, std::__cxx11::basic_string<char, std::char_traits<char>, std::allocator<char> >) + 0x9d (0x7d8dac76933d in /home/devuser/conda/envs/py312/lib/python3.12/site-packages/torch/lib/libc10.so)
frame #1: <unknown function> + 0x6811231 (0x7d8d0ad5b231 in /home/devuser/conda/envs/py312/lib/python3.12/site-packages/torch/lib/libtorch_cpu.so)
frame #2: <unknown function> + 0x68123e1 (0x7d8d0ad5c3e1 in /home/devuser/conda/envs/py312/lib/python3.12/site-packages/torch/lib/libtorch_cpu.so)
frame #3: <unknown function> + 0x681258d (0x7d8d0ad5c58d in /home/devuser/conda/envs/py312/lib/python3.12/site-packages/torch/lib/libtorch_cpu.so)
frame #4: c10d::TCPStore::check(std::vector<std::__cxx11::basic_string<char, std::char_traits<char>, std::allocator<char> >, std::allocator<std::__cxx11::basic_string<char, std::char_traits<char>, std::allocator<char> > > > const&) + 0x35d (0x7d8d0ad551dd in /home/devuser/conda/envs/py312/lib/python3.12/site-packages/torch/lib/libtorch_cpu.so)
frame #5: c10d::ProcessGroupNCCL::HeartbeatMonitor::runLoop() + 0x436 (0x7d8ce698d0e6 in /home/devuser/conda/envs/py312/lib/python3.12/site-packages/torch/lib/libtorch_cuda.so)
frame #6: <unknown function> + 0xef5e4 (0x7d8dac2705e4 in /home/devuser/conda/envs/py312/bin/../lib/libstdc++.so.6)
frame #7: <unknown function> + 0x9caa4 (0x7d8dad6c7aa4 in /lib/x86_64-linux-gnu/libc.so.6)
frame #8: __clone + 0x44 (0x7d8dad754a64 in /lib/x86_64-linux-gnu/libc.so.6)

[rank1]:[W813 14:40:53.267226788 ProcessGroupNCCL.cpp:1900] [PG ID 0 PG GUID 0(default_pg) Rank 1] Failed to check the "should dump" flag on TCPStore, (maybe TCPStore server has shut down too early), with error: Broken pipe
[rank0]:[W813 14:40:54.507734428 TCPStore.cpp:106] [c10d] sendBytes failed on SocketImpl(fd=100, addr=[localhost]:49270, remote=[sgl-b300-inference.datacrunch.io]:33691): Broken pipe
Exception raised from sendBytes at /__w/pytorch/pytorch/torch/csrc/distributed/c10d/Utils.hpp:758 (most recent call first):
frame #0: c10::Error::Error(c10::SourceLocation, std::__cxx11::basic_string<char, std::char_traits<char>, std::allocator<char> >) + 0x9d (0x76c6d456933d in /home/devuser/conda/envs/py312/lib/python3.12/site-packages/torch/lib/libc10.so)
frame #1: <unknown function> + 0x6811231 (0x76c66195b231 in /home/devuser/conda/envs/py312/lib/python3.12/site-packages/torch/lib/libtorch_cpu.so)
frame #2: <unknown function> + 0x68123e1 (0x76c66195c3e1 in /home/devuser/conda/envs/py312/lib/python3.12/site-packages/torch/lib/libtorch_cpu.so)
frame #3: <unknown function> + 0x681258d (0x76c66195c58d in /home/devuser/conda/envs/py312/lib/python3.12/site-packages/torch/lib/libtorch_cpu.so)
frame #4: c10d::TCPStore::check(std::vector<std::__cxx11::basic_string<char, std::char_traits<char>, std::allocator<char> >, std::allocator<std::__cxx11::basic_string<char, std::char_traits<char>, std::allocator<char> > > > const&) + 0x35d (0x76c6619551dd in /home/devuser/conda/envs/py312/lib/python3.12/site-packages/torch/lib/libtorch_cpu.so)
frame #5: c10d::ProcessGroupNCCL::HeartbeatMonitor::runLoop() + 0x436 (0x76c63d58d0e6 in /home/devuser/conda/envs/py312/lib/python3.12/site-packages/torch/lib/libtorch_cuda.so)
frame #6: <unknown function> + 0xef5e4 (0x76c702e705e4 in /home/devuser/conda/envs/py312/bin/../lib/libstdc++.so.6)
frame #7: <unknown function> + 0x9caa4 (0x76c70414faa4 in /lib/x86_64-linux-gnu/libc.so.6)
frame #8: __clone + 0x44 (0x76c7041dca64 in /lib/x86_64-linux-gnu/libc.so.6)

[rank0]:[W813 14:40:54.509941122 ProcessGroupNCCL.cpp:1900] [PG ID 0 PG GUID 0(default_pg) Rank 0] Failed to check the "should dump" flag on TCPStore, (maybe TCPStore server has shut down too early), with error: Broken pipe
[rank5]:[W813 14:40:54.721350265 TCPStore.cpp:106] [c10d] sendBytes failed on SocketImpl(fd=100, addr=[localhost]:49286, remote=[sgl-b300-inference.datacrunch.io]:33691): Broken pipe
Exception raised from sendBytes at /__w/pytorch/pytorch/torch/csrc/distributed/c10d/Utils.hpp:758 (most recent call first):
frame #0: c10::Error::Error(c10::SourceLocation, std::__cxx11::basic_string<char, std::char_traits<char>, std::allocator<char> >) + 0x9d (0x7dcf2856933d in /home/devuser/conda/envs/py312/lib/python3.12/site-packages/torch/lib/libc10.so)
frame #1: <unknown function> + 0x6811231 (0x7dce86b5b231 in /home/devuser/conda/envs/py312/lib/python3.12/site-packages/torch/lib/libtorch_cpu.so)
frame #2: <unknown function> + 0x68123e1 (0x7dce86b5c3e1 in /home/devuser/conda/envs/py312/lib/python3.12/site-packages/torch/lib/libtorch_cpu.so)
frame #3: <unknown function> + 0x681258d (0x7dce86b5c58d in /home/devuser/conda/envs/py312/lib/python3.12/site-packages/torch/lib/libtorch_cpu.so)
frame #4: c10d::TCPStore::check(std::vector<std::__cxx11::basic_string<char, std::char_traits<char>, std::allocator<char> >, std::allocator<std::__cxx11::basic_string<char, std::char_traits<char>, std::allocator<char> > > > const&) + 0x35d (0x7dce86b551dd in /home/devuser/conda/envs/py312/lib/python3.12/site-packages/torch/lib/libtorch_cpu.so)
frame #5: c10d::ProcessGroupNCCL::HeartbeatMonitor::runLoop() + 0x436 (0x7dce6278d0e6 in /home/devuser/conda/envs/py312/lib/python3.12/site-packages/torch/lib/libtorch_cuda.so)
frame #6: <unknown function> + 0xef5e4 (0x7dcf280705e4 in /home/devuser/conda/envs/py312/bin/../lib/libstdc++.so.6)
frame #7: <unknown function> + 0x9caa4 (0x7dcf29462aa4 in /lib/x86_64-linux-gnu/libc.so.6)
frame #8: __clone + 0x44 (0x7dcf294efa64 in /lib/x86_64-linux-gnu/libc.so.6)

[rank5]:[W813 14:40:54.725171670 ProcessGroupNCCL.cpp:1900] [PG ID 0 PG GUID 0(default_pg) Rank 5] Failed to check the "should dump" flag on TCPStore, (maybe TCPStore server has shut down too early), with error: Broken pipe
[rank6]:[W813 14:40:54.933330360 TCPStore.cpp:106] [c10d] sendBytes failed on SocketImpl(fd=100, addr=[localhost]:49280, remote=[sgl-b300-inference.datacrunch.io]:33691): Broken pipe
Exception raised from sendBytes at /__w/pytorch/pytorch/torch/csrc/distributed/c10d/Utils.hpp:758 (most recent call first):
frame #0: c10::Error::Error(c10::SourceLocation, std::__cxx11::basic_string<char, std::char_traits<char>, std::allocator<char> >) + 0x9d (0x79e54e76933d in /home/devuser/conda/envs/py312/lib/python3.12/site-packages/torch/lib/libc10.so)
frame #1: <unknown function> + 0x6811231 (0x79e4dbb5b231 in /home/devuser/conda/envs/py312/lib/python3.12/site-packages/torch/lib/libtorch_cpu.so)
frame #2: <unknown function> + 0x68123e1 (0x79e4dbb5c3e1 in /home/devuser/conda/envs/py312/lib/python3.12/site-packages/torch/lib/libtorch_cpu.so)
frame #3: <unknown function> + 0x681258d (0x79e4dbb5c58d in /home/devuser/conda/envs/py312/lib/python3.12/site-packages/torch/lib/libtorch_cpu.so)
frame #4: c10d::TCPStore::check(std::vector<std::__cxx11::basic_string<char, std::char_traits<char>, std::allocator<char> >, std::allocator<std::__cxx11::basic_string<char, std::char_traits<char>, std::allocator<char> > > > const&) + 0x35d (0x79e4dbb551dd in /home/devuser/conda/envs/py312/lib/python3.12/site-packages/torch/lib/libtorch_cpu.so)
frame #5: c10d::ProcessGroupNCCL::HeartbeatMonitor::runLoop() + 0x436 (0x79e4b778d0e6 in /home/devuser/conda/envs/py312/lib/python3.12/site-packages/torch/lib/libtorch_cuda.so)
frame #6: <unknown function> + 0xef5e4 (0x79e57d0705e4 in /home/devuser/conda/envs/py312/bin/../lib/libstdc++.so.6)
frame #7: <unknown function> + 0x9caa4 (0x79e57e3cdaa4 in /lib/x86_64-linux-gnu/libc.so.6)
frame #8: __clone + 0x44 (0x79e57e45aa64 in /lib/x86_64-linux-gnu/libc.so.6)

[rank6]:[W813 14:40:54.935950541 ProcessGroupNCCL.cpp:1900] [PG ID 0 PG GUID 0(default_pg) Rank 6] Failed to check the "should dump" flag on TCPStore, (maybe TCPStore server has shut down too early), with error: Broken pipe
[rank2]:[W813 14:40:54.964240793 TCPStore.cpp:106] [c10d] sendBytes failed on SocketImpl(fd=100, addr=[localhost]:49326, remote=[sgl-b300-inference.datacrunch.io]:33691): Broken pipe
Exception raised from sendBytes at /__w/pytorch/pytorch/torch/csrc/distributed/c10d/Utils.hpp:758 (most recent call first):
frame #0: c10::Error::Error(c10::SourceLocation, std::__cxx11::basic_string<char, std::char_traits<char>, std::allocator<char> >) + 0x9d (0x7dc559d6933d in /home/devuser/conda/envs/py312/lib/python3.12/site-packages/torch/lib/libc10.so)
frame #1: <unknown function> + 0x6811231 (0x7dc4b835b231 in /home/devuser/conda/envs/py312/lib/python3.12/site-packages/torch/lib/libtorch_cpu.so)
frame #2: <unknown function> + 0x68123e1 (0x7dc4b835c3e1 in /home/devuser/conda/envs/py312/lib/python3.12/site-packages/torch/lib/libtorch_cpu.so)
frame #3: <unknown function> + 0x681258d (0x7dc4b835c58d in /home/devuser/conda/envs/py312/lib/python3.12/site-packages/torch/lib/libtorch_cpu.so)
frame #4: c10d::TCPStore::check(std::vector<std::__cxx11::basic_string<char, std::char_traits<char>, std::allocator<char> >, std::allocator<std::__cxx11::basic_string<char, std::char_traits<char>, std::allocator<char> > > > const&) + 0x35d (0x7dc4b83551dd in /home/devuser/conda/envs/py312/lib/python3.12/site-packages/torch/lib/libtorch_cpu.so)
frame #5: c10d::ProcessGroupNCCL::HeartbeatMonitor::runLoop() + 0x436 (0x7dc493f8d0e6 in /home/devuser/conda/envs/py312/lib/python3.12/site-packages/torch/lib/libtorch_cuda.so)
frame #6: <unknown function> + 0xef5e4 (0x7dc5598705e4 in /home/devuser/conda/envs/py312/bin/../lib/libstdc++.so.6)
frame #7: <unknown function> + 0x9caa4 (0x7dc55ac7aaa4 in /lib/x86_64-linux-gnu/libc.so.6)
frame #8: __clone + 0x44 (0x7dc55ad07a64 in /lib/x86_64-linux-gnu/libc.so.6)

[rank2]:[W813 14:40:54.966589923 ProcessGroupNCCL.cpp:1900] [PG ID 0 PG GUID 0(default_pg) Rank 2] Failed to check the "should dump" flag on TCPStore, (maybe TCPStore server has shut down too early), with error: Broken pipe
[rank4]:[W813 14:40:54.999758679 TCPStore.cpp:106] [c10d] sendBytes failed on SocketImpl(fd=100, addr=[localhost]:49282, remote=[sgl-b300-inference.datacrunch.io]:33691): Broken pipe
Exception raised from sendBytes at /__w/pytorch/pytorch/torch/csrc/distributed/c10d/Utils.hpp:758 (most recent call first):
frame #0: c10::Error::Error(c10::SourceLocation, std::__cxx11::basic_string<char, std::char_traits<char>, std::allocator<char> >) + 0x9d (0x75c75ab6933d in /home/devuser/conda/envs/py312/lib/python3.12/site-packages/torch/lib/libc10.so)
frame #1: <unknown function> + 0x6811231 (0x75c6b915b231 in /home/devuser/conda/envs/py312/lib/python3.12/site-packages/torch/lib/libtorch_cpu.so)
frame #2: <unknown function> + 0x68123e1 (0x75c6b915c3e1 in /home/devuser/conda/envs/py312/lib/python3.12/site-packages/torch/lib/libtorch_cpu.so)
frame #3: <unknown function> + 0x681258d (0x75c6b915c58d in /home/devuser/conda/envs/py312/lib/python3.12/site-packages/torch/lib/libtorch_cpu.so)
frame #4: c10d::TCPStore::check(std::vector<std::__cxx11::basic_string<char, std::char_traits<char>, std::allocator<char> >, std::allocator<std::__cxx11::basic_string<char, std::char_traits<char>, std::allocator<char> > > > const&) + 0x35d (0x75c6b91551dd in /home/devuser/conda/envs/py312/lib/python3.12/site-packages/torch/lib/libtorch_cpu.so)
frame #5: c10d::ProcessGroupNCCL::HeartbeatMonitor::runLoop() + 0x436 (0x75c694d8d0e6 in /home/devuser/conda/envs/py312/lib/python3.12/site-packages/torch/lib/libtorch_cuda.so)
frame #6: <unknown function> + 0xef5e4 (0x75c75a6705e4 in /home/devuser/conda/envs/py312/bin/../lib/libstdc++.so.6)
frame #7: <unknown function> + 0x9caa4 (0x75c75ba7caa4 in /lib/x86_64-linux-gnu/libc.so.6)
frame #8: __clone + 0x44 (0x75c75bb09a64 in /lib/x86_64-linux-gnu/libc.so.6)

[rank4]:[W813 14:40:54.002170747 ProcessGroupNCCL.cpp:1900] [PG ID 0 PG GUID 0(default_pg) Rank 4] Failed to check the "should dump" flag on TCPStore, (maybe TCPStore server has shut down too early), with error: Broken pipe
[rank7]:[W813 14:40:54.064721741 TCPStore.cpp:106] [c10d] sendBytes failed on SocketImpl(fd=100, addr=[localhost]:49310, remote=[sgl-b300-inference.datacrunch.io]:33691): Broken pipe
Exception raised from sendBytes at /__w/pytorch/pytorch/torch/csrc/distributed/c10d/Utils.hpp:758 (most recent call first):
frame #0: c10::Error::Error(c10::SourceLocation, std::__cxx11::basic_string<char, std::char_traits<char>, std::allocator<char> >) + 0x9d (0x78f0b036933d in /home/devuser/conda/envs/py312/lib/python3.12/site-packages/torch/lib/libc10.so)
frame #1: <unknown function> + 0x6811231 (0x78f00e95b231 in /home/devuser/conda/envs/py312/lib/python3.12/site-packages/torch/lib/libtorch_cpu.so)
frame #2: <unknown function> + 0x68123e1 (0x78f00e95c3e1 in /home/devuser/conda/envs/py312/lib/python3.12/site-packages/torch/lib/libtorch_cpu.so)
frame #3: <unknown function> + 0x681258d (0x78f00e95c58d in /home/devuser/conda/envs/py312/lib/python3.12/site-packages/torch/lib/libtorch_cpu.so)
frame #4: c10d::TCPStore::check(std::vector<std::__cxx11::basic_string<char, std::char_traits<char>, std::allocator<char> >, std::allocator<std::__cxx11::basic_string<char, std::char_traits<char>, std::allocator<char> > > > const&) + 0x35d (0x78f00e9551dd in /home/devuser/conda/envs/py312/lib/python3.12/site-packages/torch/lib/libtorch_cpu.so)
frame #5: c10d::ProcessGroupNCCL::HeartbeatMonitor::runLoop() + 0x436 (0x78efea58d0e6 in /home/devuser/conda/envs/py312/lib/python3.12/site-packages/torch/lib/libtorch_cuda.so)
frame #6: <unknown function> + 0xef5e4 (0x78f0afe705e4 in /home/devuser/conda/envs/py312/bin/../lib/libstdc++.so.6)
frame #7: <unknown function> + 0x9caa4 (0x78f0b12b7aa4 in /lib/x86_64-linux-gnu/libc.so.6)
frame #8: __clone + 0x44 (0x78f0b1344a64 in /lib/x86_64-linux-gnu/libc.so.6)

[rank7]:[W813 14:40:54.066860237 ProcessGroupNCCL.cpp:1900] [PG ID 0 PG GUID 0(default_pg) Rank 7] Failed to check the "should dump" flag on TCPStore, (maybe TCPStore server has shut down too early), with error: Broken pipe
[rank3]:[W813 14:40:54.227667697 TCPStore.cpp:106] [c10d] sendBytes failed on SocketImpl(fd=100, addr=[localhost]:49296, remote=[sgl-b300-inference.datacrunch.io]:33691): Broken pipe
Exception raised from sendBytes at /__w/pytorch/pytorch/torch/csrc/distributed/c10d/Utils.hpp:758 (most recent call first):
frame #0: c10::Error::Error(c10::SourceLocation, std::__cxx11::basic_string<char, std::char_traits<char>, std::allocator<char> >) + 0x9d (0x75604f96933d in /home/devuser/conda/envs/py312/lib/python3.12/site-packages/torch/lib/libc10.so)
frame #1: <unknown function> + 0x6811231 (0x755fadf5b231 in /home/devuser/conda/envs/py312/lib/python3.12/site-packages/torch/lib/libtorch_cpu.so)
frame #2: <unknown function> + 0x68123e1 (0x755fadf5c3e1 in /home/devuser/conda/envs/py312/lib/python3.12/site-packages/torch/lib/libtorch_cpu.so)
frame #3: <unknown function> + 0x681258d (0x755fadf5c58d in /home/devuser/conda/envs/py312/lib/python3.12/site-packages/torch/lib/libtorch_cpu.so)
frame #4: c10d::TCPStore::check(std::vector<std::__cxx11::basic_string<char, std::char_traits<char>, std::allocator<char> >, std::allocator<std::__cxx11::basic_string<char, std::char_traits<char>, std::allocator<char> > > > const&) + 0x35d (0x755fadf551dd in /home/devuser/conda/envs/py312/lib/python3.12/site-packages/torch/lib/libtorch_cpu.so)
frame #5: c10d::ProcessGroupNCCL::HeartbeatMonitor::runLoop() + 0x436 (0x755f89b8d0e6 in /home/devuser/conda/envs/py312/lib/python3.12/site-packages/torch/lib/libtorch_cuda.so)
frame #6: <unknown function> + 0xef5e4 (0x75604f4705e4 in /home/devuser/conda/envs/py312/bin/../lib/libstdc++.so.6)
frame #7: <unknown function> + 0x9caa4 (0x7560508c5aa4 in /lib/x86_64-linux-gnu/libc.so.6)
frame #8: __clone + 0x44 (0x756050952a64 in /lib/x86_64-linux-gnu/libc.so.6)

[rank3]:[W813 14:40:54.230121463 ProcessGroupNCCL.cpp:1900] [PG ID 0 PG GUID 0(default_pg) Rank 3] Failed to check the "should dump" flag on TCPStore, (maybe TCPStore server has shut down too early), with error: Broken pipe
[rank1]:[W813 14:40:54.267333559 TCPStore.cpp:106] [c10d] sendBytes failed on SocketImpl(fd=100, addr=[localhost]:49304, remote=[sgl-b300-inference.datacrunch.io]:33691): Broken pipe
Exception raised from sendBytes at /__w/pytorch/pytorch/torch/csrc/distributed/c10d/Utils.hpp:758 (most recent call first):
frame #0: c10::Error::Error(c10::SourceLocation, std::__cxx11::basic_string<char, std::char_traits<char>, std::allocator<char> >) + 0x9d (0x7d8dac76933d in /home/devuser/conda/envs/py312/lib/python3.12/site-packages/torch/lib/libc10.so)
frame #1: <unknown function> + 0x6811231 (0x7d8d0ad5b231 in /home/devuser/conda/envs/py312/lib/python3.12/site-packages/torch/lib/libtorch_cpu.so)
frame #2: <unknown function> + 0x68123e1 (0x7d8d0ad5c3e1 in /home/devuser/conda/envs/py312/lib/python3.12/site-packages/torch/lib/libtorch_cpu.so)
frame #3: <unknown function> + 0x681258d (0x7d8d0ad5c58d in /home/devuser/conda/envs/py312/lib/python3.12/site-packages/torch/lib/libtorch_cpu.so)
frame #4: c10d::TCPStore::check(std::vector<std::__cxx11::basic_string<char, std::char_traits<char>, std::allocator<char> >, std::allocator<std::__cxx11::basic_string<char, std::char_traits<char>, std::allocator<char> > > > const&) + 0x35d (0x7d8d0ad551dd in /home/devuser/conda/envs/py312/lib/python3.12/site-packages/torch/lib/libtorch_cpu.so)
frame #5: c10d::ProcessGroupNCCL::HeartbeatMonitor::runLoop() + 0x436 (0x7d8ce698d0e6 in /home/devuser/conda/envs/py312/lib/python3.12/site-packages/torch/lib/libtorch_cuda.so)
frame #6: <unknown function> + 0xef5e4 (0x7d8dac2705e4 in /home/devuser/conda/envs/py312/bin/../lib/libstdc++.so.6)
frame #7: <unknown function> + 0x9caa4 (0x7d8dad6c7aa4 in /lib/x86_64-linux-gnu/libc.so.6)
frame #8: __clone + 0x44 (0x7d8dad754a64 in /lib/x86_64-linux-gnu/libc.so.6)

[rank1]:[W813 14:40:54.269569341 ProcessGroupNCCL.cpp:1900] [PG ID 0 PG GUID 0(default_pg) Rank 1] Failed to check the "should dump" flag on TCPStore, (maybe TCPStore server has shut down too early), with error: Broken pipe
[rank0]:[W813 14:40:55.510031023 TCPStore.cpp:106] [c10d] sendBytes failed on SocketImpl(fd=100, addr=[localhost]:49270, remote=[sgl-b300-inference.datacrunch.io]:33691): Broken pipe
Exception raised from sendBytes at /__w/pytorch/pytorch/torch/csrc/distributed/c10d/Utils.hpp:758 (most recent call first):
frame #0: c10::Error::Error(c10::SourceLocation, std::__cxx11::basic_string<char, std::char_traits<char>, std::allocator<char> >) + 0x9d (0x76c6d456933d in /home/devuser/conda/envs/py312/lib/python3.12/site-packages/torch/lib/libc10.so)
frame #1: <unknown function> + 0x6811231 (0x76c66195b231 in /home/devuser/conda/envs/py312/lib/python3.12/site-packages/torch/lib/libtorch_cpu.so)
frame #2: <unknown function> + 0x68123e1 (0x76c66195c3e1 in /home/devuser/conda/envs/py312/lib/python3.12/site-packages/torch/lib/libtorch_cpu.so)
frame #3: <unknown function> + 0x681258d (0x76c66195c58d in /home/devuser/conda/envs/py312/lib/python3.12/site-packages/torch/lib/libtorch_cpu.so)
frame #4: c10d::TCPStore::check(std::vector<std::__cxx11::basic_string<char, std::char_traits<char>, std::allocator<char> >, std::allocator<std::__cxx11::basic_string<char, std::char_traits<char>, std::allocator<char> > > > const&) + 0x35d (0x76c6619551dd in /home/devuser/conda/envs/py312/lib/python3.12/site-packages/torch/lib/libtorch_cpu.so)
frame #5: c10d::ProcessGroupNCCL::HeartbeatMonitor::runLoop() + 0x436 (0x76c63d58d0e6 in /home/devuser/conda/envs/py312/lib/python3.12/site-packages/torch/lib/libtorch_cuda.so)
frame #6: <unknown function> + 0xef5e4 (0x76c702e705e4 in /home/devuser/conda/envs/py312/bin/../lib/libstdc++.so.6)
frame #7: <unknown function> + 0x9caa4 (0x76c70414faa4 in /lib/x86_64-linux-gnu/libc.so.6)
frame #8: __clone + 0x44 (0x76c7041dca64 in /lib/x86_64-linux-gnu/libc.so.6)

[rank0]:[W813 14:40:55.512246187 ProcessGroupNCCL.cpp:1900] [PG ID 0 PG GUID 0(default_pg) Rank 0] Failed to check the "should dump" flag on TCPStore, (maybe TCPStore server has shut down too early), with error: Broken pipe
[rank5]:[W813 14:40:55.725345911 TCPStore.cpp:106] [c10d] sendBytes failed on SocketImpl(fd=100, addr=[localhost]:49286, remote=[sgl-b300-inference.datacrunch.io]:33691): Broken pipe
Exception raised from sendBytes at /__w/pytorch/pytorch/torch/csrc/distributed/c10d/Utils.hpp:758 (most recent call first):
frame #0: c10::Error::Error(c10::SourceLocation, std::__cxx11::basic_string<char, std::char_traits<char>, std::allocator<char> >) + 0x9d (0x7dcf2856933d in /home/devuser/conda/envs/py312/lib/python3.12/site-packages/torch/lib/libc10.so)
frame #1: <unknown function> + 0x6811231 (0x7dce86b5b231 in /home/devuser/conda/envs/py312/lib/python3.12/site-packages/torch/lib/libtorch_cpu.so)
frame #2: <unknown function> + 0x68123e1 (0x7dce86b5c3e1 in /home/devuser/conda/envs/py312/lib/python3.12/site-packages/torch/lib/libtorch_cpu.so)
frame #3: <unknown function> + 0x681258d (0x7dce86b5c58d in /home/devuser/conda/envs/py312/lib/python3.12/site-packages/torch/lib/libtorch_cpu.so)
frame #4: c10d::TCPStore::check(std::vector<std::__cxx11::basic_string<char, std::char_traits<char>, std::allocator<char> >, std::allocator<std::__cxx11::basic_string<char, std::char_traits<char>, std::allocator<char> > > > const&) + 0x35d (0x7dce86b551dd in /home/devuser/conda/envs/py312/lib/python3.12/site-packages/torch/lib/libtorch_cpu.so)
frame #5: c10d::ProcessGroupNCCL::HeartbeatMonitor::runLoop() + 0x436 (0x7dce6278d0e6 in /home/devuser/conda/envs/py312/lib/python3.12/site-packages/torch/lib/libtorch_cuda.so)
frame #6: <unknown function> + 0xef5e4 (0x7dcf280705e4 in /home/devuser/conda/envs/py312/bin/../lib/libstdc++.so.6)
frame #7: <unknown function> + 0x9caa4 (0x7dcf29462aa4 in /lib/x86_64-linux-gnu/libc.so.6)
frame #8: __clone + 0x44 (0x7dcf294efa64 in /lib/x86_64-linux-gnu/libc.so.6)

[rank5]:[W813 14:40:55.729153297 ProcessGroupNCCL.cpp:1900] [PG ID 0 PG GUID 0(default_pg) Rank 5] Failed to check the "should dump" flag on TCPStore, (maybe TCPStore server has shut down too early), with error: Broken pipe
[rank6]:[W813 14:40:55.936039377 TCPStore.cpp:106] [c10d] sendBytes failed on SocketImpl(fd=100, addr=[localhost]:49280, remote=[sgl-b300-inference.datacrunch.io]:33691): Broken pipe
Exception raised from sendBytes at /__w/pytorch/pytorch/torch/csrc/distributed/c10d/Utils.hpp:758 (most recent call first):
frame #0: c10::Error::Error(c10::SourceLocation, std::__cxx11::basic_string<char, std::char_traits<char>, std::allocator<char> >) + 0x9d (0x79e54e76933d in /home/devuser/conda/envs/py312/lib/python3.12/site-packages/torch/lib/libc10.so)
frame #1: <unknown function> + 0x6811231 (0x79e4dbb5b231 in /home/devuser/conda/envs/py312/lib/python3.12/site-packages/torch/lib/libtorch_cpu.so)
frame #2: <unknown function> + 0x68123e1 (0x79e4dbb5c3e1 in /home/devuser/conda/envs/py312/lib/python3.12/site-packages/torch/lib/libtorch_cpu.so)
frame #3: <unknown function> + 0x681258d (0x79e4dbb5c58d in /home/devuser/conda/envs/py312/lib/python3.12/site-packages/torch/lib/libtorch_cpu.so)
frame #4: c10d::TCPStore::check(std::vector<std::__cxx11::basic_string<char, std::char_traits<char>, std::allocator<char> >, std::allocator<std::__cxx11::basic_string<char, std::char_traits<char>, std::allocator<char> > > > const&) + 0x35d (0x79e4dbb551dd in /home/devuser/conda/envs/py312/lib/python3.12/site-packages/torch/lib/libtorch_cpu.so)
frame #5: c10d::ProcessGroupNCCL::HeartbeatMonitor::runLoop() + 0x436 (0x79e4b778d0e6 in /home/devuser/conda/envs/py312/lib/python3.12/site-packages/torch/lib/libtorch_cuda.so)
frame #6: <unknown function> + 0xef5e4 (0x79e57d0705e4 in /home/devuser/conda/envs/py312/bin/../lib/libstdc++.so.6)
frame #7: <unknown function> + 0x9caa4 (0x79e57e3cdaa4 in /lib/x86_64-linux-gnu/libc.so.6)
frame #8: __clone + 0x44 (0x79e57e45aa64 in /lib/x86_64-linux-gnu/libc.so.6)

[rank6]:[W813 14:40:55.938606660 ProcessGroupNCCL.cpp:1900] [PG ID 0 PG GUID 0(default_pg) Rank 6] Failed to check the "should dump" flag on TCPStore, (maybe TCPStore server has shut down too early), with error: Broken pipe
[rank2]:[W813 14:40:55.966704818 TCPStore.cpp:106] [c10d] sendBytes failed on SocketImpl(fd=100, addr=[localhost]:49326, remote=[sgl-b300-inference.datacrunch.io]:33691): Broken pipe
Exception raised from sendBytes at /__w/pytorch/pytorch/torch/csrc/distributed/c10d/Utils.hpp:758 (most recent call first):
frame #0: c10::Error::Error(c10::SourceLocation, std::__cxx11::basic_string<char, std::char_traits<char>, std::allocator<char> >) + 0x9d (0x7dc559d6933d in /home/devuser/conda/envs/py312/lib/python3.12/site-packages/torch/lib/libc10.so)
frame #1: <unknown function> + 0x6811231 (0x7dc4b835b231 in /home/devuser/conda/envs/py312/lib/python3.12/site-packages/torch/lib/libtorch_cpu.so)
frame #2: <unknown function> + 0x68123e1 (0x7dc4b835c3e1 in /home/devuser/conda/envs/py312/lib/python3.12/site-packages/torch/lib/libtorch_cpu.so)
frame #3: <unknown function> + 0x681258d (0x7dc4b835c58d in /home/devuser/conda/envs/py312/lib/python3.12/site-packages/torch/lib/libtorch_cpu.so)
frame #4: c10d::TCPStore::check(std::vector<std::__cxx11::basic_string<char, std::char_traits<char>, std::allocator<char> >, std::allocator<std::__cxx11::basic_string<char, std::char_traits<char>, std::allocator<char> > > > const&) + 0x35d (0x7dc4b83551dd in /home/devuser/conda/envs/py312/lib/python3.12/site-packages/torch/lib/libtorch_cpu.so)
frame #5: c10d::ProcessGroupNCCL::HeartbeatMonitor::runLoop() + 0x436 (0x7dc493f8d0e6 in /home/devuser/conda/envs/py312/lib/python3.12/site-packages/torch/lib/libtorch_cuda.so)
frame #6: <unknown function> + 0xef5e4 (0x7dc5598705e4 in /home/devuser/conda/envs/py312/bin/../lib/libstdc++.so.6)
frame #7: <unknown function> + 0x9caa4 (0x7dc55ac7aaa4 in /lib/x86_64-linux-gnu/libc.so.6)
frame #8: __clone + 0x44 (0x7dc55ad07a64 in /lib/x86_64-linux-gnu/libc.so.6)

[rank2]:[W813 14:40:55.969212053 ProcessGroupNCCL.cpp:1900] [PG ID 0 PG GUID 0(default_pg) Rank 2] Failed to check the "should dump" flag on TCPStore, (maybe TCPStore server has shut down too early), with error: Broken pipe
[rank4]:[W813 14:40:55.002268272 TCPStore.cpp:106] [c10d] sendBytes failed on SocketImpl(fd=100, addr=[localhost]:49282, remote=[sgl-b300-inference.datacrunch.io]:33691): Broken pipe
Exception raised from sendBytes at /__w/pytorch/pytorch/torch/csrc/distributed/c10d/Utils.hpp:758 (most recent call first):
frame #0: c10::Error::Error(c10::SourceLocation, std::__cxx11::basic_string<char, std::char_traits<char>, std::allocator<char> >) + 0x9d (0x75c75ab6933d in /home/devuser/conda/envs/py312/lib/python3.12/site-packages/torch/lib/libc10.so)
frame #1: <unknown function> + 0x6811231 (0x75c6b915b231 in /home/devuser/conda/envs/py312/lib/python3.12/site-packages/torch/lib/libtorch_cpu.so)
frame #2: <unknown function> + 0x68123e1 (0x75c6b915c3e1 in /home/devuser/conda/envs/py312/lib/python3.12/site-packages/torch/lib/libtorch_cpu.so)
frame #3: <unknown function> + 0x681258d (0x75c6b915c58d in /home/devuser/conda/envs/py312/lib/python3.12/site-packages/torch/lib/libtorch_cpu.so)
frame #4: c10d::TCPStore::check(std::vector<std::__cxx11::basic_string<char, std::char_traits<char>, std::allocator<char> >, std::allocator<std::__cxx11::basic_string<char, std::char_traits<char>, std::allocator<char> > > > const&) + 0x35d (0x75c6b91551dd in /home/devuser/conda/envs/py312/lib/python3.12/site-packages/torch/lib/libtorch_cpu.so)
frame #5: c10d::ProcessGroupNCCL::HeartbeatMonitor::runLoop() + 0x436 (0x75c694d8d0e6 in /home/devuser/conda/envs/py312/lib/python3.12/site-packages/torch/lib/libtorch_cuda.so)
frame #6: <unknown function> + 0xef5e4 (0x75c75a6705e4 in /home/devuser/conda/envs/py312/bin/../lib/libstdc++.so.6)
frame #7: <unknown function> + 0x9caa4 (0x75c75ba7caa4 in /lib/x86_64-linux-gnu/libc.so.6)
frame #8: __clone + 0x44 (0x75c75bb09a64 in /lib/x86_64-linux-gnu/libc.so.6)

[rank4]:[W813 14:40:55.004607872 ProcessGroupNCCL.cpp:1900] [PG ID 0 PG GUID 0(default_pg) Rank 4] Failed to check the "should dump" flag on TCPStore, (maybe TCPStore server has shut down too early), with error: Broken pipe
[rank7]:[W813 14:40:55.066943904 TCPStore.cpp:106] [c10d] sendBytes failed on SocketImpl(fd=100, addr=[localhost]:49310, remote=[sgl-b300-inference.datacrunch.io]:33691): Broken pipe
Exception raised from sendBytes at /__w/pytorch/pytorch/torch/csrc/distributed/c10d/Utils.hpp:758 (most recent call first):
frame #0: c10::Error::Error(c10::SourceLocation, std::__cxx11::basic_string<char, std::char_traits<char>, std::allocator<char> >) + 0x9d (0x78f0b036933d in /home/devuser/conda/envs/py312/lib/python3.12/site-packages/torch/lib/libc10.so)
frame #1: <unknown function> + 0x6811231 (0x78f00e95b231 in /home/devuser/conda/envs/py312/lib/python3.12/site-packages/torch/lib/libtorch_cpu.so)
frame #2: <unknown function> + 0x68123e1 (0x78f00e95c3e1 in /home/devuser/conda/envs/py312/lib/python3.12/site-packages/torch/lib/libtorch_cpu.so)
frame #3: <unknown function> + 0x681258d (0x78f00e95c58d in /home/devuser/conda/envs/py312/lib/python3.12/site-packages/torch/lib/libtorch_cpu.so)
frame #4: c10d::TCPStore::check(std::vector<std::__cxx11::basic_string<char, std::char_traits<char>, std::allocator<char> >, std::allocator<std::__cxx11::basic_string<char, std::char_traits<char>, std::allocator<char> > > > const&) + 0x35d (0x78f00e9551dd in /home/devuser/conda/envs/py312/lib/python3.12/site-packages/torch/lib/libtorch_cpu.so)
frame #5: c10d::ProcessGroupNCCL::HeartbeatMonitor::runLoop() + 0x436 (0x78efea58d0e6 in /home/devuser/conda/envs/py312/lib/python3.12/site-packages/torch/lib/libtorch_cuda.so)
frame #6: <unknown function> + 0xef5e4 (0x78f0afe705e4 in /home/devuser/conda/envs/py312/bin/../lib/libstdc++.so.6)
frame #7: <unknown function> + 0x9caa4 (0x78f0b12b7aa4 in /lib/x86_64-linux-gnu/libc.so.6)
frame #8: __clone + 0x44 (0x78f0b1344a64 in /lib/x86_64-linux-gnu/libc.so.6)

[rank7]:[W813 14:40:55.069045901 ProcessGroupNCCL.cpp:1900] [PG ID 0 PG GUID 0(default_pg) Rank 7] Failed to check the "should dump" flag on TCPStore, (maybe TCPStore server has shut down too early), with error: Broken pipe
[rank3]:[W813 14:40:55.230231371 TCPStore.cpp:106] [c10d] sendBytes failed on SocketImpl(fd=100, addr=[localhost]:49296, remote=[sgl-b300-inference.datacrunch.io]:33691): Broken pipe
Exception raised from sendBytes at /__w/pytorch/pytorch/torch/csrc/distributed/c10d/Utils.hpp:758 (most recent call first):
frame #0: c10::Error::Error(c10::SourceLocation, std::__cxx11::basic_string<char, std::char_traits<char>, std::allocator<char> >) + 0x9d (0x75604f96933d in /home/devuser/conda/envs/py312/lib/python3.12/site-packages/torch/lib/libc10.so)
frame #1: <unknown function> + 0x6811231 (0x755fadf5b231 in /home/devuser/conda/envs/py312/lib/python3.12/site-packages/torch/lib/libtorch_cpu.so)
frame #2: <unknown function> + 0x68123e1 (0x755fadf5c3e1 in /home/devuser/conda/envs/py312/lib/python3.12/site-packages/torch/lib/libtorch_cpu.so)
frame #3: <unknown function> + 0x681258d (0x755fadf5c58d in /home/devuser/conda/envs/py312/lib/python3.12/site-packages/torch/lib/libtorch_cpu.so)
frame #4: c10d::TCPStore::check(std::vector<std::__cxx11::basic_string<char, std::char_traits<char>, std::allocator<char> >, std::allocator<std::__cxx11::basic_string<char, std::char_traits<char>, std::allocator<char> > > > const&) + 0x35d (0x755fadf551dd in /home/devuser/conda/envs/py312/lib/python3.12/site-packages/torch/lib/libtorch_cpu.so)
frame #5: c10d::ProcessGroupNCCL::HeartbeatMonitor::runLoop() + 0x436 (0x755f89b8d0e6 in /home/devuser/conda/envs/py312/lib/python3.12/site-packages/torch/lib/libtorch_cuda.so)
frame #6: <unknown function> + 0xef5e4 (0x75604f4705e4 in /home/devuser/conda/envs/py312/bin/../lib/libstdc++.so.6)
frame #7: <unknown function> + 0x9caa4 (0x7560508c5aa4 in /lib/x86_64-linux-gnu/libc.so.6)
frame #8: __clone + 0x44 (0x756050952a64 in /lib/x86_64-linux-gnu/libc.so.6)

[rank3]:[W813 14:40:55.232646719 ProcessGroupNCCL.cpp:1900] [PG ID 0 PG GUID 0(default_pg) Rank 3] Failed to check the "should dump" flag on TCPStore, (maybe TCPStore server has shut down too early), with error: Broken pipe
[rank1]:[W813 14:40:55.269664239 TCPStore.cpp:106] [c10d] sendBytes failed on SocketImpl(fd=100, addr=[localhost]:49304, remote=[sgl-b300-inference.datacrunch.io]:33691): Broken pipe
Exception raised from sendBytes at /__w/pytorch/pytorch/torch/csrc/distributed/c10d/Utils.hpp:758 (most recent call first):
frame #0: c10::Error::Error(c10::SourceLocation, std::__cxx11::basic_string<char, std::char_traits<char>, std::allocator<char> >) + 0x9d (0x7d8dac76933d in /home/devuser/conda/envs/py312/lib/python3.12/site-packages/torch/lib/libc10.so)
frame #1: <unknown function> + 0x6811231 (0x7d8d0ad5b231 in /home/devuser/conda/envs/py312/lib/python3.12/site-packages/torch/lib/libtorch_cpu.so)
frame #2: <unknown function> + 0x68123e1 (0x7d8d0ad5c3e1 in /home/devuser/conda/envs/py312/lib/python3.12/site-packages/torch/lib/libtorch_cpu.so)
frame #3: <unknown function> + 0x681258d (0x7d8d0ad5c58d in /home/devuser/conda/envs/py312/lib/python3.12/site-packages/torch/lib/libtorch_cpu.so)
frame #4: c10d::TCPStore::check(std::vector<std::__cxx11::basic_string<char, std::char_traits<char>, std::allocator<char> >, std::allocator<std::__cxx11::basic_string<char, std::char_traits<char>, std::allocator<char> > > > const&) + 0x35d (0x7d8d0ad551dd in /home/devuser/conda/envs/py312/lib/python3.12/site-packages/torch/lib/libtorch_cpu.so)
frame #5: c10d::ProcessGroupNCCL::HeartbeatMonitor::runLoop() + 0x436 (0x7d8ce698d0e6 in /home/devuser/conda/envs/py312/lib/python3.12/site-packages/torch/lib/libtorch_cuda.so)
frame #6: <unknown function> + 0xef5e4 (0x7d8dac2705e4 in /home/devuser/conda/envs/py312/bin/../lib/libstdc++.so.6)
frame #7: <unknown function> + 0x9caa4 (0x7d8dad6c7aa4 in /lib/x86_64-linux-gnu/libc.so.6)
frame #8: __clone + 0x44 (0x7d8dad754a64 in /lib/x86_64-linux-gnu/libc.so.6)

[rank1]:[W813 14:40:55.271771796 ProcessGroupNCCL.cpp:1900] [PG ID 0 PG GUID 0(default_pg) Rank 1] Failed to check the "should dump" flag on TCPStore, (maybe TCPStore server has shut down too early), with error: Broken pipe
[rank0]:[W813 14:40:56.512336248 TCPStore.cpp:106] [c10d] sendBytes failed on SocketImpl(fd=100, addr=[localhost]:49270, remote=[sgl-b300-inference.datacrunch.io]:33691): Broken pipe
Exception raised from sendBytes at /__w/pytorch/pytorch/torch/csrc/distributed/c10d/Utils.hpp:758 (most recent call first):
frame #0: c10::Error::Error(c10::SourceLocation, std::__cxx11::basic_string<char, std::char_traits<char>, std::allocator<char> >) + 0x9d (0x76c6d456933d in /home/devuser/conda/envs/py312/lib/python3.12/site-packages/torch/lib/libc10.so)
frame #1: <unknown function> + 0x6811231 (0x76c66195b231 in /home/devuser/conda/envs/py312/lib/python3.12/site-packages/torch/lib/libtorch_cpu.so)
frame #2: <unknown function> + 0x68123e1 (0x76c66195c3e1 in /home/devuser/conda/envs/py312/lib/python3.12/site-packages/torch/lib/libtorch_cpu.so)
frame #3: <unknown function> + 0x681258d (0x76c66195c58d in /home/devuser/conda/envs/py312/lib/python3.12/site-packages/torch/lib/libtorch_cpu.so)
frame #4: c10d::TCPStore::check(std::vector<std::__cxx11::basic_string<char, std::char_traits<char>, std::allocator<char> >, std::allocator<std::__cxx11::basic_string<char, std::char_traits<char>, std::allocator<char> > > > const&) + 0x35d (0x76c6619551dd in /home/devuser/conda/envs/py312/lib/python3.12/site-packages/torch/lib/libtorch_cpu.so)
frame #5: c10d::ProcessGroupNCCL::HeartbeatMonitor::runLoop() + 0x436 (0x76c63d58d0e6 in /home/devuser/conda/envs/py312/lib/python3.12/site-packages/torch/lib/libtorch_cuda.so)
frame #6: <unknown function> + 0xef5e4 (0x76c702e705e4 in /home/devuser/conda/envs/py312/bin/../lib/libstdc++.so.6)
frame #7: <unknown function> + 0x9caa4 (0x76c70414faa4 in /lib/x86_64-linux-gnu/libc.so.6)
frame #8: __clone + 0x44 (0x76c7041dca64 in /lib/x86_64-linux-gnu/libc.so.6)

[rank0]:[W813 14:40:56.514535482 ProcessGroupNCCL.cpp:1900] [PG ID 0 PG GUID 0(default_pg) Rank 0] Failed to check the "should dump" flag on TCPStore, (maybe TCPStore server has shut down too early), with error: Broken pipe
[rank5]:[W813 14:40:56.729246439 TCPStore.cpp:106] [c10d] sendBytes failed on SocketImpl(fd=100, addr=[localhost]:49286, remote=[sgl-b300-inference.datacrunch.io]:33691): Broken pipe
Exception raised from sendBytes at /__w/pytorch/pytorch/torch/csrc/distributed/c10d/Utils.hpp:758 (most recent call first):
frame #0: c10::Error::Error(c10::SourceLocation, std::__cxx11::basic_string<char, std::char_traits<char>, std::allocator<char> >) + 0x9d (0x7dcf2856933d in /home/devuser/conda/envs/py312/lib/python3.12/site-packages/torch/lib/libc10.so)
frame #1: <unknown function> + 0x6811231 (0x7dce86b5b231 in /home/devuser/conda/envs/py312/lib/python3.12/site-packages/torch/lib/libtorch_cpu.so)
frame #2: <unknown function> + 0x68123e1 (0x7dce86b5c3e1 in /home/devuser/conda/envs/py312/lib/python3.12/site-packages/torch/lib/libtorch_cpu.so)
frame #3: <unknown function> + 0x681258d (0x7dce86b5c58d in /home/devuser/conda/envs/py312/lib/python3.12/site-packages/torch/lib/libtorch_cpu.so)
frame #4: c10d::TCPStore::check(std::vector<std::__cxx11::basic_string<char, std::char_traits<char>, std::allocator<char> >, std::allocator<std::__cxx11::basic_string<char, std::char_traits<char>, std::allocator<char> > > > const&) + 0x35d (0x7dce86b551dd in /home/devuser/conda/envs/py312/lib/python3.12/site-packages/torch/lib/libtorch_cpu.so)
frame #5: c10d::ProcessGroupNCCL::HeartbeatMonitor::runLoop() + 0x436 (0x7dce6278d0e6 in /home/devuser/conda/envs/py312/lib/python3.12/site-packages/torch/lib/libtorch_cuda.so)
frame #6: <unknown function> + 0xef5e4 (0x7dcf280705e4 in /home/devuser/conda/envs/py312/bin/../lib/libstdc++.so.6)
frame #7: <unknown function> + 0x9caa4 (0x7dcf29462aa4 in /lib/x86_64-linux-gnu/libc.so.6)
frame #8: __clone + 0x44 (0x7dcf294efa64 in /lib/x86_64-linux-gnu/libc.so.6)

[rank5]:[W813 14:40:56.733120853 ProcessGroupNCCL.cpp:1900] [PG ID 0 PG GUID 0(default_pg) Rank 5] Failed to check the "should dump" flag on TCPStore, (maybe TCPStore server has shut down too early), with error: Broken pipe
[rank6]:[W813 14:40:56.938696775 TCPStore.cpp:106] [c10d] sendBytes failed on SocketImpl(fd=100, addr=[localhost]:49280, remote=[sgl-b300-inference.datacrunch.io]:33691): Broken pipe
Exception raised from sendBytes at /__w/pytorch/pytorch/torch/csrc/distributed/c10d/Utils.hpp:758 (most recent call first):
frame #0: c10::Error::Error(c10::SourceLocation, std::__cxx11::basic_string<char, std::char_traits<char>, std::allocator<char> >) + 0x9d (0x79e54e76933d in /home/devuser/conda/envs/py312/lib/python3.12/site-packages/torch/lib/libc10.so)
frame #1: <unknown function> + 0x6811231 (0x79e4dbb5b231 in /home/devuser/conda/envs/py312/lib/python3.12/site-packages/torch/lib/libtorch_cpu.so)
frame #2: <unknown function> + 0x68123e1 (0x79e4dbb5c3e1 in /home/devuser/conda/envs/py312/lib/python3.12/site-packages/torch/lib/libtorch_cpu.so)
frame #3: <unknown function> + 0x681258d (0x79e4dbb5c58d in /home/devuser/conda/envs/py312/lib/python3.12/site-packages/torch/lib/libtorch_cpu.so)
frame #4: c10d::TCPStore::check(std::vector<std::__cxx11::basic_string<char, std::char_traits<char>, std::allocator<char> >, std::allocator<std::__cxx11::basic_string<char, std::char_traits<char>, std::allocator<char> > > > const&) + 0x35d (0x79e4dbb551dd in /home/devuser/conda/envs/py312/lib/python3.12/site-packages/torch/lib/libtorch_cpu.so)
frame #5: c10d::ProcessGroupNCCL::HeartbeatMonitor::runLoop() + 0x436 (0x79e4b778d0e6 in /home/devuser/conda/envs/py312/lib/python3.12/site-packages/torch/lib/libtorch_cuda.so)
frame #6: <unknown function> + 0xef5e4 (0x79e57d0705e4 in /home/devuser/conda/envs/py312/bin/../lib/libstdc++.so.6)
frame #7: <unknown function> + 0x9caa4 (0x79e57e3cdaa4 in /lib/x86_64-linux-gnu/libc.so.6)
frame #8: __clone + 0x44 (0x79e57e45aa64 in /lib/x86_64-linux-gnu/libc.so.6)

[rank6]:[W813 14:40:56.941270228 ProcessGroupNCCL.cpp:1900] [PG ID 0 PG GUID 0(default_pg) Rank 6] Failed to check the "should dump" flag on TCPStore, (maybe TCPStore server has shut down too early), with error: Broken pipe
[rank2]:[W813 14:40:56.969308318 TCPStore.cpp:106] [c10d] sendBytes failed on SocketImpl(fd=100, addr=[localhost]:49326, remote=[sgl-b300-inference.datacrunch.io]:33691): Broken pipe
Exception raised from sendBytes at /__w/pytorch/pytorch/torch/csrc/distributed/c10d/Utils.hpp:758 (most recent call first):
frame #0: c10::Error::Error(c10::SourceLocation, std::__cxx11::basic_string<char, std::char_traits<char>, std::allocator<char> >) + 0x9d (0x7dc559d6933d in /home/devuser/conda/envs/py312/lib/python3.12/site-packages/torch/lib/libc10.so)
frame #1: <unknown function> + 0x6811231 (0x7dc4b835b231 in /home/devuser/conda/envs/py312/lib/python3.12/site-packages/torch/lib/libtorch_cpu.so)
frame #2: <unknown function> + 0x68123e1 (0x7dc4b835c3e1 in /home/devuser/conda/envs/py312/lib/python3.12/site-packages/torch/lib/libtorch_cpu.so)
frame #3: <unknown function> + 0x681258d (0x7dc4b835c58d in /home/devuser/conda/envs/py312/lib/python3.12/site-packages/torch/lib/libtorch_cpu.so)
frame #4: c10d::TCPStore::check(std::vector<std::__cxx11::basic_string<char, std::char_traits<char>, std::allocator<char> >, std::allocator<std::__cxx11::basic_string<char, std::char_traits<char>, std::allocator<char> > > > const&) + 0x35d (0x7dc4b83551dd in /home/devuser/conda/envs/py312/lib/python3.12/site-packages/torch/lib/libtorch_cpu.so)
frame #5: c10d::ProcessGroupNCCL::HeartbeatMonitor::runLoop() + 0x436 (0x7dc493f8d0e6 in /home/devuser/conda/envs/py312/lib/python3.12/site-packages/torch/lib/libtorch_cuda.so)
frame #6: <unknown function> + 0xef5e4 (0x7dc5598705e4 in /home/devuser/conda/envs/py312/bin/../lib/libstdc++.so.6)
frame #7: <unknown function> + 0x9caa4 (0x7dc55ac7aaa4 in /lib/x86_64-linux-gnu/libc.so.6)
frame #8: __clone + 0x44 (0x7dc55ad07a64 in /lib/x86_64-linux-gnu/libc.so.6)

[rank2]:[W813 14:40:56.971812613 ProcessGroupNCCL.cpp:1900] [PG ID 0 PG GUID 0(default_pg) Rank 2] Failed to check the "should dump" flag on TCPStore, (maybe TCPStore server has shut down too early), with error: Broken pipe
[rank4]:[W813 14:40:56.004726767 TCPStore.cpp:106] [c10d] sendBytes failed on SocketImpl(fd=100, addr=[localhost]:49282, remote=[sgl-b300-inference.datacrunch.io]:33691): Broken pipe
Exception raised from sendBytes at /__w/pytorch/pytorch/torch/csrc/distributed/c10d/Utils.hpp:758 (most recent call first):
frame #0: c10::Error::Error(c10::SourceLocation, std::__cxx11::basic_string<char, std::char_traits<char>, std::allocator<char> >) + 0x9d (0x75c75ab6933d in /home/devuser/conda/envs/py312/lib/python3.12/site-packages/torch/lib/libc10.so)
frame #1: <unknown function> + 0x6811231 (0x75c6b915b231 in /home/devuser/conda/envs/py312/lib/python3.12/site-packages/torch/lib/libtorch_cpu.so)
frame #2: <unknown function> + 0x68123e1 (0x75c6b915c3e1 in /home/devuser/conda/envs/py312/lib/python3.12/site-packages/torch/lib/libtorch_cpu.so)
frame #3: <unknown function> + 0x681258d (0x75c6b915c58d in /home/devuser/conda/envs/py312/lib/python3.12/site-packages/torch/lib/libtorch_cpu.so)
frame #4: c10d::TCPStore::check(std::vector<std::__cxx11::basic_string<char, std::char_traits<char>, std::allocator<char> >, std::allocator<std::__cxx11::basic_string<char, std::char_traits<char>, std::allocator<char> > > > const&) + 0x35d (0x75c6b91551dd in /home/devuser/conda/envs/py312/lib/python3.12/site-packages/torch/lib/libtorch_cpu.so)
frame #5: c10d::ProcessGroupNCCL::HeartbeatMonitor::runLoop() + 0x436 (0x75c694d8d0e6 in /home/devuser/conda/envs/py312/lib/python3.12/site-packages/torch/lib/libtorch_cuda.so)
frame #6: <unknown function> + 0xef5e4 (0x75c75a6705e4 in /home/devuser/conda/envs/py312/bin/../lib/libstdc++.so.6)
frame #7: <unknown function> + 0x9caa4 (0x75c75ba7caa4 in /lib/x86_64-linux-gnu/libc.so.6)
frame #8: __clone + 0x44 (0x75c75bb09a64 in /lib/x86_64-linux-gnu/libc.so.6)

[rank4]:[W813 14:40:56.007128605 ProcessGroupNCCL.cpp:1900] [PG ID 0 PG GUID 0(default_pg) Rank 4] Failed to check the "should dump" flag on TCPStore, (maybe TCPStore server has shut down too early), with error: Broken pipe
[rank7]:[W813 14:40:56.069127737 TCPStore.cpp:106] [c10d] sendBytes failed on SocketImpl(fd=100, addr=[localhost]:49310, remote=[sgl-b300-inference.datacrunch.io]:33691): Broken pipe
Exception raised from sendBytes at /__w/pytorch/pytorch/torch/csrc/distributed/c10d/Utils.hpp:758 (most recent call first):
frame #0: c10::Error::Error(c10::SourceLocation, std::__cxx11::basic_string<char, std::char_traits<char>, std::allocator<char> >) + 0x9d (0x78f0b036933d in /home/devuser/conda/envs/py312/lib/python3.12/site-packages/torch/lib/libc10.so)
frame #1: <unknown function> + 0x6811231 (0x78f00e95b231 in /home/devuser/conda/envs/py312/lib/python3.12/site-packages/torch/lib/libtorch_cpu.so)
frame #2: <unknown function> + 0x68123e1 (0x78f00e95c3e1 in /home/devuser/conda/envs/py312/lib/python3.12/site-packages/torch/lib/libtorch_cpu.so)
frame #3: <unknown function> + 0x681258d (0x78f00e95c58d in /home/devuser/conda/envs/py312/lib/python3.12/site-packages/torch/lib/libtorch_cpu.so)
frame #4: c10d::TCPStore::check(std::vector<std::__cxx11::basic_string<char, std::char_traits<char>, std::allocator<char> >, std::allocator<std::__cxx11::basic_string<char, std::char_traits<char>, std::allocator<char> > > > const&) + 0x35d (0x78f00e9551dd in /home/devuser/conda/envs/py312/lib/python3.12/site-packages/torch/lib/libtorch_cpu.so)
frame #5: c10d::ProcessGroupNCCL::HeartbeatMonitor::runLoop() + 0x436 (0x78efea58d0e6 in /home/devuser/conda/envs/py312/lib/python3.12/site-packages/torch/lib/libtorch_cuda.so)
frame #6: <unknown function> + 0xef5e4 (0x78f0afe705e4 in /home/devuser/conda/envs/py312/bin/../lib/libstdc++.so.6)
frame #7: <unknown function> + 0x9caa4 (0x78f0b12b7aa4 in /lib/x86_64-linux-gnu/libc.so.6)
frame #8: __clone + 0x44 (0x78f0b1344a64 in /lib/x86_64-linux-gnu/libc.so.6)

[rank7]:[W813 14:40:56.071323061 ProcessGroupNCCL.cpp:1900] [PG ID 0 PG GUID 0(default_pg) Rank 7] Failed to check the "should dump" flag on TCPStore, (maybe TCPStore server has shut down too early), with error: Broken pipe
