stage,tokens,knobs_json,closure,paced,median_ms,bitexact,status,kernel_commit,timestamp,config_id,median_max_ms,bitexact_view,maxd,compile_s,error
1,128,"{""cluster_shape_mnk"":[2,1,1],""epi_flag_batch"":[1,2],""flag_batch"":4,""group_hint"":512,""in_kernel_fc2_reduce"":false,""load_balance_mode"":""atomic_counter"",""mma_tiler_mnk"":[256,64,256],""non_ubulk_fc2_store"":true,""tail_fused_reduce"":true,""token_back_mode"":""standalone_warps""}",view,false,,,INVALID,665c5976,2026-08-13T20:53:05,s1-008,,,,,tail_fused_reduce requires epi_warps token-back
1,128,"{""cluster_shape_mnk"":[2,1,1],""epi_flag_batch"":[1,2],""flag_batch"":4,""group_hint"":512,""in_kernel_fc2_reduce"":false,""load_balance_mode"":""atomic_counter"",""mma_tiler_mnk"":[256,64,256],""non_ubulk_fc2_store"":false,""tail_fused_reduce"":true,""token_back_mode"":""standalone_warps""}",view,false,,,INVALID,665c5976,2026-08-13T20:53:05,s1-010,,,,,tail_fused_reduce requires epi_warps token-back
1,128,"{""cluster_shape_mnk"":[2,1,1],""epi_flag_batch"":[1,2],""flag_batch"":4,""group_hint"":512,""in_kernel_fc2_reduce"":false,""load_balance_mode"":""atomic_counter"",""mma_tiler_mnk"":[256,64,256],""non_ubulk_fc2_store"":false,""tail_fused_reduce"":false,""token_back_mode"":""standalone_warps""}",view,false,,,INVALID,665c5976,2026-08-13T20:53:05,s1-011,,,,,dispatch-warp token-back requires non-UBLK fc2 store
1,128,"{""cluster_shape_mnk"":[2,1,1],""epi_flag_batch"":[1,2],""flag_batch"":4,""group_hint"":512,""in_kernel_fc2_reduce"":false,""load_balance_mode"":""static"",""mma_tiler_mnk"":[256,64,256],""non_ubulk_fc2_store"":true,""tail_fused_reduce"":true,""token_back_mode"":""standalone_warps""}",view,false,,,INVALID,665c5976,2026-08-13T20:53:05,s1-012,,,,,tail_fused_reduce requires epi_warps token-back
1,128,"{""cluster_shape_mnk"":[2,1,1],""epi_flag_batch"":[1,2],""flag_batch"":4,""group_hint"":512,""in_kernel_fc2_reduce"":false,""load_balance_mode"":""static"",""mma_tiler_mnk"":[256,64,256],""non_ubulk_fc2_store"":false,""tail_fused_reduce"":true,""token_back_mode"":""standalone_warps""}",view,false,,,INVALID,665c5976,2026-08-13T20:53:05,s1-014,,,,,tail_fused_reduce requires epi_warps token-back
1,128,"{""cluster_shape_mnk"":[2,1,1],""epi_flag_batch"":[1,2],""flag_batch"":4,""group_hint"":512,""in_kernel_fc2_reduce"":false,""load_balance_mode"":""static"",""mma_tiler_mnk"":[256,64,256],""non_ubulk_fc2_store"":false,""tail_fused_reduce"":false,""token_back_mode"":""standalone_warps""}",view,false,,,INVALID,665c5976,2026-08-13T20:53:05,s1-015,,,,,dispatch-warp token-back requires non-UBLK fc2 store
1,128,"{""cluster_shape_mnk"":[2,1,1],""epi_flag_batch"":[1,2],""flag_batch"":4,""group_hint"":512,""in_kernel_fc2_reduce"":false,""load_balance_mode"":""atomic_counter"",""mma_tiler_mnk"":[256,64,256],""non_ubulk_fc2_store"":true,""tail_fused_reduce"":true,""token_back_mode"":""reuse_dispatch_warps""}",view,false,,,INVALID,665c5976,2026-08-13T20:53:05,s1-016,,,,,tail_fused_reduce requires epi_warps token-back
1,128,"{""cluster_shape_mnk"":[2,1,1],""epi_flag_batch"":[1,2],""flag_batch"":4,""group_hint"":512,""in_kernel_fc2_reduce"":false,""load_balance_mode"":""atomic_counter"",""mma_tiler_mnk"":[256,64,256],""non_ubulk_fc2_store"":false,""tail_fused_reduce"":true,""token_back_mode"":""reuse_dispatch_warps""}",view,false,,,INVALID,665c5976,2026-08-13T20:53:05,s1-018,,,,,tail_fused_reduce requires epi_warps token-back
1,128,"{""cluster_shape_mnk"":[2,1,1],""epi_flag_batch"":[1,2],""flag_batch"":4,""group_hint"":512,""in_kernel_fc2_reduce"":false,""load_balance_mode"":""atomic_counter"",""mma_tiler_mnk"":[256,64,256],""non_ubulk_fc2_store"":false,""tail_fused_reduce"":false,""token_back_mode"":""reuse_dispatch_warps""}",view,false,,,INVALID,665c5976,2026-08-13T20:53:05,s1-019,,,,,dispatch-warp token-back requires non-UBLK fc2 store
1,128,"{""cluster_shape_mnk"":[2,1,1],""epi_flag_batch"":[1,2],""flag_batch"":4,""group_hint"":512,""in_kernel_fc2_reduce"":false,""load_balance_mode"":""static"",""mma_tiler_mnk"":[256,64,256],""non_ubulk_fc2_store"":true,""tail_fused_reduce"":true,""token_back_mode"":""reuse_dispatch_warps""}",view,false,,,INVALID,665c5976,2026-08-13T20:53:05,s1-020,,,,,tail_fused_reduce requires epi_warps token-back
1,128,"{""cluster_shape_mnk"":[2,1,1],""epi_flag_batch"":[1,2],""flag_batch"":4,""group_hint"":512,""in_kernel_fc2_reduce"":false,""load_balance_mode"":""static"",""mma_tiler_mnk"":[256,64,256],""non_ubulk_fc2_store"":false,""tail_fused_reduce"":true,""token_back_mode"":""reuse_dispatch_warps""}",view,false,,,INVALID,665c5976,2026-08-13T20:53:05,s1-022,,,,,tail_fused_reduce requires epi_warps token-back
1,128,"{""cluster_shape_mnk"":[2,1,1],""epi_flag_batch"":[1,2],""flag_batch"":4,""group_hint"":512,""in_kernel_fc2_reduce"":false,""load_balance_mode"":""static"",""mma_tiler_mnk"":[256,64,256],""non_ubulk_fc2_store"":false,""tail_fused_reduce"":false,""token_back_mode"":""reuse_dispatch_warps""}",view,false,,,INVALID,665c5976,2026-08-13T20:53:05,s1-023,,,,,dispatch-warp token-back requires non-UBLK fc2 store
1,128,"{""cluster_shape_mnk"":[2,1,1],""epi_flag_batch"":[1,2],""flag_batch"":4,""group_hint"":512,""in_kernel_fc2_reduce"":false,""load_balance_mode"":""atomic_counter"",""mma_tiler_mnk"":[256,128,256],""non_ubulk_fc2_store"":true,""tail_fused_reduce"":true,""token_back_mode"":""standalone_warps""}",view,false,,,INVALID,665c5976,2026-08-13T20:53:05,s1-032,,,,,tail_fused_reduce requires epi_warps token-back
1,128,"{""cluster_shape_mnk"":[2,1,1],""epi_flag_batch"":[1,2],""flag_batch"":4,""group_hint"":512,""in_kernel_fc2_reduce"":false,""load_balance_mode"":""atomic_counter"",""mma_tiler_mnk"":[256,128,256],""non_ubulk_fc2_store"":false,""tail_fused_reduce"":true,""token_back_mode"":""standalone_warps""}",view,false,,,INVALID,665c5976,2026-08-13T20:53:05,s1-034,,,,,tail_fused_reduce requires epi_warps token-back
1,128,"{""cluster_shape_mnk"":[2,1,1],""epi_flag_batch"":[1,2],""flag_batch"":4,""group_hint"":512,""in_kernel_fc2_reduce"":false,""load_balance_mode"":""atomic_counter"",""mma_tiler_mnk"":[256,128,256],""non_ubulk_fc2_store"":false,""tail_fused_reduce"":false,""token_back_mode"":""standalone_warps""}",view,false,,,INVALID,665c5976,2026-08-13T20:53:05,s1-035,,,,,dispatch-warp token-back requires non-UBLK fc2 store
1,128,"{""cluster_shape_mnk"":[2,1,1],""epi_flag_batch"":[1,2],""flag_batch"":4,""group_hint"":512,""in_kernel_fc2_reduce"":false,""load_balance_mode"":""static"",""mma_tiler_mnk"":[256,128,256],""non_ubulk_fc2_store"":true,""tail_fused_reduce"":true,""token_back_mode"":""standalone_warps""}",view,false,,,INVALID,665c5976,2026-08-13T20:53:05,s1-036,,,,,tail_fused_reduce requires epi_warps token-back
1,128,"{""cluster_shape_mnk"":[2,1,1],""epi_flag_batch"":[1,2],""flag_batch"":4,""group_hint"":512,""in_kernel_fc2_reduce"":false,""load_balance_mode"":""static"",""mma_tiler_mnk"":[256,128,256],""non_ubulk_fc2_store"":false,""tail_fused_reduce"":true,""token_back_mode"":""standalone_warps""}",view,false,,,INVALID,665c5976,2026-08-13T20:53:05,s1-038,,,,,tail_fused_reduce requires epi_warps token-back
1,128,"{""cluster_shape_mnk"":[2,1,1],""epi_flag_batch"":[1,2],""flag_batch"":4,""group_hint"":512,""in_kernel_fc2_reduce"":false,""load_balance_mode"":""static"",""mma_tiler_mnk"":[256,128,256],""non_ubulk_fc2_store"":false,""tail_fused_reduce"":false,""token_back_mode"":""standalone_warps""}",view,false,,,INVALID,665c5976,2026-08-13T20:53:05,s1-039,,,,,dispatch-warp token-back requires non-UBLK fc2 store
1,128,"{""cluster_shape_mnk"":[2,1,1],""epi_flag_batch"":[1,2],""flag_batch"":4,""group_hint"":512,""in_kernel_fc2_reduce"":false,""load_balance_mode"":""atomic_counter"",""mma_tiler_mnk"":[256,128,256],""non_ubulk_fc2_store"":true,""tail_fused_reduce"":true,""token_back_mode"":""reuse_dispatch_warps""}",view,false,,,INVALID,665c5976,2026-08-13T20:53:05,s1-040,,,,,tail_fused_reduce requires epi_warps token-back
1,128,"{""cluster_shape_mnk"":[2,1,1],""epi_flag_batch"":[1,2],""flag_batch"":4,""group_hint"":512,""in_kernel_fc2_reduce"":false,""load_balance_mode"":""atomic_counter"",""mma_tiler_mnk"":[256,128,256],""non_ubulk_fc2_store"":false,""tail_fused_reduce"":true,""token_back_mode"":""reuse_dispatch_warps""}",view,false,,,INVALID,665c5976,2026-08-13T20:53:05,s1-042,,,,,tail_fused_reduce requires epi_warps token-back
1,128,"{""cluster_shape_mnk"":[2,1,1],""epi_flag_batch"":[1,2],""flag_batch"":4,""group_hint"":512,""in_kernel_fc2_reduce"":false,""load_balance_mode"":""atomic_counter"",""mma_tiler_mnk"":[256,128,256],""non_ubulk_fc2_store"":false,""tail_fused_reduce"":false,""token_back_mode"":""reuse_dispatch_warps""}",view,false,,,INVALID,665c5976,2026-08-13T20:53:05,s1-043,,,,,dispatch-warp token-back requires non-UBLK fc2 store
1,128,"{""cluster_shape_mnk"":[2,1,1],""epi_flag_batch"":[1,2],""flag_batch"":4,""group_hint"":512,""in_kernel_fc2_reduce"":false,""load_balance_mode"":""static"",""mma_tiler_mnk"":[256,128,256],""non_ubulk_fc2_store"":true,""tail_fused_reduce"":true,""token_back_mode"":""reuse_dispatch_warps""}",view,false,,,INVALID,665c5976,2026-08-13T20:53:05,s1-044,,,,,tail_fused_reduce requires epi_warps token-back
1,128,"{""cluster_shape_mnk"":[2,1,1],""epi_flag_batch"":[1,2],""flag_batch"":4,""group_hint"":512,""in_kernel_fc2_reduce"":false,""load_balance_mode"":""static"",""mma_tiler_mnk"":[256,128,256],""non_ubulk_fc2_store"":false,""tail_fused_reduce"":true,""token_back_mode"":""reuse_dispatch_warps""}",view,false,,,INVALID,665c5976,2026-08-13T20:53:05,s1-046,,,,,tail_fused_reduce requires epi_warps token-back
1,128,"{""cluster_shape_mnk"":[2,1,1],""epi_flag_batch"":[1,2],""flag_batch"":4,""group_hint"":512,""in_kernel_fc2_reduce"":false,""load_balance_mode"":""static"",""mma_tiler_mnk"":[256,128,256],""non_ubulk_fc2_store"":false,""tail_fused_reduce"":false,""token_back_mode"":""reuse_dispatch_warps""}",view,false,,,INVALID,665c5976,2026-08-13T20:53:05,s1-047,,,,,dispatch-warp token-back requires non-UBLK fc2 store
1,128,"{""cluster_shape_mnk"":[2,1,1],""epi_flag_batch"":[1,2],""flag_batch"":4,""group_hint"":512,""in_kernel_fc2_reduce"":false,""load_balance_mode"":""atomic_counter"",""mma_tiler_mnk"":[128,64,256],""non_ubulk_fc2_store"":true,""tail_fused_reduce"":true,""token_back_mode"":""standalone_warps""}",view,false,,,INVALID,665c5976,2026-08-13T20:53:05,s1-056,,,,,tail_fused_reduce requires epi_warps token-back
1,128,"{""cluster_shape_mnk"":[2,1,1],""epi_flag_batch"":[1,2],""flag_batch"":4,""group_hint"":512,""in_kernel_fc2_reduce"":false,""load_balance_mode"":""atomic_counter"",""mma_tiler_mnk"":[128,64,256],""non_ubulk_fc2_store"":false,""tail_fused_reduce"":true,""token_back_mode"":""standalone_warps""}",view,false,,,INVALID,665c5976,2026-08-13T20:53:05,s1-058,,,,,tail_fused_reduce requires epi_warps token-back
1,128,"{""cluster_shape_mnk"":[2,1,1],""epi_flag_batch"":[1,2],""flag_batch"":4,""group_hint"":512,""in_kernel_fc2_reduce"":false,""load_balance_mode"":""atomic_counter"",""mma_tiler_mnk"":[128,64,256],""non_ubulk_fc2_store"":false,""tail_fused_reduce"":false,""token_back_mode"":""standalone_warps""}",view,false,,,INVALID,665c5976,2026-08-13T20:53:05,s1-059,,,,,dispatch-warp token-back requires non-UBLK fc2 store
1,128,"{""cluster_shape_mnk"":[2,1,1],""epi_flag_batch"":[1,2],""flag_batch"":4,""group_hint"":512,""in_kernel_fc2_reduce"":false,""load_balance_mode"":""static"",""mma_tiler_mnk"":[128,64,256],""non_ubulk_fc2_store"":true,""tail_fused_reduce"":true,""token_back_mode"":""standalone_warps""}",view,false,,,INVALID,665c5976,2026-08-13T20:53:05,s1-060,,,,,tail_fused_reduce requires epi_warps token-back
1,128,"{""cluster_shape_mnk"":[2,1,1],""epi_flag_batch"":[1,2],""flag_batch"":4,""group_hint"":512,""in_kernel_fc2_reduce"":false,""load_balance_mode"":""static"",""mma_tiler_mnk"":[128,64,256],""non_ubulk_fc2_store"":false,""tail_fused_reduce"":true,""token_back_mode"":""standalone_warps""}",view,false,,,INVALID,665c5976,2026-08-13T20:53:05,s1-062,,,,,tail_fused_reduce requires epi_warps token-back
1,128,"{""cluster_shape_mnk"":[2,1,1],""epi_flag_batch"":[1,2],""flag_batch"":4,""group_hint"":512,""in_kernel_fc2_reduce"":false,""load_balance_mode"":""static"",""mma_tiler_mnk"":[128,64,256],""non_ubulk_fc2_store"":false,""tail_fused_reduce"":false,""token_back_mode"":""standalone_warps""}",view,false,,,INVALID,665c5976,2026-08-13T20:53:05,s1-063,,,,,dispatch-warp token-back requires non-UBLK fc2 store
1,128,"{""cluster_shape_mnk"":[2,1,1],""epi_flag_batch"":[1,2],""flag_batch"":4,""group_hint"":512,""in_kernel_fc2_reduce"":false,""load_balance_mode"":""atomic_counter"",""mma_tiler_mnk"":[128,64,256],""non_ubulk_fc2_store"":true,""tail_fused_reduce"":true,""token_back_mode"":""reuse_dispatch_warps""}",view,false,,,INVALID,665c5976,2026-08-13T20:53:05,s1-064,,,,,tail_fused_reduce requires epi_warps token-back
1,128,"{""cluster_shape_mnk"":[2,1,1],""epi_flag_batch"":[1,2],""flag_batch"":4,""group_hint"":512,""in_kernel_fc2_reduce"":false,""load_balance_mode"":""atomic_counter"",""mma_tiler_mnk"":[128,64,256],""non_ubulk_fc2_store"":false,""tail_fused_reduce"":true,""token_back_mode"":""reuse_dispatch_warps""}",view,false,,,INVALID,665c5976,2026-08-13T20:53:05,s1-066,,,,,tail_fused_reduce requires epi_warps token-back
1,128,"{""cluster_shape_mnk"":[2,1,1],""epi_flag_batch"":[1,2],""flag_batch"":4,""group_hint"":512,""in_kernel_fc2_reduce"":false,""load_balance_mode"":""atomic_counter"",""mma_tiler_mnk"":[128,64,256],""non_ubulk_fc2_store"":false,""tail_fused_reduce"":false,""token_back_mode"":""reuse_dispatch_warps""}",view,false,,,INVALID,665c5976,2026-08-13T20:53:05,s1-067,,,,,dispatch-warp token-back requires non-UBLK fc2 store
1,128,"{""cluster_shape_mnk"":[2,1,1],""epi_flag_batch"":[1,2],""flag_batch"":4,""group_hint"":512,""in_kernel_fc2_reduce"":false,""load_balance_mode"":""static"",""mma_tiler_mnk"":[128,64,256],""non_ubulk_fc2_store"":true,""tail_fused_reduce"":true,""token_back_mode"":""reuse_dispatch_warps""}",view,false,,,INVALID,665c5976,2026-08-13T20:53:05,s1-068,,,,,tail_fused_reduce requires epi_warps token-back
1,128,"{""cluster_shape_mnk"":[2,1,1],""epi_flag_batch"":[1,2],""flag_batch"":4,""group_hint"":512,""in_kernel_fc2_reduce"":false,""load_balance_mode"":""static"",""mma_tiler_mnk"":[128,64,256],""non_ubulk_fc2_store"":false,""tail_fused_reduce"":true,""token_back_mode"":""reuse_dispatch_warps""}",view,false,,,INVALID,665c5976,2026-08-13T20:53:05,s1-070,,,,,tail_fused_reduce requires epi_warps token-back
1,128,"{""cluster_shape_mnk"":[2,1,1],""epi_flag_batch"":[1,2],""flag_batch"":4,""group_hint"":512,""in_kernel_fc2_reduce"":false,""load_balance_mode"":""static"",""mma_tiler_mnk"":[128,64,256],""non_ubulk_fc2_store"":false,""tail_fused_reduce"":false,""token_back_mode"":""reuse_dispatch_warps""}",view,false,,,INVALID,665c5976,2026-08-13T20:53:05,s1-071,,,,,dispatch-warp token-back requires non-UBLK fc2 store
1,128,"{""cluster_shape_mnk"":[2,1,1],""epi_flag_batch"":[1,2],""flag_batch"":4,""group_hint"":512,""in_kernel_fc2_reduce"":false,""load_balance_mode"":""atomic_counter"",""mma_tiler_mnk"":[128,128,256],""non_ubulk_fc2_store"":true,""tail_fused_reduce"":true,""token_back_mode"":""standalone_warps""}",view,false,,,INVALID,665c5976,2026-08-13T20:53:05,s1-080,,,,,tail_fused_reduce requires epi_warps token-back
1,128,"{""cluster_shape_mnk"":[2,1,1],""epi_flag_batch"":[1,2],""flag_batch"":4,""group_hint"":512,""in_kernel_fc2_reduce"":false,""load_balance_mode"":""atomic_counter"",""mma_tiler_mnk"":[128,128,256],""non_ubulk_fc2_store"":false,""tail_fused_reduce"":true,""token_back_mode"":""standalone_warps""}",view,false,,,INVALID,665c5976,2026-08-13T20:53:05,s1-082,,,,,tail_fused_reduce requires epi_warps token-back
1,128,"{""cluster_shape_mnk"":[2,1,1],""epi_flag_batch"":[1,2],""flag_batch"":4,""group_hint"":512,""in_kernel_fc2_reduce"":false,""load_balance_mode"":""atomic_counter"",""mma_tiler_mnk"":[128,128,256],""non_ubulk_fc2_store"":false,""tail_fused_reduce"":false,""token_back_mode"":""standalone_warps""}",view,false,,,INVALID,665c5976,2026-08-13T20:53:05,s1-083,,,,,dispatch-warp token-back requires non-UBLK fc2 store
1,128,"{""cluster_shape_mnk"":[2,1,1],""epi_flag_batch"":[1,2],""flag_batch"":4,""group_hint"":512,""in_kernel_fc2_reduce"":false,""load_balance_mode"":""static"",""mma_tiler_mnk"":[128,128,256],""non_ubulk_fc2_store"":true,""tail_fused_reduce"":true,""token_back_mode"":""standalone_warps""}",view,false,,,INVALID,665c5976,2026-08-13T20:53:05,s1-084,,,,,tail_fused_reduce requires epi_warps token-back
1,128,"{""cluster_shape_mnk"":[2,1,1],""epi_flag_batch"":[1,2],""flag_batch"":4,""group_hint"":512,""in_kernel_fc2_reduce"":false,""load_balance_mode"":""static"",""mma_tiler_mnk"":[128,128,256],""non_ubulk_fc2_store"":false,""tail_fused_reduce"":true,""token_back_mode"":""standalone_warps""}",view,false,,,INVALID,665c5976,2026-08-13T20:53:05,s1-086,,,,,tail_fused_reduce requires epi_warps token-back
1,128,"{""cluster_shape_mnk"":[2,1,1],""epi_flag_batch"":[1,2],""flag_batch"":4,""group_hint"":512,""in_kernel_fc2_reduce"":false,""load_balance_mode"":""static"",""mma_tiler_mnk"":[128,128,256],""non_ubulk_fc2_store"":false,""tail_fused_reduce"":false,""token_back_mode"":""standalone_warps""}",view,false,,,INVALID,665c5976,2026-08-13T20:53:05,s1-087,,,,,dispatch-warp token-back requires non-UBLK fc2 store
1,128,"{""cluster_shape_mnk"":[2,1,1],""epi_flag_batch"":[1,2],""flag_batch"":4,""group_hint"":512,""in_kernel_fc2_reduce"":false,""load_balance_mode"":""atomic_counter"",""mma_tiler_mnk"":[128,128,256],""non_ubulk_fc2_store"":true,""tail_fused_reduce"":true,""token_back_mode"":""reuse_dispatch_warps""}",view,false,,,INVALID,665c5976,2026-08-13T20:53:05,s1-088,,,,,tail_fused_reduce requires epi_warps token-back
1,128,"{""cluster_shape_mnk"":[2,1,1],""epi_flag_batch"":[1,2],""flag_batch"":4,""group_hint"":512,""in_kernel_fc2_reduce"":false,""load_balance_mode"":""atomic_counter"",""mma_tiler_mnk"":[128,128,256],""non_ubulk_fc2_store"":false,""tail_fused_reduce"":true,""token_back_mode"":""reuse_dispatch_warps""}",view,false,,,INVALID,665c5976,2026-08-13T20:53:05,s1-090,,,,,tail_fused_reduce requires epi_warps token-back
1,128,"{""cluster_shape_mnk"":[2,1,1],""epi_flag_batch"":[1,2],""flag_batch"":4,""group_hint"":512,""in_kernel_fc2_reduce"":false,""load_balance_mode"":""atomic_counter"",""mma_tiler_mnk"":[128,128,256],""non_ubulk_fc2_store"":false,""tail_fused_reduce"":false,""token_back_mode"":""reuse_dispatch_warps""}",view,false,,,INVALID,665c5976,2026-08-13T20:53:05,s1-091,,,,,dispatch-warp token-back requires non-UBLK fc2 store
1,128,"{""cluster_shape_mnk"":[2,1,1],""epi_flag_batch"":[1,2],""flag_batch"":4,""group_hint"":512,""in_kernel_fc2_reduce"":false,""load_balance_mode"":""static"",""mma_tiler_mnk"":[128,128,256],""non_ubulk_fc2_store"":true,""tail_fused_reduce"":true,""token_back_mode"":""reuse_dispatch_warps""}",view,false,,,INVALID,665c5976,2026-08-13T20:53:05,s1-092,,,,,tail_fused_reduce requires epi_warps token-back
1,128,"{""cluster_shape_mnk"":[2,1,1],""epi_flag_batch"":[1,2],""flag_batch"":4,""group_hint"":512,""in_kernel_fc2_reduce"":false,""load_balance_mode"":""static"",""mma_tiler_mnk"":[128,128,256],""non_ubulk_fc2_store"":false,""tail_fused_reduce"":true,""token_back_mode"":""reuse_dispatch_warps""}",view,false,,,INVALID,665c5976,2026-08-13T20:53:05,s1-094,,,,,tail_fused_reduce requires epi_warps token-back
1,128,"{""cluster_shape_mnk"":[2,1,1],""epi_flag_batch"":[1,2],""flag_batch"":4,""group_hint"":512,""in_kernel_fc2_reduce"":false,""load_balance_mode"":""static"",""mma_tiler_mnk"":[128,128,256],""non_ubulk_fc2_store"":false,""tail_fused_reduce"":false,""token_back_mode"":""reuse_dispatch_warps""}",view,false,,,INVALID,665c5976,2026-08-13T20:53:05,s1-095,,,,,dispatch-warp token-back requires non-UBLK fc2 store
1,128,"{""cluster_shape_mnk"":[2,1,1],""epi_flag_batch"":[1,2],""flag_batch"":4,""group_hint"":512,""in_kernel_fc2_reduce"":false,""load_balance_mode"":""atomic_counter"",""mma_tiler_mnk"":[256,256,256],""non_ubulk_fc2_store"":true,""tail_fused_reduce"":true,""token_back_mode"":""standalone_warps""}",view,false,,,INVALID,665c5976,2026-08-13T20:53:05,s1-104,,,,,tail_fused_reduce requires epi_warps token-back
1,128,"{""cluster_shape_mnk"":[2,1,1],""epi_flag_batch"":[1,2],""flag_batch"":4,""group_hint"":512,""in_kernel_fc2_reduce"":false,""load_balance_mode"":""atomic_counter"",""mma_tiler_mnk"":[256,256,256],""non_ubulk_fc2_store"":false,""tail_fused_reduce"":true,""token_back_mode"":""standalone_warps""}",view,false,,,INVALID,665c5976,2026-08-13T20:53:05,s1-106,,,,,tail_fused_reduce requires epi_warps token-back
1,128,"{""cluster_shape_mnk"":[2,1,1],""epi_flag_batch"":[1,2],""flag_batch"":4,""group_hint"":512,""in_kernel_fc2_reduce"":false,""load_balance_mode"":""atomic_counter"",""mma_tiler_mnk"":[256,256,256],""non_ubulk_fc2_store"":false,""tail_fused_reduce"":false,""token_back_mode"":""standalone_warps""}",view,false,,,INVALID,665c5976,2026-08-13T20:53:05,s1-107,,,,,dispatch-warp token-back requires non-UBLK fc2 store
1,128,"{""cluster_shape_mnk"":[2,1,1],""epi_flag_batch"":[1,2],""flag_batch"":4,""group_hint"":512,""in_kernel_fc2_reduce"":false,""load_balance_mode"":""static"",""mma_tiler_mnk"":[256,256,256],""non_ubulk_fc2_store"":true,""tail_fused_reduce"":true,""token_back_mode"":""standalone_warps""}",view,false,,,INVALID,665c5976,2026-08-13T20:53:05,s1-108,,,,,tail_fused_reduce requires epi_warps token-back
1,128,"{""cluster_shape_mnk"":[2,1,1],""epi_flag_batch"":[1,2],""flag_batch"":4,""group_hint"":512,""in_kernel_fc2_reduce"":false,""load_balance_mode"":""static"",""mma_tiler_mnk"":[256,256,256],""non_ubulk_fc2_store"":false,""tail_fused_reduce"":true,""token_back_mode"":""standalone_warps""}",view,false,,,INVALID,665c5976,2026-08-13T20:53:05,s1-110,,,,,tail_fused_reduce requires epi_warps token-back
1,128,"{""cluster_shape_mnk"":[2,1,1],""epi_flag_batch"":[1,2],""flag_batch"":4,""group_hint"":512,""in_kernel_fc2_reduce"":false,""load_balance_mode"":""static"",""mma_tiler_mnk"":[256,256,256],""non_ubulk_fc2_store"":false,""tail_fused_reduce"":false,""token_back_mode"":""standalone_warps""}",view,false,,,INVALID,665c5976,2026-08-13T20:53:05,s1-111,,,,,dispatch-warp token-back requires non-UBLK fc2 store
1,128,"{""cluster_shape_mnk"":[2,1,1],""epi_flag_batch"":[1,2],""flag_batch"":4,""group_hint"":512,""in_kernel_fc2_reduce"":false,""load_balance_mode"":""atomic_counter"",""mma_tiler_mnk"":[256,256,256],""non_ubulk_fc2_store"":true,""tail_fused_reduce"":true,""token_back_mode"":""reuse_dispatch_warps""}",view,false,,,INVALID,665c5976,2026-08-13T20:53:05,s1-112,,,,,tail_fused_reduce requires epi_warps token-back
1,128,"{""cluster_shape_mnk"":[2,1,1],""epi_flag_batch"":[1,2],""flag_batch"":4,""group_hint"":512,""in_kernel_fc2_reduce"":false,""load_balance_mode"":""atomic_counter"",""mma_tiler_mnk"":[256,256,256],""non_ubulk_fc2_store"":false,""tail_fused_reduce"":true,""token_back_mode"":""reuse_dispatch_warps""}",view,false,,,INVALID,665c5976,2026-08-13T20:53:05,s1-114,,,,,tail_fused_reduce requires epi_warps token-back
1,128,"{""cluster_shape_mnk"":[2,1,1],""epi_flag_batch"":[1,2],""flag_batch"":4,""group_hint"":512,""in_kernel_fc2_reduce"":false,""load_balance_mode"":""atomic_counter"",""mma_tiler_mnk"":[256,256,256],""non_ubulk_fc2_store"":false,""tail_fused_reduce"":false,""token_back_mode"":""reuse_dispatch_warps""}",view,false,,,INVALID,665c5976,2026-08-13T20:53:05,s1-115,,,,,dispatch-warp token-back requires non-UBLK fc2 store
1,128,"{""cluster_shape_mnk"":[2,1,1],""epi_flag_batch"":[1,2],""flag_batch"":4,""group_hint"":512,""in_kernel_fc2_reduce"":false,""load_balance_mode"":""static"",""mma_tiler_mnk"":[256,256,256],""non_ubulk_fc2_store"":true,""tail_fused_reduce"":true,""token_back_mode"":""reuse_dispatch_warps""}",view,false,,,INVALID,665c5976,2026-08-13T20:53:05,s1-116,,,,,tail_fused_reduce requires epi_warps token-back
1,128,"{""cluster_shape_mnk"":[2,1,1],""epi_flag_batch"":[1,2],""flag_batch"":4,""group_hint"":512,""in_kernel_fc2_reduce"":false,""load_balance_mode"":""static"",""mma_tiler_mnk"":[256,256,256],""non_ubulk_fc2_store"":false,""tail_fused_reduce"":true,""token_back_mode"":""reuse_dispatch_warps""}",view,false,,,INVALID,665c5976,2026-08-13T20:53:05,s1-118,,,,,tail_fused_reduce requires epi_warps token-back
1,128,"{""cluster_shape_mnk"":[2,1,1],""epi_flag_batch"":[1,2],""flag_batch"":4,""group_hint"":512,""in_kernel_fc2_reduce"":false,""load_balance_mode"":""static"",""mma_tiler_mnk"":[256,256,256],""non_ubulk_fc2_store"":false,""tail_fused_reduce"":false,""token_back_mode"":""reuse_dispatch_warps""}",view,false,,,INVALID,665c5976,2026-08-13T20:53:05,s1-119,,,,,dispatch-warp token-back requires non-UBLK fc2 store
1,128,"{""cluster_shape_mnk"":[2,1,1],""epi_flag_batch"":[1,2],""flag_batch"":4,""group_hint"":512,""in_kernel_fc2_reduce"":false,""load_balance_mode"":""atomic_counter"",""mma_tiler_mnk"":[256,64,256],""non_ubulk_fc2_store"":true,""tail_fused_reduce"":true,""token_back_mode"":""epi_warps""}",view,false,0.3308,true,OK,665c5976,2026-08-13T20:53:26,s1-000,0.3308,true,0.0,2.1,
1,128,"{""cluster_shape_mnk"":[2,1,1],""epi_flag_batch"":[1,2],""flag_batch"":4,""group_hint"":512,""in_kernel_fc2_reduce"":false,""load_balance_mode"":""atomic_counter"",""mma_tiler_mnk"":[256,64,256],""non_ubulk_fc2_store"":true,""tail_fused_reduce"":false,""token_back_mode"":""epi_warps""}",view,false,0.3349,true,OK,665c5976,2026-08-13T20:53:29,s1-001,0.3349,true,0.0,2.3,
1,128,"{""cluster_shape_mnk"":[2,1,1],""epi_flag_batch"":[1,2],""flag_batch"":4,""group_hint"":512,""in_kernel_fc2_reduce"":false,""load_balance_mode"":""atomic_counter"",""mma_tiler_mnk"":[256,64,256],""non_ubulk_fc2_store"":false,""tail_fused_reduce"":true,""token_back_mode"":""epi_warps""}",view,false,0.3308,true,OK,665c5976,2026-08-13T20:53:31,s1-002,0.3308,true,0.0,2.1,
1,128,"{""cluster_shape_mnk"":[2,1,1],""epi_flag_batch"":[1,2],""flag_batch"":4,""group_hint"":512,""in_kernel_fc2_reduce"":false,""load_balance_mode"":""atomic_counter"",""mma_tiler_mnk"":[256,64,256],""non_ubulk_fc2_store"":false,""tail_fused_reduce"":false,""token_back_mode"":""epi_warps""}",view,false,0.3349,true,OK,665c5976,2026-08-13T20:53:33,s1-003,0.3349,true,0.0,1.8,
1,128,"{""cluster_shape_mnk"":[2,1,1],""epi_flag_batch"":[1,2],""flag_batch"":4,""group_hint"":512,""in_kernel_fc2_reduce"":false,""load_balance_mode"":""static"",""mma_tiler_mnk"":[256,64,256],""non_ubulk_fc2_store"":true,""tail_fused_reduce"":true,""token_back_mode"":""epi_warps""}",view,false,0.34,true,OK,665c5976,2026-08-13T20:53:35,s1-004,0.34,true,0.0,1.9,
1,128,"{""cluster_shape_mnk"":[2,1,1],""epi_flag_batch"":[1,2],""flag_batch"":4,""group_hint"":512,""in_kernel_fc2_reduce"":false,""load_balance_mode"":""static"",""mma_tiler_mnk"":[256,64,256],""non_ubulk_fc2_store"":true,""tail_fused_reduce"":false,""token_back_mode"":""epi_warps""}",view,false,0.3441,true,OK,665c5976,2026-08-13T20:53:37,s1-005,0.3441,true,0.0,1.8,
1,128,"{""cluster_shape_mnk"":[2,1,1],""epi_flag_batch"":[1,2],""flag_batch"":4,""group_hint"":512,""in_kernel_fc2_reduce"":false,""load_balance_mode"":""static"",""mma_tiler_mnk"":[256,64,256],""non_ubulk_fc2_store"":false,""tail_fused_reduce"":true,""token_back_mode"":""epi_warps""}",view,false,0.338,true,OK,665c5976,2026-08-13T20:53:38,s1-006,0.338,true,0.0,1.9,
1,128,"{""cluster_shape_mnk"":[2,1,1],""epi_flag_batch"":[1,2],""flag_batch"":4,""group_hint"":512,""in_kernel_fc2_reduce"":false,""load_balance_mode"":""static"",""mma_tiler_mnk"":[256,64,256],""non_ubulk_fc2_store"":false,""tail_fused_reduce"":false,""token_back_mode"":""epi_warps""}",view,false,0.343,true,OK,665c5976,2026-08-13T20:53:40,s1-007,0.343,true,0.0,1.8,
1,128,"{""cluster_shape_mnk"":[2,1,1],""epi_flag_batch"":[1,2],""flag_batch"":4,""group_hint"":512,""in_kernel_fc2_reduce"":false,""load_balance_mode"":""atomic_counter"",""mma_tiler_mnk"":[256,64,256],""non_ubulk_fc2_store"":true,""tail_fused_reduce"":false,""token_back_mode"":""standalone_warps""}",view,false,0.3553,true,OK,665c5976,2026-08-13T20:53:42,s1-009,0.3553,true,0.0,2.0,
1,128,"{""cluster_shape_mnk"":[2,1,1],""epi_flag_batch"":[1,2],""flag_batch"":4,""group_hint"":512,""in_kernel_fc2_reduce"":false,""load_balance_mode"":""static"",""mma_tiler_mnk"":[256,64,256],""non_ubulk_fc2_store"":true,""tail_fused_reduce"":false,""token_back_mode"":""standalone_warps""}",view,false,0.3626,true,OK,665c5976,2026-08-13T20:53:44,s1-013,0.3626,true,0.0,1.7,
1,128,"{""cluster_shape_mnk"":[2,1,1],""epi_flag_batch"":[1,2],""flag_batch"":4,""group_hint"":512,""in_kernel_fc2_reduce"":false,""load_balance_mode"":""atomic_counter"",""mma_tiler_mnk"":[256,64,256],""non_ubulk_fc2_store"":true,""tail_fused_reduce"":false,""token_back_mode"":""reuse_dispatch_warps""}",view,false,0.3545,true,OK,665c5976,2026-08-13T20:53:45,s1-017,0.3545,true,0.0,1.5,
1,128,"{""cluster_shape_mnk"":[2,1,1],""epi_flag_batch"":[1,2],""flag_batch"":4,""group_hint"":512,""in_kernel_fc2_reduce"":false,""load_balance_mode"":""static"",""mma_tiler_mnk"":[256,64,256],""non_ubulk_fc2_store"":true,""tail_fused_reduce"":false,""token_back_mode"":""reuse_dispatch_warps""}",view,false,0.3595,true,OK,665c5976,2026-08-13T20:53:47,s1-021,0.3595,true,0.0,1.5,
1,128,"{""cluster_shape_mnk"":[2,1,1],""epi_flag_batch"":[1,2],""flag_batch"":4,""group_hint"":512,""in_kernel_fc2_reduce"":false,""load_balance_mode"":""atomic_counter"",""mma_tiler_mnk"":[256,128,256],""non_ubulk_fc2_store"":true,""tail_fused_reduce"":true,""token_back_mode"":""epi_warps""}",view,false,0.3361,true,OK,665c5976,2026-08-13T20:53:49,s1-024,0.3361,true,0.0,2.0,
1,128,"{""cluster_shape_mnk"":[2,1,1],""epi_flag_batch"":[1,2],""flag_batch"":4,""group_hint"":512,""in_kernel_fc2_reduce"":false,""load_balance_mode"":""atomic_counter"",""mma_tiler_mnk"":[256,128,256],""non_ubulk_fc2_store"":true,""tail_fused_reduce"":false,""token_back_mode"":""epi_warps""}",view,false,0.3401,true,OK,665c5976,2026-08-13T20:53:51,s1-025,0.3401,true,0.0,1.9,
1,128,"{""cluster_shape_mnk"":[2,1,1],""epi_flag_batch"":[1,2],""flag_batch"":4,""group_hint"":512,""in_kernel_fc2_reduce"":false,""load_balance_mode"":""atomic_counter"",""mma_tiler_mnk"":[256,128,256],""non_ubulk_fc2_store"":false,""tail_fused_reduce"":true,""token_back_mode"":""epi_warps""}",view,false,0.3339,true,OK,665c5976,2026-08-13T20:53:52,s1-026,0.3339,true,0.0,1.5,
1,128,"{""cluster_shape_mnk"":[2,1,1],""epi_flag_batch"":[1,2],""flag_batch"":4,""group_hint"":512,""in_kernel_fc2_reduce"":false,""load_balance_mode"":""atomic_counter"",""mma_tiler_mnk"":[256,128,256],""non_ubulk_fc2_store"":false,""tail_fused_reduce"":false,""token_back_mode"":""epi_warps""}",view,false,0.34,true,OK,665c5976,2026-08-13T20:53:54,s1-027,0.34,true,0.0,1.8,
1,128,"{""cluster_shape_mnk"":[2,1,1],""epi_flag_batch"":[1,2],""flag_batch"":4,""group_hint"":512,""in_kernel_fc2_reduce"":false,""load_balance_mode"":""static"",""mma_tiler_mnk"":[256,128,256],""non_ubulk_fc2_store"":true,""tail_fused_reduce"":true,""token_back_mode"":""epi_warps""}",view,false,0.3443,true,OK,665c5976,2026-08-13T20:53:56,s1-028,0.3443,true,0.0,2.0,
1,128,"{""cluster_shape_mnk"":[2,1,1],""epi_flag_batch"":[1,2],""flag_batch"":4,""group_hint"":512,""in_kernel_fc2_reduce"":false,""load_balance_mode"":""static"",""mma_tiler_mnk"":[256,128,256],""non_ubulk_fc2_store"":true,""tail_fused_reduce"":false,""token_back_mode"":""epi_warps""}",view,false,0.3501,true,OK,665c5976,2026-08-13T20:53:58,s1-029,0.3501,true,0.0,2.1,
1,128,"{""cluster_shape_mnk"":[2,1,1],""epi_flag_batch"":[1,2],""flag_batch"":4,""group_hint"":512,""in_kernel_fc2_reduce"":false,""load_balance_mode"":""static"",""mma_tiler_mnk"":[256,128,256],""non_ubulk_fc2_store"":false,""tail_fused_reduce"":true,""token_back_mode"":""epi_warps""}",view,false,0.3421,true,OK,665c5976,2026-08-13T20:54:00,s1-030,0.3421,true,0.0,1.9,
1,128,"{""cluster_shape_mnk"":[2,1,1],""epi_flag_batch"":[1,2],""flag_batch"":4,""group_hint"":512,""in_kernel_fc2_reduce"":false,""load_balance_mode"":""static"",""mma_tiler_mnk"":[256,128,256],""non_ubulk_fc2_store"":false,""tail_fused_reduce"":false,""token_back_mode"":""epi_warps""}",view,false,0.3463,true,OK,665c5976,2026-08-13T20:54:02,s1-031,0.3463,true,0.0,1.8,
1,128,"{""cluster_shape_mnk"":[2,1,1],""epi_flag_batch"":[1,2],""flag_batch"":4,""group_hint"":512,""in_kernel_fc2_reduce"":false,""load_balance_mode"":""atomic_counter"",""mma_tiler_mnk"":[256,128,256],""non_ubulk_fc2_store"":true,""tail_fused_reduce"":false,""token_back_mode"":""standalone_warps""}",view,false,0.3585,true,OK,665c5976+dirty.fb117910,2026-08-13T20:54:42,s1-033,0.3585,true,0.0,1.9,
1,128,"{""cluster_shape_mnk"":[2,1,1],""epi_flag_batch"":[1,2],""flag_batch"":4,""group_hint"":512,""in_kernel_fc2_reduce"":false,""load_balance_mode"":""static"",""mma_tiler_mnk"":[256,128,256],""non_ubulk_fc2_store"":true,""tail_fused_reduce"":false,""token_back_mode"":""standalone_warps""}",view,false,0.3616,true,OK,665c5976+dirty.fb117910,2026-08-13T20:54:43,s1-037,0.3616,true,0.0,1.6,
1,128,"{""cluster_shape_mnk"":[2,1,1],""epi_flag_batch"":[1,2],""flag_batch"":4,""group_hint"":512,""in_kernel_fc2_reduce"":false,""load_balance_mode"":""atomic_counter"",""mma_tiler_mnk"":[256,128,256],""non_ubulk_fc2_store"":true,""tail_fused_reduce"":false,""token_back_mode"":""reuse_dispatch_warps""}",view,false,0.3584,true,OK,665c5976+dirty.fb117910,2026-08-13T20:54:45,s1-041,0.3584,true,0.0,1.4,
1,128,"{""cluster_shape_mnk"":[2,1,1],""epi_flag_batch"":[1,2],""flag_batch"":4,""group_hint"":512,""in_kernel_fc2_reduce"":false,""load_balance_mode"":""static"",""mma_tiler_mnk"":[256,128,256],""non_ubulk_fc2_store"":true,""tail_fused_reduce"":false,""token_back_mode"":""reuse_dispatch_warps""}",view,false,0.3627,true,OK,665c5976+dirty.fb117910,2026-08-13T20:54:47,s1-045,0.3627,true,0.0,1.9,
1,128,"{""cluster_shape_mnk"":[2,1,1],""epi_flag_batch"":[1,2],""flag_batch"":4,""group_hint"":512,""in_kernel_fc2_reduce"":false,""load_balance_mode"":""atomic_counter"",""mma_tiler_mnk"":[128,64,256],""non_ubulk_fc2_store"":true,""tail_fused_reduce"":true,""token_back_mode"":""epi_warps""}",view,false,0.3339,true,OK,665c5976+dirty.fb117910,2026-08-13T20:54:49,s1-048,0.3339,true,0.0,1.9,
1,128,"{""cluster_shape_mnk"":[2,1,1],""epi_flag_batch"":[1,2],""flag_batch"":4,""group_hint"":512,""in_kernel_fc2_reduce"":false,""load_balance_mode"":""atomic_counter"",""mma_tiler_mnk"":[128,64,256],""non_ubulk_fc2_store"":true,""tail_fused_reduce"":false,""token_back_mode"":""epi_warps""}",view,false,0.3381,true,OK,665c5976+dirty.fb117910,2026-08-13T20:54:51,s1-049,0.3381,true,0.0,1.8,
1,128,"{""cluster_shape_mnk"":[2,1,1],""epi_flag_batch"":[1,2],""flag_batch"":4,""group_hint"":512,""in_kernel_fc2_reduce"":false,""load_balance_mode"":""atomic_counter"",""mma_tiler_mnk"":[128,64,256],""non_ubulk_fc2_store"":false,""tail_fused_reduce"":true,""token_back_mode"":""epi_warps""}",view,false,0.3339,true,OK,665c5976+dirty.fb117910,2026-08-13T20:54:52,s1-050,0.3339,true,0.0,1.9,
1,128,"{""cluster_shape_mnk"":[2,1,1],""epi_flag_batch"":[1,2],""flag_batch"":4,""group_hint"":512,""in_kernel_fc2_reduce"":false,""load_balance_mode"":""atomic_counter"",""mma_tiler_mnk"":[128,64,256],""non_ubulk_fc2_store"":false,""tail_fused_reduce"":false,""token_back_mode"":""epi_warps""}",view,false,0.3369,true,OK,665c5976+dirty.fb117910,2026-08-13T20:54:54,s1-051,0.3369,true,0.0,1.8,
1,128,"{""cluster_shape_mnk"":[2,1,1],""epi_flag_batch"":[1,2],""flag_batch"":4,""group_hint"":512,""in_kernel_fc2_reduce"":false,""load_balance_mode"":""static"",""mma_tiler_mnk"":[128,64,256],""non_ubulk_fc2_store"":true,""tail_fused_reduce"":true,""token_back_mode"":""epi_warps""}",view,false,0.3422,true,OK,665c5976+dirty.fb117910,2026-08-13T20:54:56,s1-052,0.3422,true,0.0,2.1,
1,128,"{""cluster_shape_mnk"":[2,1,1],""epi_flag_batch"":[1,2],""flag_batch"":4,""group_hint"":512,""in_kernel_fc2_reduce"":false,""load_balance_mode"":""static"",""mma_tiler_mnk"":[128,64,256],""non_ubulk_fc2_store"":true,""tail_fused_reduce"":false,""token_back_mode"":""epi_warps""}",view,false,0.3462,true,OK,665c5976+dirty.fb117910,2026-08-13T20:54:58,s1-053,0.3462,true,0.0,1.8,
1,128,"{""cluster_shape_mnk"":[2,1,1],""epi_flag_batch"":[1,2],""flag_batch"":4,""group_hint"":512,""in_kernel_fc2_reduce"":false,""load_balance_mode"":""static"",""mma_tiler_mnk"":[128,64,256],""non_ubulk_fc2_store"":false,""tail_fused_reduce"":true,""token_back_mode"":""epi_warps""}",view,false,0.3423,true,OK,665c5976+dirty.fb117910,2026-08-13T20:55:00,s1-054,0.3423,true,0.0,1.8,
1,128,"{""cluster_shape_mnk"":[2,1,1],""epi_flag_batch"":[1,2],""flag_batch"":4,""group_hint"":512,""in_kernel_fc2_reduce"":false,""load_balance_mode"":""static"",""mma_tiler_mnk"":[128,64,256],""non_ubulk_fc2_store"":false,""tail_fused_reduce"":false,""token_back_mode"":""epi_warps""}",view,false,0.3461,true,OK,665c5976+dirty.fb117910,2026-08-13T20:55:02,s1-055,0.3461,true,0.0,1.7,
1,128,"{""cluster_shape_mnk"":[2,1,1],""epi_flag_batch"":[1,2],""flag_batch"":4,""group_hint"":512,""in_kernel_fc2_reduce"":false,""load_balance_mode"":""atomic_counter"",""mma_tiler_mnk"":[128,64,256],""non_ubulk_fc2_store"":true,""tail_fused_reduce"":false,""token_back_mode"":""standalone_warps""}",view,false,0.3565,true,OK,665c5976+dirty.fb117910,2026-08-13T20:55:04,s1-057,0.3565,true,0.0,1.8,
1,128,"{""cluster_shape_mnk"":[2,1,1],""epi_flag_batch"":[1,2],""flag_batch"":4,""group_hint"":512,""in_kernel_fc2_reduce"":false,""load_balance_mode"":""static"",""mma_tiler_mnk"":[128,64,256],""non_ubulk_fc2_store"":true,""tail_fused_reduce"":false,""token_back_mode"":""standalone_warps""}",view,false,0.3594,true,OK,665c5976+dirty.fb117910,2026-08-13T20:55:06,s1-061,0.3594,true,0.0,1.8,
1,128,"{""cluster_shape_mnk"":[2,1,1],""epi_flag_batch"":[1,2],""flag_batch"":4,""group_hint"":512,""in_kernel_fc2_reduce"":false,""load_balance_mode"":""atomic_counter"",""mma_tiler_mnk"":[128,64,256],""non_ubulk_fc2_store"":true,""tail_fused_reduce"":false,""token_back_mode"":""reuse_dispatch_warps""}",view,false,0.3565,true,OK,665c5976+dirty.fb117910,2026-08-13T20:55:07,s1-065,0.3565,true,0.0,1.9,
1,128,"{""cluster_shape_mnk"":[2,1,1],""epi_flag_batch"":[1,2],""flag_batch"":4,""group_hint"":512,""in_kernel_fc2_reduce"":false,""load_balance_mode"":""static"",""mma_tiler_mnk"":[128,64,256],""non_ubulk_fc2_store"":true,""tail_fused_reduce"":false,""token_back_mode"":""reuse_dispatch_warps""}",view,false,0.3627,true,OK,665c5976+dirty.fb117910,2026-08-13T20:55:09,s1-069,0.3627,true,0.0,1.9,
1,128,"{""cluster_shape_mnk"":[2,1,1],""epi_flag_batch"":[1,2],""flag_batch"":4,""group_hint"":512,""in_kernel_fc2_reduce"":false,""load_balance_mode"":""atomic_counter"",""mma_tiler_mnk"":[128,128,256],""non_ubulk_fc2_store"":true,""tail_fused_reduce"":true,""token_back_mode"":""epi_warps""}",view,false,0.3461,true,OK,665c5976+dirty.fb117910,2026-08-13T20:55:12,s1-072,0.3461,true,0.0,2.2,
1,128,"{""cluster_shape_mnk"":[2,1,1],""epi_flag_batch"":[1,2],""flag_batch"":4,""group_hint"":512,""in_kernel_fc2_reduce"":false,""load_balance_mode"":""atomic_counter"",""mma_tiler_mnk"":[128,128,256],""non_ubulk_fc2_store"":true,""tail_fused_reduce"":false,""token_back_mode"":""epi_warps""}",view,false,0.3483,true,OK,665c5976+dirty.fb117910,2026-08-13T20:55:14,s1-073,0.3483,true,0.0,2.0,
1,128,"{""cluster_shape_mnk"":[2,1,1],""epi_flag_batch"":[1,2],""flag_batch"":4,""group_hint"":512,""in_kernel_fc2_reduce"":false,""load_balance_mode"":""atomic_counter"",""mma_tiler_mnk"":[128,128,256],""non_ubulk_fc2_store"":false,""tail_fused_reduce"":true,""token_back_mode"":""epi_warps""}",view,false,0.3441,true,OK,665c5976+dirty.fb117910,2026-08-13T20:55:15,s1-074,0.3441,true,0.0,1.5,
1,128,"{""cluster_shape_mnk"":[2,1,1],""epi_flag_batch"":[1,2],""flag_batch"":4,""group_hint"":512,""in_kernel_fc2_reduce"":false,""load_balance_mode"":""atomic_counter"",""mma_tiler_mnk"":[128,128,256],""non_ubulk_fc2_store"":false,""tail_fused_reduce"":false,""token_back_mode"":""epi_warps""}",view,false,0.347,true,OK,665c5976+dirty.fb117910,2026-08-13T20:55:16,s1-075,0.347,true,0.0,1.4,
1,128,"{""cluster_shape_mnk"":[2,1,1],""epi_flag_batch"":[1,2],""flag_batch"":4,""group_hint"":512,""in_kernel_fc2_reduce"":false,""load_balance_mode"":""static"",""mma_tiler_mnk"":[128,128,256],""non_ubulk_fc2_store"":true,""tail_fused_reduce"":true,""token_back_mode"":""epi_warps""}",view,false,0.3524,true,OK,b0e67b5c,2026-08-13T21:05:59,s1-076,0.3524,true,0.0,2.3,
1,128,"{""cluster_shape_mnk"":[2,1,1],""epi_flag_batch"":[1,2],""flag_batch"":4,""group_hint"":512,""in_kernel_fc2_reduce"":false,""load_balance_mode"":""static"",""mma_tiler_mnk"":[128,128,256],""non_ubulk_fc2_store"":true,""tail_fused_reduce"":false,""token_back_mode"":""epi_warps""}",view,false,0.3565,true,OK,b0e67b5c,2026-08-13T21:06:00,s1-077,0.3565,true,0.0,1.8,
1,128,"{""cluster_shape_mnk"":[2,1,1],""epi_flag_batch"":[1,2],""flag_batch"":4,""group_hint"":512,""in_kernel_fc2_reduce"":false,""load_balance_mode"":""static"",""mma_tiler_mnk"":[128,128,256],""non_ubulk_fc2_store"":false,""tail_fused_reduce"":true,""token_back_mode"":""epi_warps""}",view,false,0.3513,true,OK,b0e67b5c,2026-08-13T21:06:02,s1-078,0.3513,true,0.0,1.5,
1,128,"{""cluster_shape_mnk"":[2,1,1],""epi_flag_batch"":[1,2],""flag_batch"":4,""group_hint"":512,""in_kernel_fc2_reduce"":false,""load_balance_mode"":""static"",""mma_tiler_mnk"":[128,128,256],""non_ubulk_fc2_store"":false,""tail_fused_reduce"":false,""token_back_mode"":""epi_warps""}",view,false,0.3545,true,OK,b0e67b5c,2026-08-13T21:06:03,s1-079,0.3545,true,0.0,1.3,
1,128,"{""cluster_shape_mnk"":[2,1,1],""epi_flag_batch"":[1,2],""flag_batch"":4,""group_hint"":512,""in_kernel_fc2_reduce"":false,""load_balance_mode"":""atomic_counter"",""mma_tiler_mnk"":[128,128,256],""non_ubulk_fc2_store"":true,""tail_fused_reduce"":false,""token_back_mode"":""standalone_warps""}",view,false,0.3627,true,OK,b0e67b5c,2026-08-13T21:06:05,s1-081,0.3627,true,0.0,1.5,
1,128,"{""cluster_shape_mnk"":[2,1,1],""epi_flag_batch"":[1,2],""flag_batch"":4,""group_hint"":512,""in_kernel_fc2_reduce"":false,""load_balance_mode"":""static"",""mma_tiler_mnk"":[128,128,256],""non_ubulk_fc2_store"":true,""tail_fused_reduce"":false,""token_back_mode"":""standalone_warps""}",view,false,0.3707,true,OK,b0e67b5c,2026-08-13T21:06:06,s1-085,0.3707,true,0.0,1.4,
1,128,"{""cluster_shape_mnk"":[2,1,1],""epi_flag_batch"":[1,2],""flag_batch"":4,""group_hint"":512,""in_kernel_fc2_reduce"":false,""load_balance_mode"":""atomic_counter"",""mma_tiler_mnk"":[128,128,256],""non_ubulk_fc2_store"":true,""tail_fused_reduce"":false,""token_back_mode"":""reuse_dispatch_warps""}",view,false,0.3636,true,OK,b0e67b5c,2026-08-13T21:06:08,s1-089,0.3636,true,0.0,1.4,
1,128,"{""cluster_shape_mnk"":[2,1,1],""epi_flag_batch"":[1,2],""flag_batch"":4,""group_hint"":512,""in_kernel_fc2_reduce"":false,""load_balance_mode"":""static"",""mma_tiler_mnk"":[128,128,256],""non_ubulk_fc2_store"":true,""tail_fused_reduce"":false,""token_back_mode"":""reuse_dispatch_warps""}",view,false,0.3677,true,OK,b0e67b5c,2026-08-13T21:06:09,s1-093,0.3677,true,0.0,1.5,
1,128,"{""cluster_shape_mnk"":[2,1,1],""epi_flag_batch"":[1,2],""flag_batch"":4,""group_hint"":512,""in_kernel_fc2_reduce"":false,""load_balance_mode"":""atomic_counter"",""mma_tiler_mnk"":[256,256,256],""non_ubulk_fc2_store"":true,""tail_fused_reduce"":true,""token_back_mode"":""epi_warps""}",view,false,0.3504,true,OK,b0e67b5c,2026-08-13T21:06:12,s1-096,0.3504,true,0.0,2.4,
1,128,"{""cluster_shape_mnk"":[2,1,1],""epi_flag_batch"":[1,2],""flag_batch"":4,""group_hint"":512,""in_kernel_fc2_reduce"":false,""load_balance_mode"":""atomic_counter"",""mma_tiler_mnk"":[256,256,256],""non_ubulk_fc2_store"":true,""tail_fused_reduce"":false,""token_back_mode"":""epi_warps""}",view,false,0.3554,true,OK,b0e67b5c,2026-08-13T21:06:14,s1-097,0.3554,true,0.0,2.2,
1,128,"{""cluster_shape_mnk"":[2,1,1],""epi_flag_batch"":[1,2],""flag_batch"":4,""group_hint"":512,""in_kernel_fc2_reduce"":false,""load_balance_mode"":""atomic_counter"",""mma_tiler_mnk"":[256,256,256],""non_ubulk_fc2_store"":false,""tail_fused_reduce"":true,""token_back_mode"":""epi_warps""}",view,false,0.3482,true,OK,b0e67b5c,2026-08-13T21:06:16,s1-098,0.3482,true,0.0,1.9,
1,128,"{""cluster_shape_mnk"":[2,1,1],""epi_flag_batch"":[1,2],""flag_batch"":4,""group_hint"":512,""in_kernel_fc2_reduce"":false,""load_balance_mode"":""atomic_counter"",""mma_tiler_mnk"":[256,256,256],""non_ubulk_fc2_store"":false,""tail_fused_reduce"":false,""token_back_mode"":""epi_warps""}",view,false,0.3523,true,OK,b0e67b5c,2026-08-13T21:06:18,s1-099,0.3523,true,0.0,1.8,
1,128,"{""cluster_shape_mnk"":[2,1,1],""epi_flag_batch"":[1,2],""flag_batch"":4,""group_hint"":512,""in_kernel_fc2_reduce"":false,""load_balance_mode"":""static"",""mma_tiler_mnk"":[256,256,256],""non_ubulk_fc2_store"":true,""tail_fused_reduce"":true,""token_back_mode"":""epi_warps""}",view,false,0.3586,true,OK,b0e67b5c,2026-08-13T21:06:20,s1-100,0.3586,true,0.0,2.2,
1,128,"{""cluster_shape_mnk"":[2,1,1],""epi_flag_batch"":[1,2],""flag_batch"":4,""group_hint"":512,""in_kernel_fc2_reduce"":false,""load_balance_mode"":""static"",""mma_tiler_mnk"":[256,256,256],""non_ubulk_fc2_store"":true,""tail_fused_reduce"":false,""token_back_mode"":""epi_warps""}",view,false,0.3646,true,OK,b0e67b5c,2026-08-13T21:06:23,s1-101,0.3646,true,0.0,2.8,
1,128,"{""cluster_shape_mnk"":[2,1,1],""epi_flag_batch"":[1,2],""flag_batch"":4,""group_hint"":512,""in_kernel_fc2_reduce"":false,""load_balance_mode"":""static"",""mma_tiler_mnk"":[256,256,256],""non_ubulk_fc2_store"":false,""tail_fused_reduce"":true,""token_back_mode"":""epi_warps""}",view,false,0.3545,true,OK,b0e67b5c,2026-08-13T21:06:24,s1-102,0.3545,true,0.0,1.8,
1,128,"{""cluster_shape_mnk"":[2,1,1],""epi_flag_batch"":[1,2],""flag_batch"":4,""group_hint"":512,""in_kernel_fc2_reduce"":false,""load_balance_mode"":""static"",""mma_tiler_mnk"":[256,256,256],""non_ubulk_fc2_store"":false,""tail_fused_reduce"":false,""token_back_mode"":""epi_warps""}",view,false,0.3586,true,OK,b0e67b5c,2026-08-13T21:06:26,s1-103,0.3586,true,0.0,2.0,
1,128,"{""cluster_shape_mnk"":[2,1,1],""epi_flag_batch"":[1,2],""flag_batch"":4,""group_hint"":512,""in_kernel_fc2_reduce"":false,""load_balance_mode"":""atomic_counter"",""mma_tiler_mnk"":[256,256,256],""non_ubulk_fc2_store"":true,""tail_fused_reduce"":false,""token_back_mode"":""standalone_warps""}",view,false,0.3688,true,OK,b0e67b5c,2026-08-13T21:06:29,s1-105,0.3688,true,0.0,3.0,
1,128,"{""cluster_shape_mnk"":[2,1,1],""epi_flag_batch"":[1,2],""flag_batch"":4,""group_hint"":512,""in_kernel_fc2_reduce"":false,""load_balance_mode"":""static"",""mma_tiler_mnk"":[256,256,256],""non_ubulk_fc2_store"":true,""tail_fused_reduce"":false,""token_back_mode"":""standalone_warps""}",view,false,0.3728,true,OK,b0e67b5c,2026-08-13T21:06:32,s1-109,0.3728,true,0.0,2.4,
1,128,"{""cluster_shape_mnk"":[2,1,1],""epi_flag_batch"":[1,2],""flag_batch"":4,""group_hint"":512,""in_kernel_fc2_reduce"":false,""load_balance_mode"":""atomic_counter"",""mma_tiler_mnk"":[256,256,256],""non_ubulk_fc2_store"":true,""tail_fused_reduce"":false,""token_back_mode"":""reuse_dispatch_warps""}",view,false,0.3689,true,OK,b0e67b5c,2026-08-13T21:06:34,s1-113,0.3689,true,0.0,2.2,
1,128,"{""cluster_shape_mnk"":[2,1,1],""epi_flag_batch"":[1,2],""flag_batch"":4,""group_hint"":512,""in_kernel_fc2_reduce"":false,""load_balance_mode"":""static"",""mma_tiler_mnk"":[256,256,256],""non_ubulk_fc2_store"":true,""tail_fused_reduce"":false,""token_back_mode"":""reuse_dispatch_warps""}",view,false,0.3728,true,OK,b0e67b5c,2026-08-13T21:06:36,s1-117,0.3728,true,0.0,2.3,
2,128,"{""cluster_shape_mnk"":[2,1,1],""epi_flag_batch"":[1,1],""flag_batch"":1,""group_hint"":64,""in_kernel_fc2_reduce"":false,""load_balance_mode"":""atomic_counter"",""mma_tiler_mnk"":[256,64,256],""non_ubulk_fc2_store"":true,""tail_fused_reduce"":true,""token_back_mode"":""epi_warps""}",view,false,0.3852,true,OK,b0e67b5c,2026-08-13T21:28:06,s2-w0-000,0.3852,true,0.0,1.8,
2,128,"{""cluster_shape_mnk"":[2,1,1],""epi_flag_batch"":[1,2],""flag_batch"":1,""group_hint"":64,""in_kernel_fc2_reduce"":false,""load_balance_mode"":""atomic_counter"",""mma_tiler_mnk"":[256,64,256],""non_ubulk_fc2_store"":true,""tail_fused_reduce"":true,""token_back_mode"":""epi_warps""}",view,false,0.3862,true,OK,b0e67b5c,2026-08-13T21:28:08,s2-w0-001,0.3862,true,0.0,1.7,
2,128,"{""cluster_shape_mnk"":[2,1,1],""epi_flag_batch"":[1,4],""flag_batch"":1,""group_hint"":64,""in_kernel_fc2_reduce"":false,""load_balance_mode"":""atomic_counter"",""mma_tiler_mnk"":[256,64,256],""non_ubulk_fc2_store"":true,""tail_fused_reduce"":true,""token_back_mode"":""epi_warps""}",view,false,0.3874,true,OK,b0e67b5c,2026-08-13T21:28:09,s2-w0-002,0.3874,true,0.0,1.5,
2,128,"{""cluster_shape_mnk"":[2,1,1],""epi_flag_batch"":[2,1],""flag_batch"":1,""group_hint"":64,""in_kernel_fc2_reduce"":false,""load_balance_mode"":""atomic_counter"",""mma_tiler_mnk"":[256,64,256],""non_ubulk_fc2_store"":true,""tail_fused_reduce"":true,""token_back_mode"":""epi_warps""}",view,false,0.4199,true,OK,b0e67b5c,2026-08-13T21:28:11,s2-w0-003,0.4199,true,0.0,1.5,
2,128,"{""cluster_shape_mnk"":[2,1,1],""epi_flag_batch"":[2,2],""flag_batch"":1,""group_hint"":64,""in_kernel_fc2_reduce"":false,""load_balance_mode"":""atomic_counter"",""mma_tiler_mnk"":[256,64,256],""non_ubulk_fc2_store"":true,""tail_fused_reduce"":true,""token_back_mode"":""epi_warps""}",view,false,0.4178,true,OK,b0e67b5c,2026-08-13T21:28:12,s2-w0-004,0.4178,true,0.0,1.5,
2,128,"{""cluster_shape_mnk"":[2,1,1],""epi_flag_batch"":[2,4],""flag_batch"":1,""group_hint"":64,""in_kernel_fc2_reduce"":false,""load_balance_mode"":""atomic_counter"",""mma_tiler_mnk"":[256,64,256],""non_ubulk_fc2_store"":true,""tail_fused_reduce"":true,""token_back_mode"":""epi_warps""}",view,false,0.4209,true,OK,b0e67b5c,2026-08-13T21:28:14,s2-w0-005,0.4209,true,0.0,1.5,
2,128,"{""cluster_shape_mnk"":[2,1,1],""epi_flag_batch"":[4,2],""flag_batch"":1,""group_hint"":64,""in_kernel_fc2_reduce"":false,""load_balance_mode"":""atomic_counter"",""mma_tiler_mnk"":[256,64,256],""non_ubulk_fc2_store"":true,""tail_fused_reduce"":true,""token_back_mode"":""epi_warps""}",view,false,0.463,true,OK,b0e67b5c,2026-08-13T21:28:15,s2-w0-006,0.463,true,0.0,1.5,
2,128,"{""cluster_shape_mnk"":[2,1,1],""epi_flag_batch"":[4,4],""flag_batch"":1,""group_hint"":64,""in_kernel_fc2_reduce"":false,""load_balance_mode"":""atomic_counter"",""mma_tiler_mnk"":[256,64,256],""non_ubulk_fc2_store"":true,""tail_fused_reduce"":true,""token_back_mode"":""epi_warps""}",view,false,0.4608,true,OK,b0e67b5c,2026-08-13T21:28:17,s2-w0-007,0.4608,true,0.0,1.5,
2,128,"{""cluster_shape_mnk"":[2,1,1],""epi_flag_batch"":[8,2],""flag_batch"":1,""group_hint"":64,""in_kernel_fc2_reduce"":false,""load_balance_mode"":""atomic_counter"",""mma_tiler_mnk"":[256,64,256],""non_ubulk_fc2_store"":true,""tail_fused_reduce"":true,""token_back_mode"":""epi_warps""}",view,false,0.512,true,OK,b0e67b5c,2026-08-13T21:28:19,s2-w0-008,0.512,true,0.0,1.5,
2,128,"{""cluster_shape_mnk"":[2,1,1],""epi_flag_batch"":[8,4],""flag_batch"":1,""group_hint"":64,""in_kernel_fc2_reduce"":false,""load_balance_mode"":""atomic_counter"",""mma_tiler_mnk"":[256,64,256],""non_ubulk_fc2_store"":true,""tail_fused_reduce"":true,""token_back_mode"":""epi_warps""}",view,false,0.512,true,OK,b0e67b5c,2026-08-13T21:28:20,s2-w0-009,0.512,true,0.0,1.8,
2,128,"{""cluster_shape_mnk"":[2,1,1],""epi_flag_batch"":[2,8],""flag_batch"":1,""group_hint"":64,""in_kernel_fc2_reduce"":false,""load_balance_mode"":""atomic_counter"",""mma_tiler_mnk"":[256,64,256],""non_ubulk_fc2_store"":true,""tail_fused_reduce"":true,""token_back_mode"":""epi_warps""}",view,false,0.4199,true,OK,b0e67b5c,2026-08-13T21:28:22,s2-w0-010,0.4199,true,0.0,1.5,
2,128,"{""cluster_shape_mnk"":[2,1,1],""epi_flag_batch"":[4,8],""flag_batch"":1,""group_hint"":64,""in_kernel_fc2_reduce"":false,""load_balance_mode"":""atomic_counter"",""mma_tiler_mnk"":[256,64,256],""non_ubulk_fc2_store"":true,""tail_fused_reduce"":true,""token_back_mode"":""epi_warps""}",view,false,0.4628,true,OK,b0e67b5c,2026-08-13T21:28:24,s2-w0-011,0.4628,true,0.0,1.5,
2,128,"{""cluster_shape_mnk"":[2,1,1],""epi_flag_batch"":[16,16],""flag_batch"":1,""group_hint"":64,""in_kernel_fc2_reduce"":false,""load_balance_mode"":""atomic_counter"",""mma_tiler_mnk"":[256,64,256],""non_ubulk_fc2_store"":true,""tail_fused_reduce"":true,""token_back_mode"":""epi_warps""}",view,false,0.5376,true,OK,b0e67b5c,2026-08-13T21:28:25,s2-w0-012,0.5376,true,0.0,1.5,
2,128,"{""cluster_shape_mnk"":[2,1,1],""epi_flag_batch"":[1,1],""flag_batch"":2,""group_hint"":64,""in_kernel_fc2_reduce"":false,""load_balance_mode"":""atomic_counter"",""mma_tiler_mnk"":[256,64,256],""non_ubulk_fc2_store"":true,""tail_fused_reduce"":true,""token_back_mode"":""epi_warps""}",view,false,0.3923,true,OK,b0e67b5c,2026-08-13T21:28:27,s2-w0-013,0.3923,true,0.0,2.1,
2,128,"{""cluster_shape_mnk"":[2,1,1],""epi_flag_batch"":[1,2],""flag_batch"":2,""group_hint"":64,""in_kernel_fc2_reduce"":false,""load_balance_mode"":""atomic_counter"",""mma_tiler_mnk"":[256,64,256],""non_ubulk_fc2_store"":true,""tail_fused_reduce"":true,""token_back_mode"":""epi_warps""}",view,false,0.3913,true,OK,b0e67b5c,2026-08-13T21:28:29,s2-w0-014,0.3913,true,0.0,1.8,
2,128,"{""cluster_shape_mnk"":[2,1,1],""epi_flag_batch"":[1,4],""flag_batch"":2,""group_hint"":64,""in_kernel_fc2_reduce"":false,""load_balance_mode"":""atomic_counter"",""mma_tiler_mnk"":[256,64,256],""non_ubulk_fc2_store"":true,""tail_fused_reduce"":true,""token_back_mode"":""epi_warps""}",view,false,0.3913,true,OK,b0e67b5c,2026-08-13T21:28:31,s2-w0-015,0.3913,true,0.0,1.5,
2,128,"{""cluster_shape_mnk"":[2,1,1],""epi_flag_batch"":[2,1],""flag_batch"":2,""group_hint"":64,""in_kernel_fc2_reduce"":false,""load_balance_mode"":""atomic_counter"",""mma_tiler_mnk"":[256,64,256],""non_ubulk_fc2_store"":true,""tail_fused_reduce"":true,""token_back_mode"":""epi_warps""}",view,false,0.4241,true,OK,b0e67b5c,2026-08-13T21:28:32,s2-w0-016,0.4241,true,0.0,1.6,
2,128,"{""cluster_shape_mnk"":[2,1,1],""epi_flag_batch"":[2,2],""flag_batch"":2,""group_hint"":64,""in_kernel_fc2_reduce"":false,""load_balance_mode"":""atomic_counter"",""mma_tiler_mnk"":[256,64,256],""non_ubulk_fc2_store"":true,""tail_fused_reduce"":true,""token_back_mode"":""epi_warps""}",view,false,0.4241,true,OK,b0e67b5c,2026-08-13T21:28:34,s2-w0-017,0.4241,true,0.0,1.7,
2,128,"{""cluster_shape_mnk"":[2,1,1],""epi_flag_batch"":[2,4],""flag_batch"":2,""group_hint"":64,""in_kernel_fc2_reduce"":false,""load_balance_mode"":""atomic_counter"",""mma_tiler_mnk"":[256,64,256],""non_ubulk_fc2_store"":true,""tail_fused_reduce"":true,""token_back_mode"":""epi_warps""}",view,false,0.4229,true,OK,b0e67b5c,2026-08-13T21:28:35,s2-w0-018,0.4229,true,0.0,1.5,
2,128,"{""cluster_shape_mnk"":[2,1,1],""epi_flag_batch"":[4,2],""flag_batch"":2,""group_hint"":64,""in_kernel_fc2_reduce"":false,""load_balance_mode"":""atomic_counter"",""mma_tiler_mnk"":[256,64,256],""non_ubulk_fc2_store"":true,""tail_fused_reduce"":true,""token_back_mode"":""epi_warps""}",view,false,0.467,true,OK,b0e67b5c,2026-08-13T21:28:37,s2-w0-019,0.467,true,0.0,1.6,
2,128,"{""cluster_shape_mnk"":[2,1,1],""epi_flag_batch"":[4,4],""flag_batch"":2,""group_hint"":64,""in_kernel_fc2_reduce"":false,""load_balance_mode"":""atomic_counter"",""mma_tiler_mnk"":[256,64,256],""non_ubulk_fc2_store"":true,""tail_fused_reduce"":true,""token_back_mode"":""epi_warps""}",view,false,0.466,true,OK,b0e67b5c,2026-08-13T21:28:39,s2-w0-020,0.466,true,0.0,1.6,
2,128,"{""cluster_shape_mnk"":[2,1,1],""epi_flag_batch"":[8,2],""flag_batch"":2,""group_hint"":64,""in_kernel_fc2_reduce"":false,""load_balance_mode"":""atomic_counter"",""mma_tiler_mnk"":[256,64,256],""non_ubulk_fc2_store"":true,""tail_fused_reduce"":true,""token_back_mode"":""epi_warps""}",view,false,0.5121,true,OK,b0e67b5c,2026-08-13T21:28:40,s2-w0-021,0.5121,true,0.0,1.6,
2,128,"{""cluster_shape_mnk"":[2,1,1],""epi_flag_batch"":[8,4],""flag_batch"":2,""group_hint"":64,""in_kernel_fc2_reduce"":false,""load_balance_mode"":""atomic_counter"",""mma_tiler_mnk"":[256,64,256],""non_ubulk_fc2_store"":true,""tail_fused_reduce"":true,""token_back_mode"":""epi_warps""}",view,false,0.512,true,OK,b0e67b5c,2026-08-13T21:28:42,s2-w0-022,0.512,true,0.0,1.5,
2,128,"{""cluster_shape_mnk"":[2,1,1],""epi_flag_batch"":[2,8],""flag_batch"":2,""group_hint"":64,""in_kernel_fc2_reduce"":false,""load_balance_mode"":""atomic_counter"",""mma_tiler_mnk"":[256,64,256],""non_ubulk_fc2_store"":true,""tail_fused_reduce"":true,""token_back_mode"":""epi_warps""}",view,false,0.426,true,OK,b0e67b5c,2026-08-13T21:28:43,s2-w0-023,0.426,true,0.0,1.5,
2,128,"{""cluster_shape_mnk"":[2,1,1],""epi_flag_batch"":[4,8],""flag_batch"":2,""group_hint"":64,""in_kernel_fc2_reduce"":false,""load_balance_mode"":""atomic_counter"",""mma_tiler_mnk"":[256,64,256],""non_ubulk_fc2_store"":true,""tail_fused_reduce"":true,""token_back_mode"":""epi_warps""}",view,false,0.4651,true,OK,b0e67b5c,2026-08-13T21:28:45,s2-w0-024,0.4651,true,0.0,1.6,
2,128,"{""cluster_shape_mnk"":[2,1,1],""epi_flag_batch"":[16,16],""flag_batch"":2,""group_hint"":64,""in_kernel_fc2_reduce"":false,""load_balance_mode"":""atomic_counter"",""mma_tiler_mnk"":[256,64,256],""non_ubulk_fc2_store"":true,""tail_fused_reduce"":true,""token_back_mode"":""epi_warps""}",view,false,0.5429,true,OK,b0e67b5c,2026-08-13T21:28:47,s2-w0-025,0.5429,true,0.0,1.7,
2,128,"{""cluster_shape_mnk"":[2,1,1],""epi_flag_batch"":[1,1],""flag_batch"":4,""group_hint"":64,""in_kernel_fc2_reduce"":false,""load_balance_mode"":""atomic_counter"",""mma_tiler_mnk"":[256,64,256],""non_ubulk_fc2_store"":true,""tail_fused_reduce"":true,""token_back_mode"":""epi_warps""}",view,false,0.3934,true,OK,b0e67b5c,2026-08-13T21:28:48,s2-w0-026,0.3934,true,0.0,1.6,
2,128,"{""cluster_shape_mnk"":[2,1,1],""epi_flag_batch"":[1,2],""flag_batch"":4,""group_hint"":64,""in_kernel_fc2_reduce"":false,""load_balance_mode"":""atomic_counter"",""mma_tiler_mnk"":[256,64,256],""non_ubulk_fc2_store"":true,""tail_fused_reduce"":true,""token_back_mode"":""epi_warps""}",view,false,0.3912,true,OK,b0e67b5c,2026-08-13T21:28:50,s2-w0-027,0.3912,true,0.0,1.5,
2,128,"{""cluster_shape_mnk"":[2,1,1],""epi_flag_batch"":[1,4],""flag_batch"":4,""group_hint"":64,""in_kernel_fc2_reduce"":false,""load_balance_mode"":""atomic_counter"",""mma_tiler_mnk"":[256,64,256],""non_ubulk_fc2_store"":true,""tail_fused_reduce"":true,""token_back_mode"":""epi_warps""}",view,false,0.3915,true,OK,b0e67b5c,2026-08-13T21:28:51,s2-w0-028,0.3915,true,0.0,1.5,
2,128,"{""cluster_shape_mnk"":[2,1,1],""epi_flag_batch"":[2,1],""flag_batch"":4,""group_hint"":64,""in_kernel_fc2_reduce"":false,""load_balance_mode"":""atomic_counter"",""mma_tiler_mnk"":[256,64,256],""non_ubulk_fc2_store"":true,""tail_fused_reduce"":true,""token_back_mode"":""epi_warps""}",view,false,0.4241,true,OK,b0e67b5c,2026-08-13T21:28:53,s2-w0-029,0.4241,true,0.0,1.5,
2,128,"{""cluster_shape_mnk"":[2,1,1],""epi_flag_batch"":[2,2],""flag_batch"":4,""group_hint"":64,""in_kernel_fc2_reduce"":false,""load_balance_mode"":""atomic_counter"",""mma_tiler_mnk"":[256,64,256],""non_ubulk_fc2_store"":true,""tail_fused_reduce"":true,""token_back_mode"":""epi_warps""}",view,false,0.4262,true,OK,b0e67b5c,2026-08-13T21:30:23,s2-w0-030,0.4262,true,0.0,2.4,
2,128,"{""cluster_shape_mnk"":[2,1,1],""epi_flag_batch"":[2,4],""flag_batch"":4,""group_hint"":64,""in_kernel_fc2_reduce"":false,""load_balance_mode"":""atomic_counter"",""mma_tiler_mnk"":[256,64,256],""non_ubulk_fc2_store"":true,""tail_fused_reduce"":true,""token_back_mode"":""epi_warps""}",view,false,0.4262,true,OK,b0e67b5c,2026-08-13T21:30:25,s2-w0-031,0.4262,true,0.0,1.7,
2,128,"{""cluster_shape_mnk"":[2,1,1],""epi_flag_batch"":[4,2],""flag_batch"":4,""group_hint"":64,""in_kernel_fc2_reduce"":false,""load_balance_mode"":""atomic_counter"",""mma_tiler_mnk"":[256,64,256],""non_ubulk_fc2_store"":true,""tail_fused_reduce"":true,""token_back_mode"":""epi_warps""}",view,false,0.469,true,OK,b0e67b5c,2026-08-13T21:30:27,s2-w0-032,0.469,true,0.0,1.6,
2,128,"{""cluster_shape_mnk"":[2,1,1],""epi_flag_batch"":[4,4],""flag_batch"":4,""group_hint"":64,""in_kernel_fc2_reduce"":false,""load_balance_mode"":""atomic_counter"",""mma_tiler_mnk"":[256,64,256],""non_ubulk_fc2_store"":true,""tail_fused_reduce"":true,""token_back_mode"":""epi_warps""}",view,false,0.4669,true,OK,b0e67b5c,2026-08-13T21:30:28,s2-w0-033,0.4669,true,0.0,1.5,
2,128,"{""cluster_shape_mnk"":[2,1,1],""epi_flag_batch"":[8,2],""flag_batch"":4,""group_hint"":64,""in_kernel_fc2_reduce"":false,""load_balance_mode"":""atomic_counter"",""mma_tiler_mnk"":[256,64,256],""non_ubulk_fc2_store"":true,""tail_fused_reduce"":true,""token_back_mode"":""epi_warps""}",view,false,0.5204,true,OK,b0e67b5c,2026-08-13T21:30:30,s2-w0-034,0.5204,true,0.0,2.1,
2,128,"{""cluster_shape_mnk"":[2,1,1],""epi_flag_batch"":[8,4],""flag_batch"":4,""group_hint"":64,""in_kernel_fc2_reduce"":false,""load_balance_mode"":""atomic_counter"",""mma_tiler_mnk"":[256,64,256],""non_ubulk_fc2_store"":true,""tail_fused_reduce"":true,""token_back_mode"":""epi_warps""}",view,false,0.5161,true,OK,b0e67b5c,2026-08-13T21:30:32,s2-w0-035,0.5161,true,0.0,2.2,
2,128,"{""cluster_shape_mnk"":[2,1,1],""epi_flag_batch"":[2,8],""flag_batch"":4,""group_hint"":64,""in_kernel_fc2_reduce"":false,""load_balance_mode"":""atomic_counter"",""mma_tiler_mnk"":[256,64,256],""non_ubulk_fc2_store"":true,""tail_fused_reduce"":true,""token_back_mode"":""epi_warps""}",view,false,0.427,true,OK,b0e67b5c,2026-08-13T21:30:34,s2-w0-036,0.427,true,0.0,1.6,
2,128,"{""cluster_shape_mnk"":[2,1,1],""epi_flag_batch"":[4,8],""flag_batch"":4,""group_hint"":64,""in_kernel_fc2_reduce"":false,""load_balance_mode"":""atomic_counter"",""mma_tiler_mnk"":[256,64,256],""non_ubulk_fc2_store"":true,""tail_fused_reduce"":true,""token_back_mode"":""epi_warps""}",view,false,0.4671,true,OK,b0e67b5c,2026-08-13T21:30:36,s2-w0-037,0.4671,true,0.0,1.5,
2,128,"{""cluster_shape_mnk"":[2,1,1],""epi_flag_batch"":[16,16],""flag_batch"":4,""group_hint"":64,""in_kernel_fc2_reduce"":false,""load_balance_mode"":""atomic_counter"",""mma_tiler_mnk"":[256,64,256],""non_ubulk_fc2_store"":true,""tail_fused_reduce"":true,""token_back_mode"":""epi_warps""}",view,false,0.5429,true,OK,b0e67b5c,2026-08-13T21:30:37,s2-w0-038,0.5429,true,0.0,1.5,
2,128,"{""cluster_shape_mnk"":[2,1,1],""epi_flag_batch"":[1,1],""flag_batch"":8,""group_hint"":64,""in_kernel_fc2_reduce"":false,""load_balance_mode"":""atomic_counter"",""mma_tiler_mnk"":[256,64,256],""non_ubulk_fc2_store"":true,""tail_fused_reduce"":true,""token_back_mode"":""epi_warps""}",view,false,0.3932,true,OK,b0e67b5c,2026-08-13T21:30:39,s2-w0-039,0.3932,true,0.0,1.7,
2,128,"{""cluster_shape_mnk"":[2,1,1],""epi_flag_batch"":[1,2],""flag_batch"":8,""group_hint"":64,""in_kernel_fc2_reduce"":false,""load_balance_mode"":""atomic_counter"",""mma_tiler_mnk"":[256,64,256],""non_ubulk_fc2_store"":true,""tail_fused_reduce"":true,""token_back_mode"":""epi_warps""}",view,false,0.3914,true,OK,b0e67b5c,2026-08-13T21:30:41,s2-w0-040,0.3914,true,0.0,1.6,
2,128,"{""cluster_shape_mnk"":[2,1,1],""epi_flag_batch"":[1,4],""flag_batch"":8,""group_hint"":64,""in_kernel_fc2_reduce"":false,""load_balance_mode"":""atomic_counter"",""mma_tiler_mnk"":[256,64,256],""non_ubulk_fc2_store"":true,""tail_fused_reduce"":true,""token_back_mode"":""epi_warps""}",view,false,0.3932,true,OK,b0e67b5c,2026-08-13T21:30:42,s2-w0-041,0.3932,true,0.0,1.5,
2,128,"{""cluster_shape_mnk"":[2,1,1],""epi_flag_batch"":[2,1],""flag_batch"":8,""group_hint"":64,""in_kernel_fc2_reduce"":false,""load_balance_mode"":""atomic_counter"",""mma_tiler_mnk"":[256,64,256],""non_ubulk_fc2_store"":true,""tail_fused_reduce"":true,""token_back_mode"":""epi_warps""}",view,false,0.4241,true,OK,b0e67b5c,2026-08-13T21:30:44,s2-w0-042,0.4241,true,0.0,1.5,
2,128,"{""cluster_shape_mnk"":[2,1,1],""epi_flag_batch"":[2,2],""flag_batch"":8,""group_hint"":64,""in_kernel_fc2_reduce"":false,""load_balance_mode"":""atomic_counter"",""mma_tiler_mnk"":[256,64,256],""non_ubulk_fc2_store"":true,""tail_fused_reduce"":true,""token_back_mode"":""epi_warps""}",view,false,0.428,true,OK,b0e67b5c,2026-08-13T21:30:45,s2-w0-043,0.428,true,0.0,1.6,
2,128,"{""cluster_shape_mnk"":[2,1,1],""epi_flag_batch"":[2,4],""flag_batch"":8,""group_hint"":64,""in_kernel_fc2_reduce"":false,""load_balance_mode"":""atomic_counter"",""mma_tiler_mnk"":[256,64,256],""non_ubulk_fc2_store"":true,""tail_fused_reduce"":true,""token_back_mode"":""epi_warps""}",view,false,0.426,true,OK,b0e67b5c,2026-08-13T21:30:47,s2-w0-044,0.426,true,0.0,1.7,
2,128,"{""cluster_shape_mnk"":[2,1,1],""epi_flag_batch"":[4,2],""flag_batch"":8,""group_hint"":64,""in_kernel_fc2_reduce"":false,""load_balance_mode"":""atomic_counter"",""mma_tiler_mnk"":[256,64,256],""non_ubulk_fc2_store"":true,""tail_fused_reduce"":true,""token_back_mode"":""epi_warps""}",view,false,0.4669,true,OK,b0e67b5c,2026-08-13T21:30:49,s2-w0-045,0.4669,true,0.0,1.7,
2,128,"{""cluster_shape_mnk"":[2,1,1],""epi_flag_batch"":[4,4],""flag_batch"":8,""group_hint"":64,""in_kernel_fc2_reduce"":false,""load_balance_mode"":""atomic_counter"",""mma_tiler_mnk"":[256,64,256],""non_ubulk_fc2_store"":true,""tail_fused_reduce"":true,""token_back_mode"":""epi_warps""}",view,false,0.466,true,OK,b0e67b5c,2026-08-13T21:30:50,s2-w0-046,0.466,true,0.0,1.6,
2,128,"{""cluster_shape_mnk"":[2,1,1],""epi_flag_batch"":[8,2],""flag_batch"":8,""group_hint"":64,""in_kernel_fc2_reduce"":false,""load_balance_mode"":""atomic_counter"",""mma_tiler_mnk"":[256,64,256],""non_ubulk_fc2_store"":true,""tail_fused_reduce"":true,""token_back_mode"":""epi_warps""}",view,false,0.5224,true,OK,b0e67b5c,2026-08-13T21:30:52,s2-w0-047,0.5224,true,0.0,1.7,
2,128,"{""cluster_shape_mnk"":[2,1,1],""epi_flag_batch"":[8,4],""flag_batch"":8,""group_hint"":64,""in_kernel_fc2_reduce"":false,""load_balance_mode"":""atomic_counter"",""mma_tiler_mnk"":[256,64,256],""non_ubulk_fc2_store"":true,""tail_fused_reduce"":true,""token_back_mode"":""epi_warps""}",view,false,0.5184,true,OK,b0e67b5c,2026-08-13T21:30:54,s2-w0-048,0.5184,true,0.0,1.5,
2,128,"{""cluster_shape_mnk"":[2,1,1],""epi_flag_batch"":[2,8],""flag_batch"":8,""group_hint"":64,""in_kernel_fc2_reduce"":false,""load_balance_mode"":""atomic_counter"",""mma_tiler_mnk"":[256,64,256],""non_ubulk_fc2_store"":true,""tail_fused_reduce"":true,""token_back_mode"":""epi_warps""}",view,false,0.426,true,OK,b0e67b5c,2026-08-13T21:30:55,s2-w0-049,0.426,true,0.0,1.6,
2,128,"{""cluster_shape_mnk"":[2,1,1],""epi_flag_batch"":[4,8],""flag_batch"":8,""group_hint"":64,""in_kernel_fc2_reduce"":false,""load_balance_mode"":""atomic_counter"",""mma_tiler_mnk"":[256,64,256],""non_ubulk_fc2_store"":true,""tail_fused_reduce"":true,""token_back_mode"":""epi_warps""}",view,false,0.4669,true,OK,b0e67b5c,2026-08-13T21:30:57,s2-w0-050,0.4669,true,0.0,1.5,
2,128,"{""cluster_shape_mnk"":[2,1,1],""epi_flag_batch"":[16,16],""flag_batch"":8,""group_hint"":64,""in_kernel_fc2_reduce"":false,""load_balance_mode"":""atomic_counter"",""mma_tiler_mnk"":[256,64,256],""non_ubulk_fc2_store"":true,""tail_fused_reduce"":true,""token_back_mode"":""epi_warps""}",view,false,0.555,true,OK,b0e67b5c,2026-08-13T21:30:59,s2-w0-051,0.555,true,0.0,1.7,
2,128,"{""cluster_shape_mnk"":[2,1,1],""epi_flag_batch"":[1,1],""flag_batch"":16,""group_hint"":64,""in_kernel_fc2_reduce"":false,""load_balance_mode"":""atomic_counter"",""mma_tiler_mnk"":[256,64,256],""non_ubulk_fc2_store"":true,""tail_fused_reduce"":true,""token_back_mode"":""epi_warps""}",view,false,0.3933,true,OK,b0e67b5c,2026-08-13T21:31:00,s2-w0-052,0.3933,true,0.0,1.5,
2,128,"{""cluster_shape_mnk"":[2,1,1],""epi_flag_batch"":[1,2],""flag_batch"":16,""group_hint"":64,""in_kernel_fc2_reduce"":false,""load_balance_mode"":""atomic_counter"",""mma_tiler_mnk"":[256,64,256],""non_ubulk_fc2_store"":true,""tail_fused_reduce"":true,""token_back_mode"":""epi_warps""}",view,false,0.3923,true,OK,b0e67b5c,2026-08-13T21:31:02,s2-w0-053,0.3923,true,0.0,1.5,
2,128,"{""cluster_shape_mnk"":[2,1,1],""epi_flag_batch"":[1,4],""flag_batch"":16,""group_hint"":64,""in_kernel_fc2_reduce"":false,""load_balance_mode"":""atomic_counter"",""mma_tiler_mnk"":[256,64,256],""non_ubulk_fc2_store"":true,""tail_fused_reduce"":true,""token_back_mode"":""epi_warps""}",view,false,0.3913,true,OK,b0e67b5c,2026-08-13T21:31:03,s2-w0-054,0.3913,true,0.0,1.6,
2,128,"{""cluster_shape_mnk"":[2,1,1],""epi_flag_batch"":[2,1],""flag_batch"":16,""group_hint"":64,""in_kernel_fc2_reduce"":false,""load_balance_mode"":""atomic_counter"",""mma_tiler_mnk"":[256,64,256],""non_ubulk_fc2_store"":true,""tail_fused_reduce"":true,""token_back_mode"":""epi_warps""}",view,false,0.426,true,OK,b0e67b5c,2026-08-13T21:31:05,s2-w0-055,0.426,true,0.0,1.7,
2,128,"{""cluster_shape_mnk"":[2,1,1],""epi_flag_batch"":[2,2],""flag_batch"":16,""group_hint"":64,""in_kernel_fc2_reduce"":false,""load_balance_mode"":""atomic_counter"",""mma_tiler_mnk"":[256,64,256],""non_ubulk_fc2_store"":true,""tail_fused_reduce"":true,""token_back_mode"":""epi_warps""}",view,false,0.426,true,OK,b0e67b5c,2026-08-13T21:31:07,s2-w0-056,0.426,true,0.0,1.5,
2,128,"{""cluster_shape_mnk"":[2,1,1],""epi_flag_batch"":[2,4],""flag_batch"":16,""group_hint"":64,""in_kernel_fc2_reduce"":false,""load_balance_mode"":""atomic_counter"",""mma_tiler_mnk"":[256,64,256],""non_ubulk_fc2_store"":true,""tail_fused_reduce"":true,""token_back_mode"":""epi_warps""}",view,false,0.427,true,OK,b0e67b5c,2026-08-13T21:31:08,s2-w0-057,0.427,true,0.0,1.5,
2,128,"{""cluster_shape_mnk"":[2,1,1],""epi_flag_batch"":[4,2],""flag_batch"":16,""group_hint"":64,""in_kernel_fc2_reduce"":false,""load_balance_mode"":""atomic_counter"",""mma_tiler_mnk"":[256,64,256],""non_ubulk_fc2_store"":true,""tail_fused_reduce"":true,""token_back_mode"":""epi_warps""}",view,false,0.4671,true,OK,b0e67b5c,2026-08-13T21:31:10,s2-w0-058,0.4671,true,0.0,1.5,
2,128,"{""cluster_shape_mnk"":[2,1,1],""epi_flag_batch"":[4,4],""flag_batch"":16,""group_hint"":64,""in_kernel_fc2_reduce"":false,""load_balance_mode"":""atomic_counter"",""mma_tiler_mnk"":[256,64,256],""non_ubulk_fc2_store"":true,""tail_fused_reduce"":true,""token_back_mode"":""epi_warps""}",view,false,0.468,true,OK,b0e67b5c,2026-08-13T21:31:11,s2-w0-059,0.468,true,0.0,1.5,
2,128,"{""cluster_shape_mnk"":[2,1,1],""epi_flag_batch"":[8,2],""flag_batch"":16,""group_hint"":64,""in_kernel_fc2_reduce"":false,""load_balance_mode"":""atomic_counter"",""mma_tiler_mnk"":[256,64,256],""non_ubulk_fc2_store"":true,""tail_fused_reduce"":true,""token_back_mode"":""epi_warps""}",view,false,0.5151,true,OK,b0e67b5c,2026-08-13T21:32:40,s2-w0-060,0.5151,true,0.0,2.4,
2,128,"{""cluster_shape_mnk"":[2,1,1],""epi_flag_batch"":[8,4],""flag_batch"":16,""group_hint"":64,""in_kernel_fc2_reduce"":false,""load_balance_mode"":""atomic_counter"",""mma_tiler_mnk"":[256,64,256],""non_ubulk_fc2_store"":true,""tail_fused_reduce"":true,""token_back_mode"":""epi_warps""}",view,false,0.5184,true,OK,b0e67b5c,2026-08-13T21:32:42,s2-w0-061,0.5184,true,0.0,2.2,
2,128,"{""cluster_shape_mnk"":[2,1,1],""epi_flag_batch"":[2,8],""flag_batch"":16,""group_hint"":64,""in_kernel_fc2_reduce"":false,""load_balance_mode"":""atomic_counter"",""mma_tiler_mnk"":[256,64,256],""non_ubulk_fc2_store"":true,""tail_fused_reduce"":true,""token_back_mode"":""epi_warps""}",view,false,0.4262,true,OK,b0e67b5c,2026-08-13T21:32:44,s2-w0-062,0.4262,true,0.0,2.2,
2,128,"{""cluster_shape_mnk"":[2,1,1],""epi_flag_batch"":[4,8],""flag_batch"":16,""group_hint"":64,""in_kernel_fc2_reduce"":false,""load_balance_mode"":""atomic_counter"",""mma_tiler_mnk"":[256,64,256],""non_ubulk_fc2_store"":true,""tail_fused_reduce"":true,""token_back_mode"":""epi_warps""}",view,false,0.466,true,OK,b0e67b5c,2026-08-13T21:32:46,s2-w0-063,0.466,true,0.0,2.3,
2,128,"{""cluster_shape_mnk"":[2,1,1],""epi_flag_batch"":[16,16],""flag_batch"":16,""group_hint"":64,""in_kernel_fc2_reduce"":false,""load_balance_mode"":""atomic_counter"",""mma_tiler_mnk"":[256,64,256],""non_ubulk_fc2_store"":true,""tail_fused_reduce"":true,""token_back_mode"":""epi_warps""}",view,false,0.5429,true,OK,b0e67b5c,2026-08-13T21:32:48,s2-w0-064,0.5429,true,0.0,1.6,
2,128,"{""cluster_shape_mnk"":[2,1,1],""epi_flag_batch"":[1,1],""flag_batch"":1,""group_hint"":128,""in_kernel_fc2_reduce"":false,""load_balance_mode"":""atomic_counter"",""mma_tiler_mnk"":[256,64,256],""non_ubulk_fc2_store"":true,""tail_fused_reduce"":true,""token_back_mode"":""epi_warps""}",view,false,0.336,true,OK,b0e67b5c,2026-08-13T21:32:50,s2-w0-065,0.336,true,0.0,1.7,
2,128,"{""cluster_shape_mnk"":[2,1,1],""epi_flag_batch"":[1,2],""flag_batch"":1,""group_hint"":128,""in_kernel_fc2_reduce"":false,""load_balance_mode"":""atomic_counter"",""mma_tiler_mnk"":[256,64,256],""non_ubulk_fc2_store"":true,""tail_fused_reduce"":true,""token_back_mode"":""epi_warps""}",view,false,0.3359,true,OK,b0e67b5c,2026-08-13T21:32:52,s2-w0-066,0.3359,true,0.0,1.7,
2,128,"{""cluster_shape_mnk"":[2,1,1],""epi_flag_batch"":[1,4],""flag_batch"":1,""group_hint"":128,""in_kernel_fc2_reduce"":false,""load_balance_mode"":""atomic_counter"",""mma_tiler_mnk"":[256,64,256],""non_ubulk_fc2_store"":true,""tail_fused_reduce"":true,""token_back_mode"":""epi_warps""}",view,false,0.3359,true,OK,b0e67b5c,2026-08-13T21:32:53,s2-w0-067,0.3359,true,0.0,1.6,
2,128,"{""cluster_shape_mnk"":[2,1,1],""epi_flag_batch"":[2,1],""flag_batch"":1,""group_hint"":128,""in_kernel_fc2_reduce"":false,""load_balance_mode"":""atomic_counter"",""mma_tiler_mnk"":[256,64,256],""non_ubulk_fc2_store"":true,""tail_fused_reduce"":true,""token_back_mode"":""epi_warps""}",view,false,0.3421,true,OK,b0e67b5c,2026-08-13T21:32:55,s2-w0-068,0.3421,true,0.0,1.5,
2,128,"{""cluster_shape_mnk"":[2,1,1],""epi_flag_batch"":[2,2],""flag_batch"":1,""group_hint"":128,""in_kernel_fc2_reduce"":false,""load_balance_mode"":""atomic_counter"",""mma_tiler_mnk"":[256,64,256],""non_ubulk_fc2_store"":true,""tail_fused_reduce"":true,""token_back_mode"":""epi_warps""}",view,false,0.3421,true,OK,b0e67b5c,2026-08-13T21:32:56,s2-w0-069,0.3421,true,0.0,1.7,
2,128,"{""cluster_shape_mnk"":[2,1,1],""epi_flag_batch"":[2,4],""flag_batch"":1,""group_hint"":128,""in_kernel_fc2_reduce"":false,""load_balance_mode"":""atomic_counter"",""mma_tiler_mnk"":[256,64,256],""non_ubulk_fc2_store"":true,""tail_fused_reduce"":true,""token_back_mode"":""epi_warps""}",view,false,0.3421,true,OK,b0e67b5c,2026-08-13T21:32:58,s2-w0-070,0.3421,true,0.0,1.6,
2,128,"{""cluster_shape_mnk"":[2,1,1],""epi_flag_batch"":[4,2],""flag_batch"":1,""group_hint"":128,""in_kernel_fc2_reduce"":false,""load_balance_mode"":""atomic_counter"",""mma_tiler_mnk"":[256,64,256],""non_ubulk_fc2_store"":true,""tail_fused_reduce"":true,""token_back_mode"":""epi_warps""}",view,false,0.3587,true,OK,b0e67b5c,2026-08-13T21:33:00,s2-w0-071,0.3587,true,0.0,1.6,
2,128,"{""cluster_shape_mnk"":[2,1,1],""epi_flag_batch"":[4,4],""flag_batch"":1,""group_hint"":128,""in_kernel_fc2_reduce"":false,""load_balance_mode"":""atomic_counter"",""mma_tiler_mnk"":[256,64,256],""non_ubulk_fc2_store"":true,""tail_fused_reduce"":true,""token_back_mode"":""epi_warps""}",view,false,0.3605,true,OK,b0e67b5c,2026-08-13T21:33:01,s2-w0-072,0.3605,true,0.0,1.6,
2,128,"{""cluster_shape_mnk"":[2,1,1],""epi_flag_batch"":[8,2],""flag_batch"":1,""group_hint"":128,""in_kernel_fc2_reduce"":false,""load_balance_mode"":""atomic_counter"",""mma_tiler_mnk"":[256,64,256],""non_ubulk_fc2_store"":true,""tail_fused_reduce"":true,""token_back_mode"":""epi_warps""}",view,false,0.3603,true,OK,b0e67b5c,2026-08-13T21:33:03,s2-w0-073,0.3603,true,0.0,1.5,
2,128,"{""cluster_shape_mnk"":[2,1,1],""epi_flag_batch"":[8,4],""flag_batch"":1,""group_hint"":128,""in_kernel_fc2_reduce"":false,""load_balance_mode"":""atomic_counter"",""mma_tiler_mnk"":[256,64,256],""non_ubulk_fc2_store"":true,""tail_fused_reduce"":true,""token_back_mode"":""epi_warps""}",view,false,0.3594,true,OK,b0e67b5c,2026-08-13T21:33:05,s2-w0-074,0.3594,true,0.0,1.9,
2,128,"{""cluster_shape_mnk"":[2,1,1],""epi_flag_batch"":[2,8],""flag_batch"":1,""group_hint"":128,""in_kernel_fc2_reduce"":false,""load_balance_mode"":""atomic_counter"",""mma_tiler_mnk"":[256,64,256],""non_ubulk_fc2_store"":true,""tail_fused_reduce"":true,""token_back_mode"":""epi_warps""}",view,false,0.342,true,OK,b0e67b5c,2026-08-13T21:33:07,s2-w0-075,0.342,true,0.0,2.0,
2,128,"{""cluster_shape_mnk"":[2,1,1],""epi_flag_batch"":[4,8],""flag_batch"":1,""group_hint"":128,""in_kernel_fc2_reduce"":false,""load_balance_mode"":""atomic_counter"",""mma_tiler_mnk"":[256,64,256],""non_ubulk_fc2_store"":true,""tail_fused_reduce"":true,""token_back_mode"":""epi_warps""}",view,false,0.3586,true,OK,b0e67b5c,2026-08-13T21:33:09,s2-w0-076,0.3586,true,0.0,1.6,
2,128,"{""cluster_shape_mnk"":[2,1,1],""epi_flag_batch"":[16,16],""flag_batch"":1,""group_hint"":128,""in_kernel_fc2_reduce"":false,""load_balance_mode"":""atomic_counter"",""mma_tiler_mnk"":[256,64,256],""non_ubulk_fc2_store"":true,""tail_fused_reduce"":true,""token_back_mode"":""epi_warps""}",view,false,0.3595,true,OK,b0e67b5c,2026-08-13T21:33:10,s2-w0-077,0.3595,true,0.0,1.7,
2,128,"{""cluster_shape_mnk"":[2,1,1],""epi_flag_batch"":[1,1],""flag_batch"":2,""group_hint"":128,""in_kernel_fc2_reduce"":false,""load_balance_mode"":""atomic_counter"",""mma_tiler_mnk"":[256,64,256],""non_ubulk_fc2_store"":true,""tail_fused_reduce"":true,""token_back_mode"":""epi_warps""}",view,false,0.342,true,OK,b0e67b5c,2026-08-13T21:33:12,s2-w0-078,0.342,true,0.0,1.5,
2,128,"{""cluster_shape_mnk"":[2,1,1],""epi_flag_batch"":[1,2],""flag_batch"":2,""group_hint"":128,""in_kernel_fc2_reduce"":false,""load_balance_mode"":""atomic_counter"",""mma_tiler_mnk"":[256,64,256],""non_ubulk_fc2_store"":true,""tail_fused_reduce"":true,""token_back_mode"":""epi_warps""}",view,false,0.3421,true,OK,b0e67b5c,2026-08-13T21:33:13,s2-w0-079,0.3421,true,0.0,1.5,
2,128,"{""cluster_shape_mnk"":[2,1,1],""epi_flag_batch"":[1,4],""flag_batch"":2,""group_hint"":128,""in_kernel_fc2_reduce"":false,""load_balance_mode"":""atomic_counter"",""mma_tiler_mnk"":[256,64,256],""non_ubulk_fc2_store"":true,""tail_fused_reduce"":true,""token_back_mode"":""epi_warps""}",view,false,0.34,true,OK,b0e67b5c,2026-08-13T21:33:15,s2-w0-080,0.34,true,0.0,1.5,
2,128,"{""cluster_shape_mnk"":[2,1,1],""epi_flag_batch"":[2,1],""flag_batch"":2,""group_hint"":128,""in_kernel_fc2_reduce"":false,""load_balance_mode"":""atomic_counter"",""mma_tiler_mnk"":[256,64,256],""non_ubulk_fc2_store"":true,""tail_fused_reduce"":true,""token_back_mode"":""epi_warps""}",view,false,0.3462,true,OK,b0e67b5c,2026-08-13T21:33:16,s2-w0-081,0.3462,true,0.0,1.5,
2,128,"{""cluster_shape_mnk"":[2,1,1],""epi_flag_batch"":[2,2],""flag_batch"":2,""group_hint"":128,""in_kernel_fc2_reduce"":false,""load_balance_mode"":""atomic_counter"",""mma_tiler_mnk"":[256,64,256],""non_ubulk_fc2_store"":true,""tail_fused_reduce"":true,""token_back_mode"":""epi_warps""}",view,false,0.3463,true,OK,b0e67b5c,2026-08-13T21:33:18,s2-w0-082,0.3463,true,0.0,1.5,
2,128,"{""cluster_shape_mnk"":[2,1,1],""epi_flag_batch"":[2,4],""flag_batch"":2,""group_hint"":128,""in_kernel_fc2_reduce"":false,""load_balance_mode"":""atomic_counter"",""mma_tiler_mnk"":[256,64,256],""non_ubulk_fc2_store"":true,""tail_fused_reduce"":true,""token_back_mode"":""epi_warps""}",view,false,0.3462,true,OK,b0e67b5c,2026-08-13T21:33:19,s2-w0-083,0.3462,true,0.0,1.5,
2,128,"{""cluster_shape_mnk"":[2,1,1],""epi_flag_batch"":[4,2],""flag_batch"":2,""group_hint"":128,""in_kernel_fc2_reduce"":false,""load_balance_mode"":""atomic_counter"",""mma_tiler_mnk"":[256,64,256],""non_ubulk_fc2_store"":true,""tail_fused_reduce"":true,""token_back_mode"":""epi_warps""}",view,false,0.3645,true,OK,b0e67b5c,2026-08-13T21:33:21,s2-w0-084,0.3645,true,0.0,1.5,
2,128,"{""cluster_shape_mnk"":[2,1,1],""epi_flag_batch"":[4,4],""flag_batch"":2,""group_hint"":128,""in_kernel_fc2_reduce"":false,""load_balance_mode"":""atomic_counter"",""mma_tiler_mnk"":[256,64,256],""non_ubulk_fc2_store"":true,""tail_fused_reduce"":true,""token_back_mode"":""epi_warps""}",view,false,0.3647,true,OK,b0e67b5c,2026-08-13T21:33:23,s2-w0-085,0.3647,true,0.0,1.7,
2,128,"{""cluster_shape_mnk"":[2,1,1],""epi_flag_batch"":[8,2],""flag_batch"":2,""group_hint"":128,""in_kernel_fc2_reduce"":false,""load_balance_mode"":""atomic_counter"",""mma_tiler_mnk"":[256,64,256],""non_ubulk_fc2_store"":true,""tail_fused_reduce"":true,""token_back_mode"":""epi_warps""}",view,false,0.3627,true,OK,b0e67b5c,2026-08-13T21:33:24,s2-w0-086,0.3627,true,0.0,1.5,
2,128,"{""cluster_shape_mnk"":[2,1,1],""epi_flag_batch"":[8,4],""flag_batch"":2,""group_hint"":128,""in_kernel_fc2_reduce"":false,""load_balance_mode"":""atomic_counter"",""mma_tiler_mnk"":[256,64,256],""non_ubulk_fc2_store"":true,""tail_fused_reduce"":true,""token_back_mode"":""epi_warps""}",view,false,0.3646,true,OK,b0e67b5c,2026-08-13T21:33:26,s2-w0-087,0.3646,true,0.0,1.5,
2,128,"{""cluster_shape_mnk"":[2,1,1],""epi_flag_batch"":[2,8],""flag_batch"":2,""group_hint"":128,""in_kernel_fc2_reduce"":false,""load_balance_mode"":""atomic_counter"",""mma_tiler_mnk"":[256,64,256],""non_ubulk_fc2_store"":true,""tail_fused_reduce"":true,""token_back_mode"":""epi_warps""}",view,false,0.3463,true,OK,b0e67b5c,2026-08-13T21:33:27,s2-w0-088,0.3463,true,0.0,1.5,
2,128,"{""cluster_shape_mnk"":[2,1,1],""epi_flag_batch"":[4,8],""flag_batch"":2,""group_hint"":128,""in_kernel_fc2_reduce"":false,""load_balance_mode"":""atomic_counter"",""mma_tiler_mnk"":[256,64,256],""non_ubulk_fc2_store"":true,""tail_fused_reduce"":true,""token_back_mode"":""epi_warps""}",view,false,0.3647,true,OK,b0e67b5c,2026-08-13T21:33:29,s2-w0-089,0.3647,true,0.0,1.7,
2,128,"{""cluster_shape_mnk"":[2,1,1],""epi_flag_batch"":[16,16],""flag_batch"":2,""group_hint"":128,""in_kernel_fc2_reduce"":false,""load_balance_mode"":""atomic_counter"",""mma_tiler_mnk"":[256,64,256],""non_ubulk_fc2_store"":true,""tail_fused_reduce"":true,""token_back_mode"":""epi_warps""}",view,false,0.3645,true,OK,b0e67b5c,2026-08-13T21:34:55,s2-w0-090,0.3645,true,0.0,1.9,
2,128,"{""cluster_shape_mnk"":[2,1,1],""epi_flag_batch"":[1,1],""flag_batch"":4,""group_hint"":128,""in_kernel_fc2_reduce"":false,""load_balance_mode"":""atomic_counter"",""mma_tiler_mnk"":[256,64,256],""non_ubulk_fc2_store"":true,""tail_fused_reduce"":true,""token_back_mode"":""epi_warps""}",view,false,0.342,true,OK,b0e67b5c,2026-08-13T21:34:57,s2-w0-091,0.342,true,0.0,1.8,
2,128,"{""cluster_shape_mnk"":[2,1,1],""epi_flag_batch"":[1,2],""flag_batch"":4,""group_hint"":128,""in_kernel_fc2_reduce"":false,""load_balance_mode"":""atomic_counter"",""mma_tiler_mnk"":[256,64,256],""non_ubulk_fc2_store"":true,""tail_fused_reduce"":true,""token_back_mode"":""epi_warps""}",view,false,0.3421,true,OK,b0e67b5c,2026-08-13T21:34:59,s2-w0-092,0.3421,true,0.0,1.9,
2,128,"{""cluster_shape_mnk"":[2,1,1],""epi_flag_batch"":[1,4],""flag_batch"":4,""group_hint"":128,""in_kernel_fc2_reduce"":false,""load_balance_mode"":""atomic_counter"",""mma_tiler_mnk"":[256,64,256],""non_ubulk_fc2_store"":true,""tail_fused_reduce"":true,""token_back_mode"":""epi_warps""}",view,false,0.3412,true,OK,b0e67b5c,2026-08-13T21:35:01,s2-w0-093,0.3412,true,0.0,2.0,
2,128,"{""cluster_shape_mnk"":[2,1,1],""epi_flag_batch"":[2,1],""flag_batch"":4,""group_hint"":128,""in_kernel_fc2_reduce"":false,""load_balance_mode"":""atomic_counter"",""mma_tiler_mnk"":[256,64,256],""non_ubulk_fc2_store"":true,""tail_fused_reduce"":true,""token_back_mode"":""epi_warps""}",view,false,0.3463,true,OK,b0e67b5c,2026-08-13T21:35:03,s2-w0-094,0.3463,true,0.0,2.0,
2,128,"{""cluster_shape_mnk"":[2,1,1],""epi_flag_batch"":[2,2],""flag_batch"":4,""group_hint"":128,""in_kernel_fc2_reduce"":false,""load_balance_mode"":""atomic_counter"",""mma_tiler_mnk"":[256,64,256],""non_ubulk_fc2_store"":true,""tail_fused_reduce"":true,""token_back_mode"":""epi_warps""}",view,false,0.3482,true,OK,b0e67b5c,2026-08-13T21:35:05,s2-w0-095,0.3482,true,0.0,2.0,
2,128,"{""cluster_shape_mnk"":[2,1,1],""epi_flag_batch"":[2,4],""flag_batch"":4,""group_hint"":128,""in_kernel_fc2_reduce"":false,""load_balance_mode"":""atomic_counter"",""mma_tiler_mnk"":[256,64,256],""non_ubulk_fc2_store"":true,""tail_fused_reduce"":true,""token_back_mode"":""epi_warps""}",view,false,0.3482,true,OK,b0e67b5c,2026-08-13T21:35:07,s2-w0-096,0.3482,true,0.0,2.0,
2,128,"{""cluster_shape_mnk"":[2,1,1],""epi_flag_batch"":[4,2],""flag_batch"":4,""group_hint"":128,""in_kernel_fc2_reduce"":false,""load_balance_mode"":""atomic_counter"",""mma_tiler_mnk"":[256,64,256],""non_ubulk_fc2_store"":true,""tail_fused_reduce"":true,""token_back_mode"":""epi_warps""}",view,false,0.3666,true,OK,b0e67b5c,2026-08-13T21:35:09,s2-w0-097,0.3666,true,0.0,2.0,
2,128,"{""cluster_shape_mnk"":[2,1,1],""epi_flag_batch"":[4,4],""flag_batch"":4,""group_hint"":128,""in_kernel_fc2_reduce"":false,""load_balance_mode"":""atomic_counter"",""mma_tiler_mnk"":[256,64,256],""non_ubulk_fc2_store"":true,""tail_fused_reduce"":true,""token_back_mode"":""epi_warps""}",view,false,0.3647,true,OK,b0e67b5c,2026-08-13T21:35:11,s2-w0-098,0.3647,true,0.0,1.6,
2,128,"{""cluster_shape_mnk"":[2,1,1],""epi_flag_batch"":[8,2],""flag_batch"":4,""group_hint"":128,""in_kernel_fc2_reduce"":false,""load_balance_mode"":""atomic_counter"",""mma_tiler_mnk"":[256,64,256],""non_ubulk_fc2_store"":true,""tail_fused_reduce"":true,""token_back_mode"":""epi_warps""}",view,false,0.3656,true,OK,b0e67b5c,2026-08-13T21:35:12,s2-w0-099,0.3656,true,0.0,1.7,
2,128,"{""cluster_shape_mnk"":[2,1,1],""epi_flag_batch"":[8,4],""flag_batch"":4,""group_hint"":128,""in_kernel_fc2_reduce"":false,""load_balance_mode"":""atomic_counter"",""mma_tiler_mnk"":[256,64,256],""non_ubulk_fc2_store"":true,""tail_fused_reduce"":true,""token_back_mode"":""epi_warps""}",view,false,0.3656,true,OK,b0e67b5c,2026-08-13T21:35:14,s2-w0-100,0.3656,true,0.0,1.5,
2,128,"{""cluster_shape_mnk"":[2,1,1],""epi_flag_batch"":[2,8],""flag_batch"":4,""group_hint"":128,""in_kernel_fc2_reduce"":false,""load_balance_mode"":""atomic_counter"",""mma_tiler_mnk"":[256,64,256],""non_ubulk_fc2_store"":true,""tail_fused_reduce"":true,""token_back_mode"":""epi_warps""}",view,false,0.3483,true,OK,b0e67b5c,2026-08-13T21:35:15,s2-w0-101,0.3483,true,0.0,1.5,
2,128,"{""cluster_shape_mnk"":[2,1,1],""epi_flag_batch"":[4,8],""flag_batch"":4,""group_hint"":128,""in_kernel_fc2_reduce"":false,""load_balance_mode"":""atomic_counter"",""mma_tiler_mnk"":[256,64,256],""non_ubulk_fc2_store"":true,""tail_fused_reduce"":true,""token_back_mode"":""epi_warps""}",view,false,0.3647,true,OK,b0e67b5c,2026-08-13T21:35:17,s2-w0-102,0.3647,true,0.0,1.5,
2,128,"{""cluster_shape_mnk"":[2,1,1],""epi_flag_batch"":[16,16],""flag_batch"":4,""group_hint"":128,""in_kernel_fc2_reduce"":false,""load_balance_mode"":""atomic_counter"",""mma_tiler_mnk"":[256,64,256],""non_ubulk_fc2_store"":true,""tail_fused_reduce"":true,""token_back_mode"":""epi_warps""}",view,false,0.3647,true,OK,b0e67b5c,2026-08-13T21:35:19,s2-w0-103,0.3647,true,0.0,1.6,
2,128,"{""cluster_shape_mnk"":[2,1,1],""epi_flag_batch"":[1,1],""flag_batch"":8,""group_hint"":128,""in_kernel_fc2_reduce"":false,""load_balance_mode"":""atomic_counter"",""mma_tiler_mnk"":[256,64,256],""non_ubulk_fc2_store"":true,""tail_fused_reduce"":true,""token_back_mode"":""epi_warps""}",view,false,0.3421,true,OK,b0e67b5c,2026-08-13T21:35:20,s2-w0-104,0.3421,true,0.0,1.8,
2,128,"{""cluster_shape_mnk"":[2,1,1],""epi_flag_batch"":[1,2],""flag_batch"":8,""group_hint"":128,""in_kernel_fc2_reduce"":false,""load_balance_mode"":""atomic_counter"",""mma_tiler_mnk"":[256,64,256],""non_ubulk_fc2_store"":true,""tail_fused_reduce"":true,""token_back_mode"":""epi_warps""}",view,false,0.3401,true,OK,b0e67b5c,2026-08-13T21:35:22,s2-w0-105,0.3401,true,0.0,1.7,
2,128,"{""cluster_shape_mnk"":[2,1,1],""epi_flag_batch"":[1,4],""flag_batch"":8,""group_hint"":128,""in_kernel_fc2_reduce"":false,""load_balance_mode"":""atomic_counter"",""mma_tiler_mnk"":[256,64,256],""non_ubulk_fc2_store"":true,""tail_fused_reduce"":true,""token_back_mode"":""epi_warps""}",view,false,0.3401,true,OK,b0e67b5c,2026-08-13T21:35:24,s2-w0-106,0.3401,true,0.0,1.5,
2,128,"{""cluster_shape_mnk"":[2,1,1],""epi_flag_batch"":[2,1],""flag_batch"":8,""group_hint"":128,""in_kernel_fc2_reduce"":false,""load_balance_mode"":""atomic_counter"",""mma_tiler_mnk"":[256,64,256],""non_ubulk_fc2_store"":true,""tail_fused_reduce"":true,""token_back_mode"":""epi_warps""}",view,false,0.3463,true,OK,b0e67b5c,2026-08-13T21:35:25,s2-w0-107,0.3463,true,0.0,1.7,
2,128,"{""cluster_shape_mnk"":[2,1,1],""epi_flag_batch"":[2,2],""flag_batch"":8,""group_hint"":128,""in_kernel_fc2_reduce"":false,""load_balance_mode"":""atomic_counter"",""mma_tiler_mnk"":[256,64,256],""non_ubulk_fc2_store"":true,""tail_fused_reduce"":true,""token_back_mode"":""epi_warps""}",view,false,0.3463,true,OK,b0e67b5c,2026-08-13T21:35:27,s2-w0-108,0.3463,true,0.0,1.5,
2,128,"{""cluster_shape_mnk"":[2,1,1],""epi_flag_batch"":[2,4],""flag_batch"":8,""group_hint"":128,""in_kernel_fc2_reduce"":false,""load_balance_mode"":""atomic_counter"",""mma_tiler_mnk"":[256,64,256],""non_ubulk_fc2_store"":true,""tail_fused_reduce"":true,""token_back_mode"":""epi_warps""}",view,false,0.3482,true,OK,b0e67b5c,2026-08-13T21:35:29,s2-w0-109,0.3482,true,0.0,1.5,
2,128,"{""cluster_shape_mnk"":[2,1,1],""epi_flag_batch"":[4,2],""flag_batch"":8,""group_hint"":128,""in_kernel_fc2_reduce"":false,""load_balance_mode"":""atomic_counter"",""mma_tiler_mnk"":[256,64,256],""non_ubulk_fc2_store"":true,""tail_fused_reduce"":true,""token_back_mode"":""epi_warps""}",view,false,0.3646,true,OK,b0e67b5c,2026-08-13T21:35:30,s2-w0-110,0.3646,true,0.0,1.5,
2,128,"{""cluster_shape_mnk"":[2,1,1],""epi_flag_batch"":[4,4],""flag_batch"":8,""group_hint"":128,""in_kernel_fc2_reduce"":false,""load_balance_mode"":""atomic_counter"",""mma_tiler_mnk"":[256,64,256],""non_ubulk_fc2_store"":true,""tail_fused_reduce"":true,""token_back_mode"":""epi_warps""}",view,false,0.3647,true,OK,b0e67b5c,2026-08-13T21:35:32,s2-w0-111,0.3647,true,0.0,1.6,
2,128,"{""cluster_shape_mnk"":[2,1,1],""epi_flag_batch"":[8,2],""flag_batch"":8,""group_hint"":128,""in_kernel_fc2_reduce"":false,""load_balance_mode"":""atomic_counter"",""mma_tiler_mnk"":[256,64,256],""non_ubulk_fc2_store"":true,""tail_fused_reduce"":true,""token_back_mode"":""epi_warps""}",view,false,0.3655,true,OK,b0e67b5c,2026-08-13T21:35:33,s2-w0-112,0.3655,true,0.0,1.5,
2,128,"{""cluster_shape_mnk"":[2,1,1],""epi_flag_batch"":[8,4],""flag_batch"":8,""group_hint"":128,""in_kernel_fc2_reduce"":false,""load_balance_mode"":""atomic_counter"",""mma_tiler_mnk"":[256,64,256],""non_ubulk_fc2_store"":true,""tail_fused_reduce"":true,""token_back_mode"":""epi_warps""}",view,false,0.3656,true,OK,b0e67b5c,2026-08-13T21:35:35,s2-w0-113,0.3656,true,0.0,1.6,
2,128,"{""cluster_shape_mnk"":[2,1,1],""epi_flag_batch"":[2,8],""flag_batch"":8,""group_hint"":128,""in_kernel_fc2_reduce"":false,""load_balance_mode"":""atomic_counter"",""mma_tiler_mnk"":[256,64,256],""non_ubulk_fc2_store"":true,""tail_fused_reduce"":true,""token_back_mode"":""epi_warps""}",view,false,0.3482,true,OK,b0e67b5c,2026-08-13T21:35:37,s2-w0-114,0.3482,true,0.0,1.8,
2,128,"{""cluster_shape_mnk"":[2,1,1],""epi_flag_batch"":[4,8],""flag_batch"":8,""group_hint"":128,""in_kernel_fc2_reduce"":false,""load_balance_mode"":""atomic_counter"",""mma_tiler_mnk"":[256,64,256],""non_ubulk_fc2_store"":true,""tail_fused_reduce"":true,""token_back_mode"":""epi_warps""}",view,false,0.3666,true,OK,b0e67b5c,2026-08-13T21:35:38,s2-w0-115,0.3666,true,0.0,1.7,
2,128,"{""cluster_shape_mnk"":[2,1,1],""epi_flag_batch"":[16,16],""flag_batch"":8,""group_hint"":128,""in_kernel_fc2_reduce"":false,""load_balance_mode"":""atomic_counter"",""mma_tiler_mnk"":[256,64,256],""non_ubulk_fc2_store"":true,""tail_fused_reduce"":true,""token_back_mode"":""epi_warps""}",view,false,0.3647,true,OK,b0e67b5c,2026-08-13T21:35:40,s2-w0-116,0.3647,true,0.0,1.5,
2,128,"{""cluster_shape_mnk"":[2,1,1],""epi_flag_batch"":[1,1],""flag_batch"":16,""group_hint"":128,""in_kernel_fc2_reduce"":false,""load_balance_mode"":""atomic_counter"",""mma_tiler_mnk"":[256,64,256],""non_ubulk_fc2_store"":true,""tail_fused_reduce"":true,""token_back_mode"":""epi_warps""}",view,false,0.3422,true,OK,b0e67b5c,2026-08-13T21:35:42,s2-w0-117,0.3422,true,0.0,1.5,
2,128,"{""cluster_shape_mnk"":[2,1,1],""epi_flag_batch"":[1,2],""flag_batch"":16,""group_hint"":128,""in_kernel_fc2_reduce"":false,""load_balance_mode"":""atomic_counter"",""mma_tiler_mnk"":[256,64,256],""non_ubulk_fc2_store"":true,""tail_fused_reduce"":true,""token_back_mode"":""epi_warps""}",view,false,0.34,true,OK,b0e67b5c,2026-08-13T21:35:43,s2-w0-118,0.34,true,0.0,1.6,
2,128,"{""cluster_shape_mnk"":[2,1,1],""epi_flag_batch"":[1,4],""flag_batch"":16,""group_hint"":128,""in_kernel_fc2_reduce"":false,""load_balance_mode"":""atomic_counter"",""mma_tiler_mnk"":[256,64,256],""non_ubulk_fc2_store"":true,""tail_fused_reduce"":true,""token_back_mode"":""epi_warps""}",view,false,0.3421,true,OK,b0e67b5c,2026-08-13T21:35:45,s2-w0-119,0.3421,true,0.0,1.9,
2,128,"{""cluster_shape_mnk"":[2,1,1],""epi_flag_batch"":[1,1],""flag_batch"":1,""group_hint"":64,""in_kernel_fc2_reduce"":false,""load_balance_mode"":""atomic_counter"",""mma_tiler_mnk"":[256,64,256],""non_ubulk_fc2_store"":true,""tail_fused_reduce"":true,""token_back_mode"":""epi_warps""}",view,false,0.3862,true,OK,b0e67b5c,2026-08-13T22:24:24,s2-w0-000,0.3862,true,0.0,2.3,
2,128,"{""cluster_shape_mnk"":[2,1,1],""epi_flag_batch"":[1,2],""flag_batch"":1,""group_hint"":64,""in_kernel_fc2_reduce"":false,""load_balance_mode"":""atomic_counter"",""mma_tiler_mnk"":[256,64,256],""non_ubulk_fc2_store"":true,""tail_fused_reduce"":true,""token_back_mode"":""epi_warps""}",view,false,0.3891,true,OK,b0e67b5c,2026-08-13T22:24:26,s2-w0-001,0.3891,true,0.0,2.2,
2,128,"{""cluster_shape_mnk"":[2,1,1],""epi_flag_batch"":[1,4],""flag_batch"":1,""group_hint"":64,""in_kernel_fc2_reduce"":false,""load_balance_mode"":""atomic_counter"",""mma_tiler_mnk"":[256,64,256],""non_ubulk_fc2_store"":true,""tail_fused_reduce"":true,""token_back_mode"":""epi_warps""}",view,false,0.3873,true,OK,b0e67b5c,2026-08-13T22:24:28,s2-w0-002,0.3873,true,0.0,1.9,
2,128,"{""cluster_shape_mnk"":[2,1,1],""epi_flag_batch"":[2,1],""flag_batch"":1,""group_hint"":64,""in_kernel_fc2_reduce"":false,""load_balance_mode"":""atomic_counter"",""mma_tiler_mnk"":[256,64,256],""non_ubulk_fc2_store"":true,""tail_fused_reduce"":true,""token_back_mode"":""epi_warps""}",view,false,0.4218,true,OK,b0e67b5c,2026-08-13T22:24:30,s2-w0-003,0.4218,true,0.0,1.9,
2,128,"{""cluster_shape_mnk"":[2,1,1],""epi_flag_batch"":[2,2],""flag_batch"":1,""group_hint"":64,""in_kernel_fc2_reduce"":false,""load_balance_mode"":""atomic_counter"",""mma_tiler_mnk"":[256,64,256],""non_ubulk_fc2_store"":true,""tail_fused_reduce"":true,""token_back_mode"":""epi_warps""}",view,false,0.4199,true,OK,b0e67b5c,2026-08-13T22:24:32,s2-w0-004,0.4199,true,0.0,1.9,
2,128,"{""cluster_shape_mnk"":[2,1,1],""epi_flag_batch"":[2,4],""flag_batch"":1,""group_hint"":64,""in_kernel_fc2_reduce"":false,""load_balance_mode"":""atomic_counter"",""mma_tiler_mnk"":[256,64,256],""non_ubulk_fc2_store"":true,""tail_fused_reduce"":true,""token_back_mode"":""epi_warps""}",view,false,0.42,true,OK,b0e67b5c,2026-08-13T22:24:34,s2-w0-005,0.42,true,0.0,1.5,
2,128,"{""cluster_shape_mnk"":[2,1,1],""epi_flag_batch"":[4,2],""flag_batch"":1,""group_hint"":64,""in_kernel_fc2_reduce"":false,""load_balance_mode"":""atomic_counter"",""mma_tiler_mnk"":[256,64,256],""non_ubulk_fc2_store"":true,""tail_fused_reduce"":true,""token_back_mode"":""epi_warps""}",view,false,0.459,true,OK,b0e67b5c,2026-08-13T22:24:35,s2-w0-006,0.459,true,0.0,1.5,
2,128,"{""cluster_shape_mnk"":[2,1,1],""epi_flag_batch"":[4,4],""flag_batch"":1,""group_hint"":64,""in_kernel_fc2_reduce"":false,""load_balance_mode"":""atomic_counter"",""mma_tiler_mnk"":[256,64,256],""non_ubulk_fc2_store"":true,""tail_fused_reduce"":true,""token_back_mode"":""epi_warps""}",view,false,0.4609,true,OK,b0e67b5c,2026-08-13T22:24:37,s2-w0-007,0.4609,true,0.0,1.5,
2,128,"{""cluster_shape_mnk"":[2,1,1],""epi_flag_batch"":[8,2],""flag_batch"":1,""group_hint"":64,""in_kernel_fc2_reduce"":false,""load_balance_mode"":""atomic_counter"",""mma_tiler_mnk"":[256,64,256],""non_ubulk_fc2_store"":true,""tail_fused_reduce"":true,""token_back_mode"":""epi_warps""}",view,false,0.5141,true,OK,b0e67b5c,2026-08-13T22:24:38,s2-w0-008,0.5141,true,0.0,1.5,
2,128,"{""cluster_shape_mnk"":[2,1,1],""epi_flag_batch"":[8,4],""flag_batch"":1,""group_hint"":64,""in_kernel_fc2_reduce"":false,""load_balance_mode"":""atomic_counter"",""mma_tiler_mnk"":[256,64,256],""non_ubulk_fc2_store"":true,""tail_fused_reduce"":true,""token_back_mode"":""epi_warps""}",view,false,0.5132,true,OK,b0e67b5c,2026-08-13T22:24:40,s2-w0-009,0.5132,true,0.0,1.7,
2,128,"{""cluster_shape_mnk"":[2,1,1],""epi_flag_batch"":[2,8],""flag_batch"":1,""group_hint"":64,""in_kernel_fc2_reduce"":false,""load_balance_mode"":""atomic_counter"",""mma_tiler_mnk"":[256,64,256],""non_ubulk_fc2_store"":true,""tail_fused_reduce"":true,""token_back_mode"":""epi_warps""}",view,false,0.4198,true,OK,b0e67b5c,2026-08-13T22:24:42,s2-w0-010,0.4198,true,0.0,1.5,
2,128,"{""cluster_shape_mnk"":[2,1,1],""epi_flag_batch"":[4,8],""flag_batch"":1,""group_hint"":64,""in_kernel_fc2_reduce"":false,""load_balance_mode"":""atomic_counter"",""mma_tiler_mnk"":[256,64,256],""non_ubulk_fc2_store"":true,""tail_fused_reduce"":true,""token_back_mode"":""epi_warps""}",view,false,0.4599,true,OK,b0e67b5c,2026-08-13T22:24:43,s2-w0-011,0.4599,true,0.0,1.5,
2,128,"{""cluster_shape_mnk"":[2,1,1],""epi_flag_batch"":[16,16],""flag_batch"":1,""group_hint"":64,""in_kernel_fc2_reduce"":false,""load_balance_mode"":""atomic_counter"",""mma_tiler_mnk"":[256,64,256],""non_ubulk_fc2_store"":true,""tail_fused_reduce"":true,""token_back_mode"":""epi_warps""}",view,false,0.5367,true,OK,b0e67b5c,2026-08-13T22:24:45,s2-w0-012,0.5367,true,0.0,2.1,
2,128,"{""cluster_shape_mnk"":[2,1,1],""epi_flag_batch"":[1,1],""flag_batch"":2,""group_hint"":64,""in_kernel_fc2_reduce"":false,""load_balance_mode"":""atomic_counter"",""mma_tiler_mnk"":[256,64,256],""non_ubulk_fc2_store"":true,""tail_fused_reduce"":true,""token_back_mode"":""epi_warps""}",view,false,0.3932,true,OK,b0e67b5c,2026-08-13T22:24:47,s2-w0-013,0.3932,true,0.0,1.5,
2,128,"{""cluster_shape_mnk"":[2,1,1],""epi_flag_batch"":[1,2],""flag_batch"":2,""group_hint"":64,""in_kernel_fc2_reduce"":false,""load_balance_mode"":""atomic_counter"",""mma_tiler_mnk"":[256,64,256],""non_ubulk_fc2_store"":true,""tail_fused_reduce"":true,""token_back_mode"":""epi_warps""}",view,false,0.3912,true,OK,b0e67b5c,2026-08-13T22:24:48,s2-w0-014,0.3912,true,0.0,1.5,
2,128,"{""cluster_shape_mnk"":[2,1,1],""epi_flag_batch"":[1,4],""flag_batch"":2,""group_hint"":64,""in_kernel_fc2_reduce"":false,""load_balance_mode"":""atomic_counter"",""mma_tiler_mnk"":[256,64,256],""non_ubulk_fc2_store"":true,""tail_fused_reduce"":true,""token_back_mode"":""epi_warps""}",view,false,0.3913,true,OK,b0e67b5c,2026-08-13T22:24:50,s2-w0-015,0.3913,true,0.0,1.5,
2,128,"{""cluster_shape_mnk"":[2,1,1],""epi_flag_batch"":[2,1],""flag_batch"":2,""group_hint"":64,""in_kernel_fc2_reduce"":false,""load_balance_mode"":""atomic_counter"",""mma_tiler_mnk"":[256,64,256],""non_ubulk_fc2_store"":true,""tail_fused_reduce"":true,""token_back_mode"":""epi_warps""}",view,false,0.424,true,OK,b0e67b5c,2026-08-13T22:24:51,s2-w0-016,0.424,true,0.0,1.5,
2,128,"{""cluster_shape_mnk"":[2,1,1],""epi_flag_batch"":[2,2],""flag_batch"":2,""group_hint"":64,""in_kernel_fc2_reduce"":false,""load_balance_mode"":""atomic_counter"",""mma_tiler_mnk"":[256,64,256],""non_ubulk_fc2_store"":true,""tail_fused_reduce"":true,""token_back_mode"":""epi_warps""}",view,false,0.4241,true,OK,b0e67b5c,2026-08-13T22:24:53,s2-w0-017,0.4241,true,0.0,1.7,
2,128,"{""cluster_shape_mnk"":[2,1,1],""epi_flag_batch"":[2,4],""flag_batch"":2,""group_hint"":64,""in_kernel_fc2_reduce"":false,""load_balance_mode"":""atomic_counter"",""mma_tiler_mnk"":[256,64,256],""non_ubulk_fc2_store"":true,""tail_fused_reduce"":true,""token_back_mode"":""epi_warps""}",view,false,0.424,true,OK,b0e67b5c,2026-08-13T22:24:55,s2-w0-018,0.424,true,0.0,1.5,
2,128,"{""cluster_shape_mnk"":[2,1,1],""epi_flag_batch"":[4,2],""flag_batch"":2,""group_hint"":64,""in_kernel_fc2_reduce"":false,""load_balance_mode"":""atomic_counter"",""mma_tiler_mnk"":[256,64,256],""non_ubulk_fc2_store"":true,""tail_fused_reduce"":true,""token_back_mode"":""epi_warps""}",view,false,0.467,true,OK,b0e67b5c,2026-08-13T22:24:56,s2-w0-019,0.467,true,0.0,1.5,
2,128,"{""cluster_shape_mnk"":[2,1,1],""epi_flag_batch"":[4,4],""flag_batch"":2,""group_hint"":64,""in_kernel_fc2_reduce"":false,""load_balance_mode"":""atomic_counter"",""mma_tiler_mnk"":[256,64,256],""non_ubulk_fc2_store"":true,""tail_fused_reduce"":true,""token_back_mode"":""epi_warps""}",view,false,0.4671,true,OK,b0e67b5c,2026-08-13T22:24:58,s2-w0-020,0.4671,true,0.0,1.5,
2,128,"{""cluster_shape_mnk"":[2,1,1],""epi_flag_batch"":[8,2],""flag_batch"":2,""group_hint"":64,""in_kernel_fc2_reduce"":false,""load_balance_mode"":""atomic_counter"",""mma_tiler_mnk"":[256,64,256],""non_ubulk_fc2_store"":true,""tail_fused_reduce"":true,""token_back_mode"":""epi_warps""}",view,false,0.5141,true,OK,b0e67b5c,2026-08-13T22:24:59,s2-w0-021,0.5141,true,0.0,1.5,
2,128,"{""cluster_shape_mnk"":[2,1,1],""epi_flag_batch"":[8,4],""flag_batch"":2,""group_hint"":64,""in_kernel_fc2_reduce"":false,""load_balance_mode"":""atomic_counter"",""mma_tiler_mnk"":[256,64,256],""non_ubulk_fc2_store"":true,""tail_fused_reduce"":true,""token_back_mode"":""epi_warps""}",view,false,0.5173,true,OK,b0e67b5c,2026-08-13T22:25:01,s2-w0-022,0.5173,true,0.0,1.5,
2,128,"{""cluster_shape_mnk"":[2,1,1],""epi_flag_batch"":[2,8],""flag_batch"":2,""group_hint"":64,""in_kernel_fc2_reduce"":false,""load_balance_mode"":""atomic_counter"",""mma_tiler_mnk"":[256,64,256],""non_ubulk_fc2_store"":true,""tail_fused_reduce"":true,""token_back_mode"":""epi_warps""}",view,false,0.427,true,OK,b0e67b5c,2026-08-13T22:25:02,s2-w0-023,0.427,true,0.0,1.5,
2,128,"{""cluster_shape_mnk"":[2,1,1],""epi_flag_batch"":[4,8],""flag_batch"":2,""group_hint"":64,""in_kernel_fc2_reduce"":false,""load_balance_mode"":""atomic_counter"",""mma_tiler_mnk"":[256,64,256],""non_ubulk_fc2_store"":true,""tail_fused_reduce"":true,""token_back_mode"":""epi_warps""}",view,false,0.4672,true,OK,b0e67b5c,2026-08-13T22:25:04,s2-w0-024,0.4672,true,0.0,1.5,
2,128,"{""cluster_shape_mnk"":[2,1,1],""epi_flag_batch"":[16,16],""flag_batch"":2,""group_hint"":64,""in_kernel_fc2_reduce"":false,""load_balance_mode"":""atomic_counter"",""mma_tiler_mnk"":[256,64,256],""non_ubulk_fc2_store"":true,""tail_fused_reduce"":true,""token_back_mode"":""epi_warps""}",view,false,0.5448,true,OK,b0e67b5c,2026-08-13T22:25:06,s2-w0-025,0.5448,true,0.0,1.7,
2,128,"{""cluster_shape_mnk"":[2,1,1],""epi_flag_batch"":[1,1],""flag_batch"":4,""group_hint"":64,""in_kernel_fc2_reduce"":false,""load_balance_mode"":""atomic_counter"",""mma_tiler_mnk"":[256,64,256],""non_ubulk_fc2_store"":true,""tail_fused_reduce"":true,""token_back_mode"":""epi_warps""}",view,false,0.3932,true,OK,b0e67b5c,2026-08-13T22:25:07,s2-w0-026,0.3932,true,0.0,1.5,
2,128,"{""cluster_shape_mnk"":[2,1,1],""epi_flag_batch"":[1,2],""flag_batch"":4,""group_hint"":64,""in_kernel_fc2_reduce"":false,""load_balance_mode"":""atomic_counter"",""mma_tiler_mnk"":[256,64,256],""non_ubulk_fc2_store"":true,""tail_fused_reduce"":true,""token_back_mode"":""epi_warps""}",view,false,0.3912,true,OK,b0e67b5c,2026-08-13T22:25:09,s2-w0-027,0.3912,true,0.0,1.5,
2,128,"{""cluster_shape_mnk"":[2,1,1],""epi_flag_batch"":[1,4],""flag_batch"":4,""group_hint"":64,""in_kernel_fc2_reduce"":false,""load_balance_mode"":""atomic_counter"",""mma_tiler_mnk"":[256,64,256],""non_ubulk_fc2_store"":true,""tail_fused_reduce"":true,""token_back_mode"":""epi_warps""}",view,false,0.3913,true,OK,b0e67b5c,2026-08-13T22:25:10,s2-w0-028,0.3913,true,0.0,1.5,
2,128,"{""cluster_shape_mnk"":[2,1,1],""epi_flag_batch"":[2,1],""flag_batch"":4,""group_hint"":64,""in_kernel_fc2_reduce"":false,""load_balance_mode"":""atomic_counter"",""mma_tiler_mnk"":[256,64,256],""non_ubulk_fc2_store"":true,""tail_fused_reduce"":true,""token_back_mode"":""epi_warps""}",view,false,0.4261,true,OK,b0e67b5c,2026-08-13T22:25:12,s2-w0-029,0.4261,true,0.0,1.5,
